date,stock_code,stock_name,market,open,high,low,close,volume
2025-12-05,688795,摩尔线程,SH,650.0,688.0,556.0,600.5,25120082.0
2025-12-08,688795,摩尔线程,SH,579.75,611.0,561.0,594.25,10274344.0
2025-12-09,688795,摩尔线程,SH,579.85,628.86,576.6,628.31,9026828.0
2025-12-10,688795,摩尔线程,SH,620.08,797.97,617.01,735.0,15258508.0
2025-12-11,688795,摩尔线程,SH,729.0,941.08,701.33,941.08,15113340.0
2025-12-12,688795,摩尔线程,SH,879.0,915.0,758.0,814.88,12418081.0
2025-12-15,688795,摩尔线程,SH,761.0,806.0,750.0,764.9,8414456.0
2025-12-16,688795,摩尔线程,SH,761.2,770.0,707.12,710.39,7520992.0
2025-12-17,688795,摩尔线程,SH,702.0,725.99,691.0,714.8,6573705.0
2025-12-18,688795,摩尔线程,SH,700.0,734.99,691.0,705.71,4889770.0
2025-12-19,688795,摩尔线程,SH,710.0,710.98,662.0,664.1,5872093.0
2025-12-22,688795,摩尔线程,SH,671.0,692.0,666.67,673.0,4545413.0
2025-12-23,688795,摩尔线程,SH,665.0,685.0,661.0,676.8,3874897.0
2025-12-24,688795,摩尔线程,SH,670.0,672.98,628.31,634.01,5716285.0
2025-12-25,688795,摩尔线程,SH,630.02,647.1,623.45,628.86,4480407.0
2025-12-26,688795,摩尔线程,SH,618.96,626.18,603.9,617.3,3839991.0
2025-12-29,688795,摩尔线程,SH,611.0,626.66,611.0,615.02,2945785.0
2025-12-30,688795,摩尔线程,SH,614.97,625.0,601.5,609.21,3377887.0
2025-12-31,688795,摩尔线程,SH,605.0,609.98,585.01,587.9,3595231.0
2026-01-05,688795,摩尔线程,SH,584.5,619.79,583.51,619.65,5101965.0
2026-01-06,688795,摩尔线程,SH,620.0,636.5,611.3,614.0,4418122.0
2026-01-07,688795,摩尔线程,SH,609.02,628.6,608.08,617.54,3394912.0
2026-01-08,688795,摩尔线程,SH,614.55,679.0,614.55,674.02,7156738.0
2026-01-09,688795,摩尔线程,SH,660.0,668.68,646.0,664.25,4583933.0
2026-01-12,688795,摩尔线程,SH,658.0,663.0,641.77,648.59,3796383.0
2026-01-13,688795,摩尔线程,SH,655.0,688.0,645.2,650.15,4210385.0
2026-01-14,688795,摩尔线程,SH,644.99,656.88,633.8,648.0,3526858.0
2026-01-15,688795,摩尔线程,SH,640.05,647.0,622.0,635.74,2810632.0
2026-01-16,688795,摩尔线程,SH,636.9,649.9,634.62,646.76,2723169.0
2026-01-19,688795,摩尔线程,SH,645.0,649.83,632.5,633.3,2341802.0
2026-01-20,688795,摩尔线程,SH,633.26,633.26,610.08,615.21,2379999.0
2026-01-21,688795,摩尔线程,SH,611.2,640.0,609.5,627.3,2661282.0
2026-01-22,688795,摩尔线程,SH,635.0,655.77,623.13,628.6,2533411.0
2026-01-23,688795,摩尔线程,SH,623.9,625.6,616.08,618.53,1889522.0
2026-01-26,688795,摩尔线程,SH,617.0,617.0,597.7,603.01,2095886.0
2026-01-27,688795,摩尔线程,SH,598.1,609.65,595.0,605.42,1696807.0
2026-01-28,688795,摩尔线程,SH,605.42,616.8,600.4,602.88,1570909.0
2026-01-29,688795,摩尔线程,SH,602.95,602.98,590.0,590.08,1849733.0
2026-01-30,688795,摩尔线程,SH,588.01,595.42,581.11,590.01,1465287.0
2026-02-02,688795,摩尔线程,SH,581.02,588.0,568.55,570.0,1948393.0
2026-02-03,688795,摩尔线程,SH,571.55,575.0,536.2,554.92,2725457.0
2026-02-04,688795,摩尔线程,SH,548.99,553.09,538.35,543.87,1432387.0
2026-02-05,688795,摩尔线程,SH,538.0,543.0,530.0,534.58,1277922.0
2026-02-06,688795,摩尔线程,SH,530.0,542.69,523.01,536.99,1643157.0
2026-02-09,688795,摩尔线程,SH,548.0,570.0,543.11,564.88,2533358.0
2026-02-10,688795,摩尔线程,SH,560.01,587.0,559.44,573.0,2436287.0
2026-02-11,688795,摩尔线程,SH,568.0,568.0,555.13,564.0,1425377.0
2026-02-12,688795,摩尔线程,SH,563.9,586.67,560.22,581.8,2153962.0
2026-02-13,688795,摩尔线程,SH,578.25,587.98,573.61,575.5,1381600.0
2026-02-24,688795,摩尔线程,SH,586.0,596.0,574.0,591.38,2064006.0
2026-02-25,688795,摩尔线程,SH,589.8,593.5,581.1,587.8,1350433.0
2026-02-26,688795,摩尔线程,SH,588.88,615.0,585.49,608.05,2943304.0
2026-02-27,688795,摩尔线程,SH,598.0,618.0,588.57,608.3,2582013.0
2026-03-02,688795,摩尔线程,SH,593.01,593.8,578.87,585.13,2482084.0
2026-03-03,688795,摩尔线程,SH,586.01,587.99,547.0,547.4,2769821.0
2026-03-04,688795,摩尔线程,SH,541.0,571.0,540.55,558.99,1814173.0
2026-03-05,688795,摩尔线程,SH,570.0,586.8,563.0,579.89,2472605.0
2026-03-06,688795,摩尔线程,SH,573.97,586.8,570.2,581.0,1482515.0
2026-03-09,688795,摩尔线程,SH,570.03,571.99,551.38,568.5,1802054.0
2026-03-10,688795,摩尔线程,SH,579.0,585.43,573.26,579.86,1273560.0
2026-03-11,688795,摩尔线程,SH,580.54,590.5,573.09,573.2,1832697.0
2026-03-12,688795,摩尔线程,SH,569.84,573.0,553.0,557.18,1502381.0
2026-03-13,688795,摩尔线程,SH,554.25,561.9,548.1,549.47,1153994.0
2026-03-16,688795,摩尔线程,SH,546.62,555.05,534.05,554.75,1385675.0
2026-03-17,688795,摩尔线程,SH,556.0,575.2,553.0,559.24,2061464.0
2026-03-18,688795,摩尔线程,SH,556.0,565.89,545.0,562.5,1552854.0
2026-03-19,688795,摩尔线程,SH,551.99,558.87,546.41,548.7,1211564.0
2026-03-20,688795,摩尔线程,SH,547.99,561.49,547.99,548.63,1476520.0
2026-03-23,688795,摩尔线程,SH,535.0,535.0,503.06,505.32,2056774.0
2026-03-24,688795,摩尔线程,SH,515.99,555.0,506.03,548.96,2873212.0
2026-03-25,688795,摩尔线程,SH,541.06,573.28,541.04,563.68,2487902.0
2026-03-26,688795,摩尔线程,SH,559.01,570.99,555.66,558.5,1666373.0
2026-03-27,688795,摩尔线程,SH,547.69,559.01,543.61,552.5,1202129.0
2026-03-30,688795,摩尔线程,SH,541.45,565.98,541.0,556.1,1549359.0
2026-03-31,688795,摩尔线程,SH,563.0,577.5,557.87,557.87,1969847.0
2026-04-01,688795,摩尔线程,SH,569.0,579.75,560.0,571.7,2348967.0
2026-04-02,688795,摩尔线程,SH,566.04,571.0,551.0,551.94,1590458.0
2026-04-03,688795,摩尔线程,SH,556.44,599.31,555.0,578.9,4054258.0
2022-01-04,300316,晶盛机电,SZ,69.5,70.06,64.0,64.63,26121373.0
2022-01-05,300316,晶盛机电,SZ,65.2,65.38,60.3,61.66,20029511.0
2022-01-06,300316,晶盛机电,SZ,59.61,61.5,59.1,60.44,16186684.0
2022-01-07,300316,晶盛机电,SZ,60.54,61.46,57.66,58.74,16440763.0
2022-01-10,300316,晶盛机电,SZ,58.6,58.6,56.0,56.67,16004163.0
2022-01-11,300316,晶盛机电,SZ,56.59,57.23,55.86,56.45,13091795.0
2022-01-12,300316,晶盛机电,SZ,56.78,59.21,56.18,59.09,15788844.0
2022-01-13,300316,晶盛机电,SZ,59.45,61.66,57.38,59.46,18912981.0
2022-01-14,300316,晶盛机电,SZ,59.1,62.99,59.0,61.25,17001063.0
2022-01-17,300316,晶盛机电,SZ,62.19,63.57,61.66,62.85,11446786.0
2022-01-18,300316,晶盛机电,SZ,62.49,63.36,61.74,62.47,8529940.0
2022-01-19,300316,晶盛机电,SZ,62.39,62.39,60.65,60.99,8416330.0
2022-01-20,300316,晶盛机电,SZ,61.48,61.94,59.89,60.3,8279543.0
2022-01-21,300316,晶盛机电,SZ,60.32,60.95,58.81,59.35,7013855.0
2022-01-24,300316,晶盛机电,SZ,59.32,62.0,59.02,61.4,8652391.0
2022-01-25,300316,晶盛机电,SZ,61.25,62.7,60.75,60.77,8557392.0
2022-01-26,300316,晶盛机电,SZ,60.7,61.73,59.88,61.5,6384620.0
2022-01-27,300316,晶盛机电,SZ,61.35,61.35,58.01,58.2,14244408.0
2022-01-28,300316,晶盛机电,SZ,58.24,59.34,56.8,57.29,11104558.0
2022-02-07,300316,晶盛机电,SZ,58.6,60.27,57.8,59.43,10501550.0
2022-02-08,300316,晶盛机电,SZ,60.0,60.0,55.16,55.81,12347794.0
2022-02-09,300316,晶盛机电,SZ,55.75,57.45,54.7,57.23,12296461.0
2022-02-10,300316,晶盛机电,SZ,57.2,57.8,55.61,57.1,9833683.0
2022-02-11,300316,晶盛机电,SZ,56.0,56.43,53.88,54.04,11911740.0
2022-02-14,300316,晶盛机电,SZ,53.14,55.7,52.84,54.3,12431002.0
2022-02-15,300316,晶盛机电,SZ,55.2,57.1,54.3,57.05,12214722.0
2022-02-16,300316,晶盛机电,SZ,57.44,57.7,56.34,56.94,6434117.0
2022-02-17,300316,晶盛机电,SZ,56.8,60.36,56.8,59.18,10394108.0
2022-02-18,300316,晶盛机电,SZ,58.87,59.45,56.39,57.1,9980594.0
2022-02-21,300316,晶盛机电,SZ,57.03,57.49,55.92,57.31,7043336.0
2022-02-22,300316,晶盛机电,SZ,57.0,60.3,56.3,60.1,14755282.0
2022-02-23,300316,晶盛机电,SZ,60.53,63.83,60.11,62.57,18916056.0
2022-02-24,300316,晶盛机电,SZ,62.7,64.18,61.7,62.56,9723521.0
2022-02-25,300316,晶盛机电,SZ,64.07,64.59,62.07,63.6,9859334.0
2022-02-28,300316,晶盛机电,SZ,63.68,65.2,63.25,65.0,10201765.0
2022-03-01,300316,晶盛机电,SZ,65.17,66.14,63.68,64.28,10072409.0
2022-03-02,300316,晶盛机电,SZ,63.6,63.94,62.66,63.38,6066582.0
2022-03-03,300316,晶盛机电,SZ,63.84,63.99,61.8,62.14,7134748.0
2022-03-04,300316,晶盛机电,SZ,61.98,63.7,61.71,62.18,7457336.0
2022-03-07,300316,晶盛机电,SZ,61.29,62.6,60.4,60.74,8518995.0
2022-03-08,300316,晶盛机电,SZ,60.73,62.65,60.3,60.44,13176483.0
2022-03-09,300316,晶盛机电,SZ,62.0,63.6,58.0,60.68,16500043.0
2022-03-10,300316,晶盛机电,SZ,62.6,64.23,61.66,62.93,14745843.0
2022-03-11,300316,晶盛机电,SZ,61.94,63.26,60.64,62.83,10197345.0
2022-03-14,300316,晶盛机电,SZ,61.75,62.88,59.51,59.66,12448255.0
2022-03-15,300316,晶盛机电,SZ,59.0,60.28,57.18,57.43,13259840.0
2022-03-16,300316,晶盛机电,SZ,58.53,60.1,55.25,59.45,14031243.0
2022-03-17,300316,晶盛机电,SZ,60.66,62.65,59.72,61.3,13315074.0
2022-03-18,300316,晶盛机电,SZ,61.15,61.44,59.09,60.15,7578071.0
2022-03-21,300316,晶盛机电,SZ,60.4,64.46,60.25,63.02,9990438.0
2022-03-22,300316,晶盛机电,SZ,62.41,62.98,61.42,62.0,8008979.0
2022-03-23,300316,晶盛机电,SZ,62.59,63.1,61.1,61.79,6004782.0
2022-03-24,300316,晶盛机电,SZ,61.46,62.48,59.79,61.8,5424093.0
2022-03-25,300316,晶盛机电,SZ,61.45,62.98,59.7,59.82,6415769.0
2022-03-28,300316,晶盛机电,SZ,59.46,60.78,58.03,59.02,5325232.0
2022-03-29,300316,晶盛机电,SZ,59.15,59.95,58.05,59.1,5025024.0
2022-03-30,300316,晶盛机电,SZ,59.4,60.86,58.38,60.8,5463863.0
2022-03-31,300316,晶盛机电,SZ,60.32,60.82,59.16,60.0,5050461.0
2022-04-01,300316,晶盛机电,SZ,60.01,60.3,58.98,58.98,5008138.0
2022-04-06,300316,晶盛机电,SZ,57.66,58.6,56.51,56.99,7563230.0
2022-04-07,300316,晶盛机电,SZ,56.02,57.29,55.51,55.88,5441259.0
2022-04-08,300316,晶盛机电,SZ,57.0,57.1,54.81,55.1,5692395.0
2022-04-11,300316,晶盛机电,SZ,54.33,54.8,52.52,52.6,7351024.0
2022-04-12,300316,晶盛机电,SZ,52.61,53.26,50.7,52.11,10592800.0
2022-04-13,300316,晶盛机电,SZ,52.0,53.39,50.92,51.71,6526553.0
2022-04-14,300316,晶盛机电,SZ,52.09,52.68,51.35,52.26,6698967.0
2022-04-15,300316,晶盛机电,SZ,51.57,52.14,50.97,51.28,4421417.0
2022-04-18,300316,晶盛机电,SZ,51.0,54.79,50.66,54.27,7885602.0
2022-04-19,300316,晶盛机电,SZ,54.52,55.98,54.0,54.7,6808771.0
2022-04-20,300316,晶盛机电,SZ,54.79,56.0,52.8,52.9,5613392.0
2022-04-21,300316,晶盛机电,SZ,52.67,54.22,50.97,51.1,5795876.0
2022-04-22,300316,晶盛机电,SZ,51.36,51.36,49.14,49.43,8014936.0
2022-04-25,300316,晶盛机电,SZ,48.95,49.31,44.0,44.7,15766447.0
2022-04-26,300316,晶盛机电,SZ,44.98,45.49,43.5,44.03,9826110.0
2022-04-27,300316,晶盛机电,SZ,43.4,47.65,42.2,47.3,16741203.0
2022-04-28,300316,晶盛机电,SZ,46.73,48.7,46.48,48.59,9769495.0
2022-04-29,300316,晶盛机电,SZ,49.5,51.02,49.05,50.55,10103084.0
2022-05-05,300316,晶盛机电,SZ,50.67,52.48,50.38,51.35,8189289.0
2022-05-06,300316,晶盛机电,SZ,50.07,51.6,50.03,50.92,5664884.0
2022-05-09,300316,晶盛机电,SZ,51.03,51.77,49.3,49.58,6429303.0
2022-05-10,300316,晶盛机电,SZ,49.0,51.66,48.9,50.39,9205237.0
2022-05-11,300316,晶盛机电,SZ,50.8,53.26,50.4,52.4,10947589.0
2022-05-12,300316,晶盛机电,SZ,52.0,52.48,51.23,52.0,5597583.0
2022-05-13,300316,晶盛机电,SZ,52.4,53.2,51.36,52.3,5297880.0
2022-05-16,300316,晶盛机电,SZ,52.7,54.18,51.12,51.51,6892186.0
2022-05-17,300316,晶盛机电,SZ,51.69,53.7,51.25,53.2,8504467.0
2022-05-18,300316,晶盛机电,SZ,53.21,55.62,52.88,54.97,8187690.0
2022-05-19,300316,晶盛机电,SZ,53.95,56.8,53.9,56.2,11496773.0
2022-05-20,300316,晶盛机电,SZ,56.5,56.76,54.8,56.05,7864894.0
2022-05-23,300316,晶盛机电,SZ,56.2,56.87,55.41,56.49,5417194.0
2022-05-24,300316,晶盛机电,SZ,56.5,57.49,54.7,54.98,6860435.0
2022-05-25,300316,晶盛机电,SZ,54.93,55.58,54.03,54.5,6252692.0
2022-05-26,300316,晶盛机电,SZ,55.2,55.28,53.6,54.6,5173427.0
2022-05-27,300316,晶盛机电,SZ,55.17,55.79,53.88,54.09,4753026.0
2022-05-30,300316,晶盛机电,SZ,54.49,54.95,53.64,54.16,5025713.0
2022-05-31,300316,晶盛机电,SZ,55.1,55.4,53.9,55.32,7512729.0
2022-06-01,300316,晶盛机电,SZ,54.9,55.37,53.68,54.2,8929011.0
2022-06-02,300316,晶盛机电,SZ,54.5,57.09,54.1,56.74,10898069.0
2022-06-06,300316,晶盛机电,SZ,56.75,60.63,56.41,59.76,11785300.0
2022-06-07,300316,晶盛机电,SZ,59.86,60.7,58.8,60.0,9588455.0
2022-06-08,300316,晶盛机电,SZ,59.8,60.35,58.04,59.12,8021306.0
2022-06-09,300316,晶盛机电,SZ,58.43,59.58,57.43,57.8,7676340.0
2022-06-10,300316,晶盛机电,SZ,57.3,59.38,57.01,59.3,9891116.0
2022-06-13,300316,晶盛机电,SZ,58.6,60.18,58.1,59.84,8293032.0
2022-06-14,300316,晶盛机电,SZ,58.66,59.8,58.31,59.78,8826071.0
2022-06-15,300316,晶盛机电,SZ,60.44,62.08,59.27,60.12,9519206.0
2022-06-16,300316,晶盛机电,SZ,59.5,62.08,59.35,61.86,7851937.0
2022-06-17,300316,晶盛机电,SZ,61.62,63.35,60.7,63.14,9529429.0
2022-06-20,300316,晶盛机电,SZ,63.39,67.8,63.38,65.14,12747342.0
2022-06-21,300316,晶盛机电,SZ,64.85,65.8,63.01,63.8,7505662.0
2022-06-22,300316,晶盛机电,SZ,64.03,66.6,63.6,65.83,10067378.0
2022-06-23,300316,晶盛机电,SZ,65.9,67.6,65.21,67.29,8523065.0
2022-06-24,300316,晶盛机电,SZ,66.99,67.73,66.02,66.5,7535977.0
2022-06-27,300316,晶盛机电,SZ,67.0,67.48,64.95,65.61,11294002.0
2022-06-28,300316,晶盛机电,SZ,65.41,69.15,65.1,68.8,11880315.0
2022-06-29,300316,晶盛机电,SZ,68.2,69.18,66.01,66.69,11249398.0
2022-06-30,300316,晶盛机电,SZ,66.8,68.19,66.19,67.59,8883447.0
2022-07-01,300316,晶盛机电,SZ,67.1,67.96,65.43,65.5,7942222.0
2022-07-04,300316,晶盛机电,SZ,64.52,70.5,64.51,68.75,14878725.0
2022-07-05,300316,晶盛机电,SZ,68.38,71.18,68.3,68.99,14369167.0
2022-07-06,300316,晶盛机电,SZ,68.99,70.6,68.11,68.94,9142782.0
2022-07-07,300316,晶盛机电,SZ,68.72,71.28,68.2,70.22,10942774.0
2022-07-08,300316,晶盛机电,SZ,70.3,72.22,69.54,69.86,14483558.0
2022-07-11,300316,晶盛机电,SZ,71.0,71.0,67.35,68.35,9480750.0
2022-07-12,300316,晶盛机电,SZ,69.8,69.99,66.96,67.33,10071982.0
2022-07-13,300316,晶盛机电,SZ,67.33,68.51,65.0,67.5,10992697.0
2022-07-14,300316,晶盛机电,SZ,67.29,70.98,66.9,69.8,11207752.0
2022-07-15,300316,晶盛机电,SZ,69.93,71.19,68.1,68.47,7359342.0
2022-07-18,300316,晶盛机电,SZ,68.43,68.99,65.7,67.79,10283855.0
2022-07-19,300316,晶盛机电,SZ,69.0,69.0,66.74,67.0,7189265.0
2022-07-20,300316,晶盛机电,SZ,68.75,71.05,68.01,69.58,9262164.0
2022-07-21,300316,晶盛机电,SZ,69.59,70.4,67.62,67.86,7673357.0
2022-07-22,300316,晶盛机电,SZ,67.65,70.27,67.65,69.19,6806627.0
2022-07-25,300316,晶盛机电,SZ,69.14,69.29,67.67,68.67,7466902.0
2022-07-26,300316,晶盛机电,SZ,68.71,70.94,68.71,70.02,7231121.0
2022-07-27,300316,晶盛机电,SZ,70.38,75.0,69.25,74.65,15734657.0
2022-07-28,300316,晶盛机电,SZ,74.65,74.65,72.48,72.96,10647316.0
2022-07-29,300316,晶盛机电,SZ,73.06,73.9,72.03,73.02,6817581.0
2022-08-01,300316,晶盛机电,SZ,72.12,72.3,69.38,71.55,8528068.0
2022-08-02,300316,晶盛机电,SZ,70.88,72.73,70.31,71.0,8931836.0
2022-08-03,300316,晶盛机电,SZ,71.8,72.98,70.06,71.12,9234398.0
2022-08-04,300316,晶盛机电,SZ,71.95,72.25,68.9,70.45,7699447.0
2022-08-05,300316,晶盛机电,SZ,70.58,71.94,69.51,71.69,6844105.0
2022-08-08,300316,晶盛机电,SZ,71.53,71.61,69.18,70.05,7815396.0
2022-08-09,300316,晶盛机电,SZ,70.0,73.28,69.4,71.94,9520938.0
2022-08-10,300316,晶盛机电,SZ,71.1,72.9,70.38,71.23,7847016.0
2022-08-11,300316,晶盛机电,SZ,71.5,71.9,67.55,70.0,12697733.0
2022-08-12,300316,晶盛机电,SZ,69.4,70.3,67.55,67.63,10019172.0
2022-08-15,300316,晶盛机电,SZ,70.38,76.27,70.0,75.72,28672822.0
2022-08-16,300316,晶盛机电,SZ,74.92,76.46,72.9,76.2,20520540.0
2022-08-17,300316,晶盛机电,SZ,76.32,78.5,75.44,76.1,13460736.0
2022-08-18,300316,晶盛机电,SZ,76.1,84.9,75.84,84.01,27042899.0
2022-08-19,300316,晶盛机电,SZ,84.92,85.91,81.66,82.06,16919706.0
2022-08-22,300316,晶盛机电,SZ,81.03,82.82,79.58,81.69,13791980.0
2022-08-23,300316,晶盛机电,SZ,80.8,84.59,80.8,83.11,15218636.0
2022-08-24,300316,晶盛机电,SZ,83.15,84.67,80.18,80.5,12081030.0
2022-08-25,300316,晶盛机电,SZ,82.3,82.88,77.77,79.4,13534836.0
2022-08-26,300316,晶盛机电,SZ,79.55,80.5,76.02,76.91,11002207.0
2022-08-29,300316,晶盛机电,SZ,75.0,81.37,75.0,80.16,14684885.0
2022-08-30,300316,晶盛机电,SZ,80.14,84.0,79.14,80.4,13954067.0
2022-08-31,300316,晶盛机电,SZ,79.66,80.4,74.87,76.0,18418524.0
2022-09-01,300316,晶盛机电,SZ,75.44,76.42,73.8,74.47,9530633.0
2022-09-02,300316,晶盛机电,SZ,74.85,76.23,73.1,74.13,7862815.0
2022-09-05,300316,晶盛机电,SZ,74.51,77.0,73.16,74.2,12631679.0
2022-09-06,300316,晶盛机电,SZ,74.76,78.16,72.73,77.91,13848782.0
2022-09-07,300316,晶盛机电,SZ,77.35,81.2,77.0,78.83,13405830.0
2022-09-08,300316,晶盛机电,SZ,78.7,84.1,78.5,82.9,16911692.0
2022-09-09,300316,晶盛机电,SZ,83.1,83.75,80.72,81.6,8727683.0
2022-09-13,300316,晶盛机电,SZ,82.0,82.44,79.38,80.59,8234164.0
2022-09-14,300316,晶盛机电,SZ,79.21,82.11,79.0,80.57,7454337.0
2022-09-15,300316,晶盛机电,SZ,81.6,81.81,71.95,73.0,21877631.0
2022-09-16,300316,晶盛机电,SZ,72.97,76.0,72.5,73.75,10074290.0
2022-09-19,300316,晶盛机电,SZ,73.81,75.32,72.0,72.69,6645575.0
2022-09-20,300316,晶盛机电,SZ,73.51,75.3,72.6,73.78,6309659.0
2022-09-21,300316,晶盛机电,SZ,73.29,74.08,71.12,71.34,7983595.0
2022-09-22,300316,晶盛机电,SZ,70.88,72.8,69.71,71.81,6500387.0
2022-09-23,300316,晶盛机电,SZ,71.86,72.9,69.86,71.0,7095426.0
2022-09-26,300316,晶盛机电,SZ,71.0,73.5,70.08,71.88,8756961.0
2022-09-27,300316,晶盛机电,SZ,71.91,72.55,70.62,71.16,5951622.0
2022-09-28,300316,晶盛机电,SZ,71.7,72.15,68.71,68.9,9033711.0
2022-09-29,300316,晶盛机电,SZ,69.5,70.59,67.82,70.17,6220390.0
2022-09-30,300316,晶盛机电,SZ,70.17,70.17,67.5,67.62,7072579.0
2022-10-10,300316,晶盛机电,SZ,67.77,68.5,65.32,65.9,8152539.0
2022-10-11,300316,晶盛机电,SZ,66.75,66.75,64.69,65.06,6080986.0
2022-10-12,300316,晶盛机电,SZ,65.0,67.0,61.67,66.5,13820349.0
2022-10-13,300316,晶盛机电,SZ,66.09,70.17,65.55,67.1,9596356.0
2022-10-14,300316,晶盛机电,SZ,68.0,69.39,66.08,68.35,10967950.0
2022-10-17,300316,晶盛机电,SZ,67.88,71.4,67.61,70.52,11336630.0
2022-10-18,300316,晶盛机电,SZ,70.52,71.64,69.69,70.52,6821731.0
2022-10-19,300316,晶盛机电,SZ,70.45,72.2,69.6,69.96,5914853.0
2022-10-20,300316,晶盛机电,SZ,69.6,71.36,68.3,69.85,6718173.0
2022-10-21,300316,晶盛机电,SZ,69.31,70.53,69.2,69.81,3829383.0
2022-10-24,300316,晶盛机电,SZ,69.92,70.95,68.0,68.73,6022484.0
2022-10-25,300316,晶盛机电,SZ,68.53,70.65,67.06,70.18,7959594.0
2022-10-26,300316,晶盛机电,SZ,72.0,77.85,71.11,76.81,20620785.0
2022-10-27,300316,晶盛机电,SZ,76.81,79.98,76.38,76.46,11057781.0
2022-10-28,300316,晶盛机电,SZ,76.58,77.32,73.79,74.3,10966152.0
2022-10-31,300316,晶盛机电,SZ,74.46,75.25,69.9,71.26,14318103.0
2022-11-01,300316,晶盛机电,SZ,70.41,74.17,70.2,73.0,9906733.0
2022-11-02,300316,晶盛机电,SZ,72.65,76.6,72.28,75.0,9235559.0
2022-11-03,300316,晶盛机电,SZ,74.21,78.37,73.96,76.32,10818926.0
2022-11-04,300316,晶盛机电,SZ,76.4,78.11,76.05,77.7,8823591.0
2022-11-07,300316,晶盛机电,SZ,77.0,78.69,76.2,76.65,8715068.0
2022-11-08,300316,晶盛机电,SZ,76.65,77.08,74.82,75.48,4209346.0
2022-11-09,300316,晶盛机电,SZ,75.48,76.08,73.0,73.38,5257506.0
2022-11-10,300316,晶盛机电,SZ,73.49,74.51,71.25,72.1,7414364.0
2022-11-11,300316,晶盛机电,SZ,74.16,74.5,71.38,71.65,7610933.0
2022-11-14,300316,晶盛机电,SZ,71.05,73.35,69.51,70.13,11056164.0
2022-11-15,300316,晶盛机电,SZ,69.96,71.64,69.51,71.41,8263620.0
2022-11-16,300316,晶盛机电,SZ,71.74,73.3,70.9,72.38,8051720.0
2022-11-17,300316,晶盛机电,SZ,71.55,72.3,67.31,68.27,15002290.0
2022-11-18,300316,晶盛机电,SZ,68.5,69.44,67.32,67.4,11368630.0
2022-11-21,300316,晶盛机电,SZ,66.79,69.39,66.79,68.36,6425164.0
2022-11-22,300316,晶盛机电,SZ,67.66,68.47,66.19,66.4,7322488.0
2022-11-23,300316,晶盛机电,SZ,66.39,69.58,66.1,69.02,9105733.0
2022-11-24,300316,晶盛机电,SZ,68.99,70.62,68.6,68.68,5137335.0
2022-11-25,300316,晶盛机电,SZ,68.15,69.18,66.38,66.75,5265057.0
2022-11-28,300316,晶盛机电,SZ,65.87,66.66,64.74,65.27,8456118.0
2022-11-29,300316,晶盛机电,SZ,65.28,65.88,63.91,64.65,8715696.0
2022-11-30,300316,晶盛机电,SZ,64.59,64.66,62.88,64.5,9942558.0
2022-12-01,300316,晶盛机电,SZ,65.5,65.5,64.06,64.75,7384488.0
2022-12-02,300316,晶盛机电,SZ,64.3,65.48,63.56,63.72,6841551.0
2022-12-05,300316,晶盛机电,SZ,63.75,65.53,63.5,65.39,12614021.0
2022-12-06,300316,晶盛机电,SZ,65.1,67.86,65.0,67.41,14890220.0
2022-12-07,300316,晶盛机电,SZ,66.47,70.8,66.47,70.0,14459451.0
2022-12-08,300316,晶盛机电,SZ,70.3,70.7,68.67,70.66,9761892.0
2022-12-09,300316,晶盛机电,SZ,70.1,70.78,69.0,70.78,8831947.0
2022-12-12,300316,晶盛机电,SZ,70.34,70.89,69.79,70.49,6560765.0
2022-12-13,300316,晶盛机电,SZ,70.66,70.88,69.15,69.47,5933667.0
2022-12-14,300316,晶盛机电,SZ,70.64,70.8,68.68,69.26,5888794.0
2022-12-15,300316,晶盛机电,SZ,68.84,70.19,68.7,70.13,5771843.0
2022-12-16,300316,晶盛机电,SZ,69.8,71.1,68.62,69.5,6065049.0
2022-12-19,300316,晶盛机电,SZ,68.73,70.39,68.0,69.65,3948377.0
2022-12-20,300316,晶盛机电,SZ,69.37,69.97,68.03,68.2,3483831.0
2022-12-21,300316,晶盛机电,SZ,68.5,68.6,64.88,65.52,5999108.0
2022-12-22,300316,晶盛机电,SZ,66.2,66.29,60.11,60.6,18510891.0
2022-12-23,300316,晶盛机电,SZ,60.81,61.96,59.39,60.15,9076274.0
2022-12-26,300316,晶盛机电,SZ,60.2,61.0,58.58,60.72,10595229.0
2022-12-27,300316,晶盛机电,SZ,61.05,62.86,60.8,62.03,9711715.0
2022-12-28,300316,晶盛机电,SZ,61.53,63.76,61.25,63.0,10205444.0
2022-12-29,300316,晶盛机电,SZ,62.42,64.99,62.22,64.3,7618549.0
2022-12-30,300316,晶盛机电,SZ,64.31,64.95,63.29,63.56,4650683.0
2023-01-03,300316,晶盛机电,SZ,63.62,64.61,62.31,63.99,8990393.0
2023-01-04,300316,晶盛机电,SZ,63.2,64.09,61.54,61.82,7874793.0
2023-01-05,300316,晶盛机电,SZ,62.0,62.6,61.01,62.08,7290080.0
2023-01-06,300316,晶盛机电,SZ,62.06,65.98,62.0,64.58,10305287.0
2023-01-09,300316,晶盛机电,SZ,64.61,65.38,63.21,64.05,7114350.0
2023-01-10,300316,晶盛机电,SZ,64.43,65.85,64.34,65.51,9440994.0
2023-01-11,300316,晶盛机电,SZ,65.09,66.19,64.67,65.3,5761116.0
2023-01-12,300316,晶盛机电,SZ,65.04,67.95,65.04,66.67,7373975.0
2023-01-13,300316,晶盛机电,SZ,66.67,66.98,65.8,66.2,4912598.0
2023-01-16,300316,晶盛机电,SZ,66.33,66.87,65.62,66.69,5667987.0
2023-01-17,300316,晶盛机电,SZ,66.23,67.38,66.04,67.0,5337015.0
2023-01-18,300316,晶盛机电,SZ,66.84,69.51,66.84,68.65,7331284.0
2023-01-19,300316,晶盛机电,SZ,68.51,68.58,66.53,66.61,8261835.0
2023-01-20,300316,晶盛机电,SZ,66.7,67.48,66.3,66.95,7185918.0
2023-01-30,300316,晶盛机电,SZ,68.0,70.18,67.87,68.5,10822870.0
2023-01-31,300316,晶盛机电,SZ,68.28,69.26,67.91,68.76,6208164.0
2023-02-01,300316,晶盛机电,SZ,69.2,69.48,66.94,68.67,7038449.0
2023-02-02,300316,晶盛机电,SZ,69.0,70.56,67.81,69.7,7683660.0
2023-02-03,300316,晶盛机电,SZ,69.7,70.22,68.25,69.4,4958731.0
2023-02-06,300316,晶盛机电,SZ,70.0,70.56,68.0,69.34,4624543.0
2023-02-07,300316,晶盛机电,SZ,69.31,69.9,68.42,68.52,5628360.0
2023-02-08,300316,晶盛机电,SZ,68.4,69.6,68.2,68.41,3770031.0
2023-02-09,300316,晶盛机电,SZ,68.4,69.38,67.55,69.25,6787847.0
2023-02-10,300316,晶盛机电,SZ,69.25,69.78,68.12,68.6,4061045.0
2023-02-13,300316,晶盛机电,SZ,68.7,68.97,67.5,68.1,5196835.0
2023-02-14,300316,晶盛机电,SZ,68.05,69.17,67.22,67.55,4567185.0
2023-02-15,300316,晶盛机电,SZ,67.65,68.2,66.75,67.11,5783112.0
2023-02-16,300316,晶盛机电,SZ,66.81,69.38,66.51,67.4,7713751.0
2023-02-17,300316,晶盛机电,SZ,67.9,68.0,66.6,66.66,5179370.0
2023-02-20,300316,晶盛机电,SZ,66.5,68.7,66.0,68.35,5302539.0
2023-02-21,300316,晶盛机电,SZ,68.38,68.64,65.08,66.84,9745679.0
2023-02-22,300316,晶盛机电,SZ,66.5,68.12,66.5,66.5,4929615.0
2023-02-23,300316,晶盛机电,SZ,66.8,69.7,66.68,68.82,9604122.0
2023-02-24,300316,晶盛机电,SZ,69.0,69.36,67.57,67.71,3900714.0
2023-02-27,300316,晶盛机电,SZ,67.33,69.84,67.3,68.01,5479924.0
2023-02-28,300316,晶盛机电,SZ,68.0,68.7,66.87,68.6,5061526.0
2023-03-01,300316,晶盛机电,SZ,68.68,68.78,67.06,67.62,5192080.0
2023-03-02,300316,晶盛机电,SZ,67.3,67.6,63.2,64.1,14219422.0
2023-03-03,300316,晶盛机电,SZ,64.58,65.79,64.21,64.52,6271249.0
2023-03-06,300316,晶盛机电,SZ,64.99,68.1,64.8,67.82,8687857.0
2023-03-07,300316,晶盛机电,SZ,67.7,68.68,67.18,67.39,5838945.0
2023-03-08,300316,晶盛机电,SZ,67.35,68.5,66.53,66.86,4071480.0
2023-03-09,300316,晶盛机电,SZ,66.9,69.72,66.85,68.58,7560259.0
2023-03-10,300316,晶盛机电,SZ,68.47,70.03,67.85,69.15,5652142.0
2023-03-13,300316,晶盛机电,SZ,68.81,70.23,67.96,68.45,4196087.0
2023-03-14,300316,晶盛机电,SZ,68.05,68.58,66.98,67.19,6105997.0
2023-03-15,300316,晶盛机电,SZ,67.6,68.76,66.02,66.21,5531900.0
2023-03-16,300316,晶盛机电,SZ,65.83,66.91,63.56,63.78,7186260.0
2023-03-17,300316,晶盛机电,SZ,63.78,64.8,63.78,63.87,5268321.0
2023-03-20,300316,晶盛机电,SZ,63.57,64.9,62.4,63.24,7449708.0
2023-03-21,300316,晶盛机电,SZ,63.01,63.73,61.48,62.51,6462825.0
2023-03-22,300316,晶盛机电,SZ,62.84,63.29,62.02,62.23,3982504.0
2023-03-23,300316,晶盛机电,SZ,61.89,62.97,61.65,62.35,6658610.0
2023-03-24,300316,晶盛机电,SZ,62.2,62.75,61.5,62.19,5361604.0
2023-03-27,300316,晶盛机电,SZ,62.26,63.58,61.79,63.1,6584959.0
2023-03-28,300316,晶盛机电,SZ,62.98,63.45,61.58,62.05,4594564.0
2023-03-29,300316,晶盛机电,SZ,62.3,64.15,62.28,63.85,6569721.0
2023-03-30,300316,晶盛机电,SZ,63.6,64.81,62.9,64.55,5807919.0
2023-03-31,300316,晶盛机电,SZ,64.55,66.02,64.12,65.29,5723766.0
2023-04-03,300316,晶盛机电,SZ,67.12,68.49,66.51,68.25,12343344.0
2023-04-04,300316,晶盛机电,SZ,68.25,70.18,67.5,68.37,11891532.0
2023-04-06,300316,晶盛机电,SZ,69.0,70.5,67.51,69.3,7670197.0
2023-04-07,300316,晶盛机电,SZ,69.54,70.72,68.52,69.44,5568644.0
2023-04-10,300316,晶盛机电,SZ,69.93,72.2,69.22,71.0,7715192.0
2023-04-11,300316,晶盛机电,SZ,70.77,71.5,70.02,71.05,8379218.0
2023-04-12,300316,晶盛机电,SZ,70.98,71.8,68.71,70.87,7921795.0
2023-04-13,300316,晶盛机电,SZ,70.69,70.99,69.2,69.75,5892202.0
2023-04-14,300316,晶盛机电,SZ,69.8,72.78,69.5,71.81,10354745.0
2023-04-17,300316,晶盛机电,SZ,74.98,75.0,69.47,69.75,13544331.0
2023-04-18,300316,晶盛机电,SZ,69.84,71.11,69.33,71.02,8989991.0
2023-04-19,300316,晶盛机电,SZ,71.01,71.21,68.81,69.1,7687335.0
2023-04-20,300316,晶盛机电,SZ,69.6,69.6,67.8,68.4,8247803.0
2023-04-21,300316,晶盛机电,SZ,68.93,69.37,67.46,67.48,7713884.0
2023-04-24,300316,晶盛机电,SZ,67.97,68.55,65.38,65.77,6934326.0
2023-04-25,300316,晶盛机电,SZ,66.2,66.64,63.55,64.64,8548479.0
2023-04-26,300316,晶盛机电,SZ,64.44,67.39,63.99,66.96,8681841.0
2023-04-27,300316,晶盛机电,SZ,66.72,67.78,66.1,67.0,7095231.0
2023-04-28,300316,晶盛机电,SZ,67.5,70.06,67.15,68.42,9793073.0
2023-05-04,300316,晶盛机电,SZ,68.21,69.19,67.07,67.41,5716482.0
2023-05-05,300316,晶盛机电,SZ,67.13,67.41,65.62,67.02,5250879.0
2023-05-08,300316,晶盛机电,SZ,67.08,68.59,66.11,67.86,5047993.0
2023-05-09,300316,晶盛机电,SZ,68.3,68.66,67.41,68.0,4391304.0
2023-05-10,300316,晶盛机电,SZ,67.64,67.99,66.4,67.73,5496306.0
2023-05-11,300316,晶盛机电,SZ,67.73,69.8,67.49,68.55,5346376.0
2023-05-12,300316,晶盛机电,SZ,69.09,69.84,68.37,68.89,5855500.0
2023-05-15,300316,晶盛机电,SZ,68.91,70.99,68.79,70.9,6966051.0
2023-05-16,300316,晶盛机电,SZ,70.3,71.68,70.0,70.87,6539824.0
2023-05-17,300316,晶盛机电,SZ,70.51,71.6,69.36,71.36,7761390.0
2023-05-18,300316,晶盛机电,SZ,71.35,73.25,71.05,72.13,7770062.0
2023-05-19,300316,晶盛机电,SZ,71.8,73.0,71.38,72.5,5196702.0
2023-05-22,300316,晶盛机电,SZ,73.58,74.68,71.49,71.98,7395184.0
2023-05-23,300316,晶盛机电,SZ,73.2,73.43,70.5,70.88,6836222.0
2023-05-24,300316,晶盛机电,SZ,71.24,74.21,70.62,73.09,7771020.0
2023-05-25,300316,晶盛机电,SZ,73.01,74.18,72.3,73.0,7411259.0
2023-05-26,300316,晶盛机电,SZ,72.98,73.37,71.41,72.0,5702818.0
2023-05-29,300316,晶盛机电,SZ,72.09,72.38,70.38,70.63,5873462.0
2023-05-30,300316,晶盛机电,SZ,70.79,70.97,68.56,69.65,5401513.0
2023-05-31,300316,晶盛机电,SZ,70.35,70.43,68.38,68.95,5892543.0
2023-06-01,300316,晶盛机电,SZ,68.95,69.88,67.6,67.85,6680419.0
2023-06-02,300316,晶盛机电,SZ,67.87,68.39,67.51,67.87,5887175.0
2023-06-05,300316,晶盛机电,SZ,67.96,68.08,66.5,66.57,5988176.0
2023-06-06,300316,晶盛机电,SZ,66.57,66.96,65.21,65.71,7174701.0
2023-06-07,300316,晶盛机电,SZ,65.8,66.0,64.81,65.0,5017062.0
2023-06-08,300316,晶盛机电,SZ,64.99,66.23,64.86,65.0,4980123.0
2023-06-09,300316,晶盛机电,SZ,65.5,65.83,63.6,64.78,8018698.0
2023-06-12,300316,晶盛机电,SZ,64.68,65.79,63.36,65.39,7957765.0
2023-06-13,300316,晶盛机电,SZ,65.2,65.6,64.54,64.97,5051605.0
2023-06-14,300316,晶盛机电,SZ,65.28,66.11,64.55,64.68,5982425.0
2023-06-15,300316,晶盛机电,SZ,64.99,67.99,64.68,67.85,8948270.0
2023-06-16,300316,晶盛机电,SZ,67.88,68.6,67.21,68.47,6183285.0
2023-06-19,300316,晶盛机电,SZ,68.0,68.16,66.25,66.82,6503332.0
2023-06-20,300316,晶盛机电,SZ,66.98,67.56,66.25,66.8,4809012.0
2023-06-21,300316,晶盛机电,SZ,66.65,67.76,66.33,66.42,4060025.0
2023-06-26,300316,晶盛机电,SZ,66.29,68.15,65.11,67.08,6187971.0
2023-06-27,300316,晶盛机电,SZ,67.07,70.09,66.88,67.65,6111698.0
2023-06-28,300316,晶盛机电,SZ,68.3,69.65,67.95,69.3,7150139.0
2023-06-29,300316,晶盛机电,SZ,69.44,70.79,68.9,70.12,6157795.0
2023-06-30,300316,晶盛机电,SZ,69.75,71.17,69.35,70.9,5521098.0
2023-07-03,300316,晶盛机电,SZ,70.51,71.3,70.4,70.71,4787893.0
2023-07-04,300316,晶盛机电,SZ,70.51,71.2,69.55,69.65,4410226.0
2023-07-05,300316,晶盛机电,SZ,69.69,69.85,68.68,68.8,3604467.0
2023-07-06,300316,晶盛机电,SZ,68.53,69.6,68.42,68.81,3668652.0
2023-07-07,300316,晶盛机电,SZ,68.18,68.6,67.1,67.1,3635294.0
2023-07-10,300316,晶盛机电,SZ,67.1,69.49,66.88,68.31,3818746.0
2023-07-11,300316,晶盛机电,SZ,68.1,68.31,67.1,67.8,2991394.0
2023-07-12,300316,晶盛机电,SZ,67.87,68.4,66.66,67.69,3053832.0
2023-07-13,300316,晶盛机电,SZ,69.18,70.12,68.6,68.93,5101874.0
2023-07-14,300316,晶盛机电,SZ,68.88,68.96,67.59,67.71,3516732.0
2023-07-17,300316,晶盛机电,SZ,67.64,67.8,65.98,66.41,4252493.0
2023-07-18,300316,晶盛机电,SZ,66.93,66.93,65.01,65.3,5186846.0
2023-07-19,300316,晶盛机电,SZ,65.38,65.48,63.87,64.11,6069832.0
2023-07-20,300316,晶盛机电,SZ,64.45,64.82,63.63,63.69,5337100.0
2023-07-21,300316,晶盛机电,SZ,63.6,63.9,62.99,63.5,3552865.0
2023-07-24,300316,晶盛机电,SZ,63.13,63.48,62.23,62.32,5747531.0
2023-07-25,300316,晶盛机电,SZ,62.74,63.15,62.01,62.8,7212660.0
2023-07-26,300316,晶盛机电,SZ,62.72,63.38,62.3,63.0,5638847.0
2023-07-27,300316,晶盛机电,SZ,63.27,63.36,60.88,61.08,8759481.0
2023-07-28,300316,晶盛机电,SZ,60.96,62.08,60.52,61.69,5667623.0
2023-07-31,300316,晶盛机电,SZ,62.0,62.85,61.5,61.78,5103831.0
2023-08-01,300316,晶盛机电,SZ,61.78,62.2,60.8,61.4,6030362.0
2023-08-02,300316,晶盛机电,SZ,61.9,61.98,61.05,61.2,3542377.0
2023-08-03,300316,晶盛机电,SZ,61.11,61.95,61.02,61.49,3808938.0
2023-08-04,300316,晶盛机电,SZ,61.41,61.99,61.35,61.61,3906879.0
2023-08-07,300316,晶盛机电,SZ,61.8,61.84,61.07,61.12,3538619.0
2023-08-08,300316,晶盛机电,SZ,61.13,61.55,60.46,60.53,4302456.0
2023-08-09,300316,晶盛机电,SZ,60.34,60.74,60.01,60.31,2759406.0
2023-08-10,300316,晶盛机电,SZ,60.31,60.94,60.2,60.35,3198156.0
2023-08-11,300316,晶盛机电,SZ,60.36,60.69,59.75,59.75,3466194.0
2023-08-14,300316,晶盛机电,SZ,59.68,59.88,58.9,59.6,3341785.0
2023-08-15,300316,晶盛机电,SZ,59.41,59.88,57.45,57.6,9916845.0
2023-08-16,300316,晶盛机电,SZ,57.48,58.13,56.06,56.58,5764089.0
2023-08-17,300316,晶盛机电,SZ,56.58,56.75,55.8,56.39,4327369.0
2023-08-18,300316,晶盛机电,SZ,56.69,57.78,55.88,55.97,4765538.0
2023-08-21,300316,晶盛机电,SZ,55.76,56.43,55.35,55.35,3800283.0
2023-08-22,300316,晶盛机电,SZ,55.98,56.09,53.63,55.0,8499625.0
2023-08-23,300316,晶盛机电,SZ,55.2,55.91,54.53,54.55,5731424.0
2023-08-24,300316,晶盛机电,SZ,54.85,56.2,54.54,55.67,5574406.0
2023-08-25,300316,晶盛机电,SZ,55.47,56.65,55.35,55.75,5615347.0
2023-08-28,300316,晶盛机电,SZ,58.79,59.16,54.0,54.41,10958149.0
2023-08-29,300316,晶盛机电,SZ,54.01,56.13,54.0,56.0,7499057.0
2023-08-30,300316,晶盛机电,SZ,56.24,58.23,56.0,57.25,7929649.0
2023-08-31,300316,晶盛机电,SZ,57.18,57.19,56.1,56.33,4935530.0
2023-09-01,300316,晶盛机电,SZ,56.48,56.97,55.38,55.8,5439398.0
2023-09-04,300316,晶盛机电,SZ,55.96,56.0,54.76,55.25,6922590.0
2023-09-05,300316,晶盛机电,SZ,55.47,56.33,55.25,55.65,5314251.0
2023-09-06,300316,晶盛机电,SZ,55.31,55.59,54.72,55.01,4363702.0
2023-09-07,300316,晶盛机电,SZ,55.0,55.0,53.45,53.49,4470440.0
2023-09-08,300316,晶盛机电,SZ,53.21,53.75,52.37,52.62,5463281.0
2023-09-11,300316,晶盛机电,SZ,52.72,53.75,52.35,53.11,7490811.0
2023-09-12,300316,晶盛机电,SZ,53.22,53.47,52.6,53.08,3498447.0
2023-09-13,300316,晶盛机电,SZ,52.86,53.2,52.0,52.3,5874951.0
2023-09-14,300316,晶盛机电,SZ,52.18,52.39,51.23,51.52,6682111.0
2023-09-15,300316,晶盛机电,SZ,51.75,51.87,50.7,51.0,6527305.0
2023-09-18,300316,晶盛机电,SZ,51.0,51.55,50.48,51.32,4457461.0
2023-09-19,300316,晶盛机电,SZ,51.12,51.36,50.36,50.56,5141660.0
2023-09-20,300316,晶盛机电,SZ,50.73,50.73,49.8,49.8,5077329.0
2023-09-21,300316,晶盛机电,SZ,49.88,49.9,48.61,48.71,7369646.0
2023-09-22,300316,晶盛机电,SZ,48.5,48.98,47.92,48.89,7394287.0
2023-09-25,300316,晶盛机电,SZ,49.0,49.0,47.92,48.5,6214079.0
2023-09-26,300316,晶盛机电,SZ,48.5,48.75,47.68,47.74,5181484.0
2023-09-27,300316,晶盛机电,SZ,47.73,49.5,47.53,48.65,8362833.0
2023-09-28,300316,晶盛机电,SZ,48.65,48.92,47.66,47.71,7396681.0
2023-10-09,300316,晶盛机电,SZ,47.7,48.54,47.13,48.21,6079633.0
2023-10-10,300316,晶盛机电,SZ,48.37,48.64,47.45,47.45,4942018.0
2023-10-11,300316,晶盛机电,SZ,47.87,48.17,47.01,47.16,5957635.0
2023-10-12,300316,晶盛机电,SZ,47.2,47.8,46.72,47.59,6018642.0
2023-10-13,300316,晶盛机电,SZ,47.22,47.31,46.2,46.42,5367135.0
2023-10-16,300316,晶盛机电,SZ,46.22,46.38,45.15,45.39,6458821.0
2023-10-17,300316,晶盛机电,SZ,45.56,45.62,44.88,45.23,4483672.0
2023-10-18,300316,晶盛机电,SZ,45.02,45.26,44.35,44.42,4653464.0
2023-10-19,300316,晶盛机电,SZ,44.43,44.6,43.9,43.98,6058612.0
2023-10-20,300316,晶盛机电,SZ,43.66,44.61,43.5,43.72,6455532.0
2023-10-23,300316,晶盛机电,SZ,43.72,43.72,42.24,42.4,6790283.0
2023-10-24,300316,晶盛机电,SZ,42.4,43.1,42.11,42.81,6718312.0
2023-10-25,300316,晶盛机电,SZ,42.82,43.28,41.97,42.06,8142632.0
2023-10-26,300316,晶盛机电,SZ,42.03,42.27,40.73,41.45,11214255.0
2023-10-27,300316,晶盛机电,SZ,41.5,44.32,41.45,43.26,19206566.0
2023-10-30,300316,晶盛机电,SZ,43.26,44.31,42.66,43.94,14251223.0
2023-10-31,300316,晶盛机电,SZ,43.8,44.15,43.07,43.49,6755303.0
2023-11-01,300316,晶盛机电,SZ,43.51,43.55,42.66,42.75,5677143.0
2023-11-02,300316,晶盛机电,SZ,42.88,42.98,41.46,41.53,7897426.0
2023-11-03,300316,晶盛机电,SZ,41.58,43.08,41.54,42.85,10761248.0
2023-11-06,300316,晶盛机电,SZ,43.4,46.2,43.09,45.45,18473044.0
2023-11-07,300316,晶盛机电,SZ,45.41,47.38,45.01,46.82,20079727.0
2023-11-08,300316,晶盛机电,SZ,46.51,47.45,46.4,46.74,13155592.0
2023-11-09,300316,晶盛机电,SZ,46.8,47.71,46.43,46.95,10759918.0
2023-11-10,300316,晶盛机电,SZ,46.6,47.4,46.26,46.39,8159035.0
2023-11-13,300316,晶盛机电,SZ,46.57,46.95,45.89,46.31,8511291.0
2023-11-14,300316,晶盛机电,SZ,46.43,46.88,45.77,45.91,8472788.0
2023-11-15,300316,晶盛机电,SZ,46.6,46.97,46.19,46.34,9424805.0
2023-11-16,300316,晶盛机电,SZ,46.21,46.29,45.15,45.2,6499710.0
2023-11-17,300316,晶盛机电,SZ,45.0,45.37,44.71,44.99,5021928.0
2023-11-20,300316,晶盛机电,SZ,44.99,45.32,44.14,44.98,6759707.0
2023-11-21,300316,晶盛机电,SZ,45.29,45.68,43.95,44.13,9207107.0
2023-11-22,300316,晶盛机电,SZ,43.79,44.16,42.9,42.9,8976407.0
2023-11-23,300316,晶盛机电,SZ,43.0,43.79,42.69,43.2,6102023.0
2023-11-24,300316,晶盛机电,SZ,43.04,43.17,42.41,42.6,5938696.0
2023-11-27,300316,晶盛机电,SZ,42.28,42.5,41.4,41.67,9175670.0
2023-11-28,300316,晶盛机电,SZ,41.67,42.15,41.28,41.66,6246684.0
2023-11-29,300316,晶盛机电,SZ,41.43,44.15,41.0,43.43,19567062.0
2023-11-30,300316,晶盛机电,SZ,42.98,43.68,42.32,43.17,11120888.0
2023-12-01,300316,晶盛机电,SZ,43.2,44.2,42.32,42.76,11122382.0
2023-12-04,300316,晶盛机电,SZ,42.56,42.75,41.76,41.83,8338573.0
2023-12-05,300316,晶盛机电,SZ,41.86,42.37,40.9,40.9,7788833.0
2023-12-06,300316,晶盛机电,SZ,40.79,41.78,40.7,40.98,8404692.0
2023-12-07,300316,晶盛机电,SZ,40.74,40.96,39.6,39.65,14060494.0
2023-12-08,300316,晶盛机电,SZ,39.99,40.32,39.21,40.26,22713487.0
2023-12-11,300316,晶盛机电,SZ,39.99,42.08,38.91,42.01,16638183.0
2023-12-12,300316,晶盛机电,SZ,41.77,42.15,40.83,41.16,9747464.0
2023-12-13,300316,晶盛机电,SZ,41.15,41.38,40.27,40.34,6490004.0
2023-12-14,300316,晶盛机电,SZ,40.6,41.2,40.15,40.2,5197817.0
2023-12-15,300316,晶盛机电,SZ,40.59,42.01,40.42,41.15,11747974.0
2023-12-18,300316,晶盛机电,SZ,40.79,41.28,40.29,40.44,7311706.0
2023-12-19,300316,晶盛机电,SZ,40.52,41.65,40.41,40.71,8729832.0
2023-12-20,300316,晶盛机电,SZ,40.7,40.82,39.8,39.92,7063434.0
2023-12-21,300316,晶盛机电,SZ,39.84,41.96,39.51,41.35,12651227.0
2023-12-22,300316,晶盛机电,SZ,41.38,42.45,40.75,41.74,12460390.0
2023-12-25,300316,晶盛机电,SZ,41.6,41.89,40.9,41.63,9056330.0
2023-12-26,300316,晶盛机电,SZ,41.57,41.59,40.12,40.43,8721012.0
2023-12-27,300316,晶盛机电,SZ,40.61,40.9,40.0,40.46,7029338.0
2023-12-28,300316,晶盛机电,SZ,40.34,44.97,40.31,44.65,24220006.0
2023-12-29,300316,晶盛机电,SZ,44.65,44.65,43.75,44.09,12699377.0
2024-01-02,300316,晶盛机电,SZ,44.0,44.12,42.69,42.71,10035888.0
2024-01-03,300316,晶盛机电,SZ,42.58,43.2,42.36,42.67,8522947.0
2024-01-04,300316,晶盛机电,SZ,42.62,42.63,40.92,41.06,10022423.0
2024-01-05,300316,晶盛机电,SZ,40.87,41.66,39.58,39.61,11354229.0
2024-01-08,300316,晶盛机电,SZ,39.5,40.09,38.54,38.65,10509978.0
2024-01-09,300316,晶盛机电,SZ,38.38,40.68,37.41,39.05,15276159.0
2024-01-10,300316,晶盛机电,SZ,38.88,40.9,38.5,39.84,12862428.0
2024-01-11,300316,晶盛机电,SZ,39.71,40.64,39.41,39.78,12625475.0
2024-01-12,300316,晶盛机电,SZ,39.68,40.78,38.75,39.71,13588062.0
2024-01-15,300316,晶盛机电,SZ,39.26,39.6,38.37,39.15,8363664.0
2024-01-16,300316,晶盛机电,SZ,39.1,40.5,38.62,39.8,9984924.0
2024-01-17,300316,晶盛机电,SZ,39.7,39.7,38.33,38.33,8569825.0
2024-01-18,300316,晶盛机电,SZ,38.08,39.7,37.91,39.63,15473812.0
2024-01-19,300316,晶盛机电,SZ,40.32,41.05,39.2,39.34,14424760.0
2024-01-22,300316,晶盛机电,SZ,39.24,39.69,37.96,38.23,13712121.0
2024-01-23,300316,晶盛机电,SZ,38.1,39.62,37.61,38.88,12976672.0
2024-01-24,300316,晶盛机电,SZ,38.75,38.97,36.28,37.38,22883359.0
2024-01-25,300316,晶盛机电,SZ,37.01,38.47,36.35,38.38,15208252.0
2024-01-26,300316,晶盛机电,SZ,38.17,38.45,36.83,36.98,12912422.0
2024-01-29,300316,晶盛机电,SZ,36.8,36.8,35.1,35.11,13660579.0
2024-01-30,300316,晶盛机电,SZ,34.98,35.28,33.64,33.64,12699173.0
2024-01-31,300316,晶盛机电,SZ,33.53,33.95,32.72,32.74,14305207.0
2024-02-01,300316,晶盛机电,SZ,32.37,34.27,32.37,33.52,12663231.0
2024-02-02,300316,晶盛机电,SZ,33.39,33.77,30.86,31.75,18236582.0
2024-02-05,300316,晶盛机电,SZ,31.41,32.22,29.5,31.15,17305426.0
2024-02-06,300316,晶盛机电,SZ,30.97,33.36,30.81,33.24,17071137.0
2024-02-07,300316,晶盛机电,SZ,33.24,34.05,32.7,33.36,19439828.0
2024-02-08,300316,晶盛机电,SZ,33.43,34.43,32.65,34.29,22937677.0
2024-02-19,300316,晶盛机电,SZ,34.78,34.78,33.63,34.08,14833396.0
2024-02-20,300316,晶盛机电,SZ,33.81,34.3,33.49,34.12,10264376.0
2024-02-21,300316,晶盛机电,SZ,33.99,35.36,33.55,34.59,14731253.0
2024-02-22,300316,晶盛机电,SZ,34.54,35.27,34.4,34.71,12117449.0
2024-02-23,300316,晶盛机电,SZ,34.79,35.28,34.45,35.22,12335397.0
2024-02-26,300316,晶盛机电,SZ,35.45,36.18,34.7,35.35,16501359.0
2024-02-27,300316,晶盛机电,SZ,35.1,36.5,34.9,36.5,14171269.0
2024-02-28,300316,晶盛机电,SZ,36.38,38.37,35.7,35.7,23943921.0
2024-02-29,300316,晶盛机电,SZ,35.4,37.05,35.12,37.0,16166539.0
2024-03-01,300316,晶盛机电,SZ,37.0,37.56,36.67,36.92,14019990.0
2024-03-04,300316,晶盛机电,SZ,36.9,37.87,36.71,37.03,14444503.0
2024-03-05,300316,晶盛机电,SZ,36.76,36.78,36.02,36.36,11822098.0
2024-03-06,300316,晶盛机电,SZ,36.14,37.98,36.1,37.13,15779174.0
2024-03-07,300316,晶盛机电,SZ,37.65,37.65,36.0,36.01,12084936.0
2024-03-08,300316,晶盛机电,SZ,35.96,37.22,35.95,36.82,12811808.0
2024-03-11,300316,晶盛机电,SZ,37.62,39.11,37.22,39.05,27471305.0
2024-03-12,300316,晶盛机电,SZ,39.18,40.21,38.8,39.0,21941939.0
2024-03-13,300316,晶盛机电,SZ,38.8,39.2,38.42,38.68,12028049.0
2024-03-14,300316,晶盛机电,SZ,38.52,39.27,37.85,38.31,12753683.0
2024-03-15,300316,晶盛机电,SZ,38.03,38.49,36.98,37.75,14538362.0
2024-03-18,300316,晶盛机电,SZ,37.68,38.92,37.46,38.7,16351087.0
2024-03-19,300316,晶盛机电,SZ,38.55,39.12,37.9,37.91,11787169.0
2024-03-20,300316,晶盛机电,SZ,37.69,38.48,37.52,37.72,9951945.0
2024-03-21,300316,晶盛机电,SZ,37.98,38.45,36.85,37.08,14301728.0
2024-03-22,300316,晶盛机电,SZ,36.82,37.04,35.6,35.6,15140100.0
2024-03-25,300316,晶盛机电,SZ,35.5,35.93,34.8,34.82,11462468.0
2024-03-26,300316,晶盛机电,SZ,34.77,35.79,34.73,35.43,10131175.0
2024-03-27,300316,晶盛机电,SZ,35.36,35.76,34.28,34.28,8184969.0
2024-03-28,300316,晶盛机电,SZ,34.21,35.15,34.21,34.52,8265066.0
2024-03-29,300316,晶盛机电,SZ,34.4,34.74,33.8,34.27,9605838.0
2024-04-01,300316,晶盛机电,SZ,34.41,35.4,34.33,35.16,11244402.0
2024-04-02,300316,晶盛机电,SZ,35.21,35.24,34.53,34.95,9404110.0
2024-04-03,300316,晶盛机电,SZ,34.94,35.02,34.48,34.5,7045009.0
2024-04-08,300316,晶盛机电,SZ,34.38,34.38,32.72,32.83,15093795.0
2024-04-09,300316,晶盛机电,SZ,32.82,33.73,32.71,33.52,7705263.0
2024-04-10,300316,晶盛机电,SZ,33.78,33.78,32.51,32.76,7548375.0
2024-04-11,300316,晶盛机电,SZ,32.55,33.02,32.24,32.45,7973981.0
2024-04-12,300316,晶盛机电,SZ,32.45,32.62,31.55,31.58,11141254.0
2024-04-15,300316,晶盛机电,SZ,31.7,32.89,31.66,32.32,14391661.0
2024-04-16,300316,晶盛机电,SZ,32.4,33.16,31.82,31.94,16792303.0
2024-04-17,300316,晶盛机电,SZ,32.02,32.7,32.0,32.67,14281065.0
2024-04-18,300316,晶盛机电,SZ,32.45,32.53,31.54,32.01,13622893.0
2024-04-19,300316,晶盛机电,SZ,31.74,31.8,30.98,31.09,13231785.0
2024-04-22,300316,晶盛机电,SZ,30.95,31.77,30.72,30.98,9521119.0
2024-04-23,300316,晶盛机电,SZ,30.95,31.37,30.06,30.36,11521097.0
2024-04-24,300316,晶盛机电,SZ,30.45,30.48,29.76,29.97,9950459.0
2024-04-25,300316,晶盛机电,SZ,29.99,30.43,29.45,29.95,10804900.0
2024-04-26,300316,晶盛机电,SZ,30.8,34.73,30.8,33.7,41414915.0
2024-04-29,300316,晶盛机电,SZ,33.99,35.48,33.63,34.97,32847694.0
2024-04-30,300316,晶盛机电,SZ,34.51,34.9,33.87,33.92,19016159.0
2024-05-06,300316,晶盛机电,SZ,34.59,34.7,33.96,34.2,20644520.0
2024-05-07,300316,晶盛机电,SZ,34.21,34.51,33.83,33.9,14421444.0
2024-05-08,300316,晶盛机电,SZ,33.78,33.8,32.79,33.04,14932841.0
2024-05-09,300316,晶盛机电,SZ,33.04,34.46,33.04,33.85,22334763.0
2024-05-10,300316,晶盛机电,SZ,33.8,33.8,32.61,32.79,18247904.0
2024-05-13,300316,晶盛机电,SZ,32.48,32.87,31.79,32.51,14931688.0
2024-05-14,300316,晶盛机电,SZ,32.65,32.78,32.05,32.35,11968576.0
2024-05-15,300316,晶盛机电,SZ,32.35,33.28,32.35,32.51,17779029.0
2024-05-16,300316,晶盛机电,SZ,32.76,34.54,32.42,33.63,30005740.0
2024-05-17,300316,晶盛机电,SZ,33.26,33.4,32.41,33.15,19638912.0
2024-05-20,300316,晶盛机电,SZ,33.2,33.51,32.88,33.23,14640759.0
2024-05-21,300316,晶盛机电,SZ,33.02,33.07,32.64,32.83,10703915.0
2024-05-22,300316,晶盛机电,SZ,32.32,35.2,32.32,34.4,42898346.0
2024-05-23,300316,晶盛机电,SZ,34.01,34.7,33.08,33.31,27211341.0
2024-05-24,300316,晶盛机电,SZ,33.41,35.2,33.4,33.53,31287533.0
2024-05-27,300316,晶盛机电,SZ,33.79,33.9,31.66,32.4,26855823.0
2024-05-28,300316,晶盛机电,SZ,32.2,32.99,31.87,31.89,16565641.0
2024-05-29,300316,晶盛机电,SZ,31.88,34.19,31.88,32.79,31632162.0
2024-05-30,300316,晶盛机电,SZ,33.25,33.35,32.12,32.38,19175693.0
2024-05-31,300316,晶盛机电,SZ,32.51,32.56,32.0,32.09,15133436.0
2024-06-03,300316,晶盛机电,SZ,32.0,32.01,31.3,31.85,13250078.0
2024-06-04,300316,晶盛机电,SZ,31.78,32.35,31.49,32.35,14072776.0
2024-06-05,300316,晶盛机电,SZ,32.19,32.45,31.48,31.58,13996808.0
2024-06-06,300316,晶盛机电,SZ,31.65,32.13,30.97,31.15,16786371.0
2024-06-07,300316,晶盛机电,SZ,31.24,31.35,30.72,31.22,12542859.0
2024-06-11,300316,晶盛机电,SZ,30.98,31.48,30.51,31.42,10550103.0
2024-06-12,300316,晶盛机电,SZ,31.4,32.38,31.22,32.13,16367630.0
2024-06-13,300316,晶盛机电,SZ,32.13,34.17,31.88,33.65,38942161.0
2024-06-14,300316,晶盛机电,SZ,33.35,33.7,32.78,33.63,20267391.0
2024-06-17,300316,晶盛机电,SZ,33.36,34.11,33.15,33.67,16979576.0
2024-06-18,300316,晶盛机电,SZ,33.59,33.91,33.42,33.82,20806682.0
2024-06-19,300316,晶盛机电,SZ,33.79,33.8,32.66,32.74,15924599.0
2024-06-20,300316,晶盛机电,SZ,32.51,32.87,31.08,31.09,20742072.0
2024-06-21,300316,晶盛机电,SZ,31.4,31.55,30.66,30.9,12845447.0
2024-06-24,300316,晶盛机电,SZ,30.6,30.89,29.92,29.95,12615455.0
2024-06-25,300316,晶盛机电,SZ,30.06,30.12,28.76,29.2,16083089.0
2024-06-26,300316,晶盛机电,SZ,29.2,29.85,28.63,29.78,11924728.0
2024-06-27,300316,晶盛机电,SZ,29.5,29.61,28.64,28.73,12236475.0
2024-06-28,300316,晶盛机电,SZ,28.83,29.21,28.69,28.73,9351834.0
2024-07-01,300316,晶盛机电,SZ,28.48,28.73,27.41,28.56,15828601.0
2024-07-02,300316,晶盛机电,SZ,28.32,28.32,27.53,27.53,11996671.0
2024-07-03,300316,晶盛机电,SZ,27.63,28.25,27.41,27.93,9705352.0
2024-07-04,300316,晶盛机电,SZ,27.75,28.13,27.63,28.0,11563678.0
2024-07-05,300316,晶盛机电,SZ,27.89,30.29,27.82,29.63,24113616.0
2024-07-08,300316,晶盛机电,SZ,29.4,29.57,28.47,28.62,11954812.0
2024-07-09,300316,晶盛机电,SZ,28.74,29.49,28.2,29.05,17724203.0
2024-07-10,300316,晶盛机电,SZ,28.7,29.22,27.78,28.67,12928524.0
2024-07-11,300316,晶盛机电,SZ,29.25,30.07,29.05,29.43,14935982.0
2024-07-12,300316,晶盛机电,SZ,29.3,29.9,29.13,29.47,13152622.0
2024-07-15,300316,晶盛机电,SZ,29.32,29.32,28.64,29.03,8882125.0
2024-07-16,300316,晶盛机电,SZ,28.91,29.45,28.83,29.34,9579317.0
2024-07-17,300316,晶盛机电,SZ,29.89,30.43,29.52,29.55,14684233.0
2024-07-18,300316,晶盛机电,SZ,29.31,30.17,28.85,30.13,14480905.0
2024-07-19,300316,晶盛机电,SZ,29.85,30.58,29.85,30.47,12453300.0
2024-07-22,300316,晶盛机电,SZ,30.37,30.7,29.87,30.08,10427200.0
2024-07-23,300316,晶盛机电,SZ,30.09,30.14,28.92,28.92,10036520.0
2024-07-24,300316,晶盛机电,SZ,28.82,29.25,28.44,28.58,7146878.0
2024-07-25,300316,晶盛机电,SZ,28.4,29.66,28.38,29.2,11176668.0
2024-07-26,300316,晶盛机电,SZ,29.1,29.48,29.02,29.4,8222625.0
2024-07-29,300316,晶盛机电,SZ,29.33,29.4,28.27,28.33,10395136.0
2024-07-30,300316,晶盛机电,SZ,28.39,28.73,28.08,28.25,6549525.0
2024-07-31,300316,晶盛机电,SZ,28.24,29.92,28.01,29.88,14547762.0
2024-08-01,300316,晶盛机电,SZ,29.72,30.15,29.46,29.5,8412031.0
2024-08-02,300316,晶盛机电,SZ,29.45,29.69,28.7,28.83,9068736.0
2024-08-05,300316,晶盛机电,SZ,28.69,29.34,27.71,27.71,12991604.0
2024-08-06,300316,晶盛机电,SZ,28.05,29.06,28.05,28.69,11005569.0
2024-08-07,300316,晶盛机电,SZ,28.63,29.05,28.47,28.72,6621654.0
2024-08-08,300316,晶盛机电,SZ,28.7,28.96,28.18,28.43,6153522.0
2024-08-09,300316,晶盛机电,SZ,28.69,28.83,27.82,27.83,9688415.0
2024-08-12,300316,晶盛机电,SZ,28.24,28.59,27.56,27.77,7644470.0
2024-08-13,300316,晶盛机电,SZ,27.6,27.73,26.78,27.2,11786691.0
2024-08-14,300316,晶盛机电,SZ,27.15,27.43,26.79,26.79,7334384.0
2024-08-15,300316,晶盛机电,SZ,26.79,27.25,26.42,26.84,8658529.0
2024-08-16,300316,晶盛机电,SZ,26.93,27.07,26.72,26.86,5093729.0
2024-08-19,300316,晶盛机电,SZ,26.7,26.86,26.15,26.19,8655012.0
2024-08-20,300316,晶盛机电,SZ,26.25,26.31,25.56,25.71,7715223.0
2024-08-21,300316,晶盛机电,SZ,25.37,25.37,24.28,24.33,18715464.0
2024-08-22,300316,晶盛机电,SZ,24.32,24.68,23.32,23.37,16570595.0
2024-08-23,300316,晶盛机电,SZ,23.29,23.5,23.0,23.15,11225509.0
2024-08-26,300316,晶盛机电,SZ,23.15,23.77,23.11,23.27,10286487.0
2024-08-27,300316,晶盛机电,SZ,23.3,23.45,22.85,22.88,11167529.0
2024-08-28,300316,晶盛机电,SZ,22.88,22.99,22.6,22.67,9191090.0
2024-08-29,300316,晶盛机电,SZ,22.54,23.75,22.37,23.36,16724247.0
2024-08-30,300316,晶盛机电,SZ,23.26,24.16,22.98,23.68,20546121.0
2024-09-02,300316,晶盛机电,SZ,23.57,23.9,22.5,22.51,16195119.0
2024-09-03,300316,晶盛机电,SZ,22.45,23.04,22.31,22.8,12332281.0
2024-09-04,300316,晶盛机电,SZ,22.56,23.39,22.51,23.0,11924338.0
2024-09-05,300316,晶盛机电,SZ,22.94,23.55,22.88,23.26,9349000.0
2024-09-06,300316,晶盛机电,SZ,23.19,23.23,22.61,22.67,7839400.0
2024-09-09,300316,晶盛机电,SZ,22.56,22.82,22.32,22.47,7124550.0
2024-09-10,300316,晶盛机电,SZ,22.46,22.6,22.07,22.47,8256940.0
2024-09-11,300316,晶盛机电,SZ,22.36,22.91,22.24,22.72,8497200.0
2024-09-12,300316,晶盛机电,SZ,22.77,23.46,22.52,22.53,11711775.0
2024-09-13,300316,晶盛机电,SZ,22.58,22.64,21.97,21.97,8897335.0
2024-09-18,300316,晶盛机电,SZ,21.88,22.09,21.66,21.92,6381490.0
2024-09-19,300316,晶盛机电,SZ,22.2,22.64,21.82,22.15,9616990.0
2024-09-20,300316,晶盛机电,SZ,22.2,22.22,21.46,21.64,10454862.0
2024-09-23,300316,晶盛机电,SZ,21.64,21.88,21.39,21.4,7877800.0
2024-09-24,300316,晶盛机电,SZ,21.6,22.95,21.45,22.94,21953787.0
2024-09-25,300316,晶盛机电,SZ,23.19,23.9,23.19,23.28,21492828.0
2024-09-26,300316,晶盛机电,SZ,23.28,24.49,23.08,24.49,21706632.0
2024-09-27,300316,晶盛机电,SZ,24.88,27.48,24.87,26.99,42476953.0
2024-09-30,300316,晶盛机电,SZ,28.83,32.39,27.88,32.39,63189137.0
2024-10-08,300316,晶盛机电,SZ,38.87,38.87,36.26,38.87,78702679.0
2024-10-09,300316,晶盛机电,SZ,38.0,42.8,36.72,38.8,95836582.0
2024-10-10,300316,晶盛机电,SZ,39.16,39.55,35.49,36.77,52159267.0
2024-10-11,300316,晶盛机电,SZ,35.99,36.67,32.47,33.0,48674507.0
2024-10-14,300316,晶盛机电,SZ,33.1,34.11,31.95,33.93,36053812.0
2024-10-15,300316,晶盛机电,SZ,33.5,34.7,33.12,33.38,30475994.0
2024-10-16,300316,晶盛机电,SZ,32.51,33.8,32.48,32.75,19613987.0
2024-10-17,300316,晶盛机电,SZ,33.18,33.28,31.9,31.91,20692575.0
2024-10-18,300316,晶盛机电,SZ,31.88,36.26,31.6,34.71,47195054.0
2024-10-21,300316,晶盛机电,SZ,35.06,38.35,35.06,36.68,55430550.0
2024-10-22,300316,晶盛机电,SZ,36.51,37.46,35.71,37.08,35243607.0
2024-10-23,300316,晶盛机电,SZ,37.09,38.8,36.19,37.79,48549407.0
2024-10-24,300316,晶盛机电,SZ,37.0,37.18,35.68,35.7,32122188.0
2024-10-25,300316,晶盛机电,SZ,35.0,38.2,35.0,37.15,50380267.0
2024-10-28,300316,晶盛机电,SZ,36.9,36.9,35.75,36.41,29347728.0
2024-10-29,300316,晶盛机电,SZ,36.64,37.58,35.02,35.03,32344160.0
2024-10-30,300316,晶盛机电,SZ,34.8,35.65,34.52,34.91,20056765.0
2024-10-31,300316,晶盛机电,SZ,35.35,36.52,34.97,36.0,33504520.0
2024-11-01,300316,晶盛机电,SZ,35.6,35.71,33.91,33.98,30287666.0
2024-11-04,300316,晶盛机电,SZ,34.1,34.6,33.85,34.3,15365383.0
2024-11-05,300316,晶盛机电,SZ,34.57,35.92,34.06,35.58,28878925.0
2024-11-06,300316,晶盛机电,SZ,35.6,37.1,35.3,35.65,33672913.0
2024-11-07,300316,晶盛机电,SZ,34.5,36.14,34.25,36.0,27726959.0
2024-11-08,300316,晶盛机电,SZ,36.46,37.29,36.08,36.5,38991144.0
2024-11-11,300316,晶盛机电,SZ,37.0,39.99,36.88,39.99,60399610.0
2024-11-12,300316,晶盛机电,SZ,40.58,40.58,37.8,38.3,45440228.0
2024-11-13,300316,晶盛机电,SZ,38.0,41.75,37.9,40.63,57103641.0
2024-11-14,300316,晶盛机电,SZ,40.47,41.25,39.0,39.19,34529521.0
2024-11-15,300316,晶盛机电,SZ,39.6,39.9,36.78,36.88,32158865.0
2024-11-18,300316,晶盛机电,SZ,36.6,36.88,34.56,34.91,26959089.0
2024-11-19,300316,晶盛机电,SZ,35.03,36.13,34.56,36.11,20046723.0
2024-11-20,300316,晶盛机电,SZ,35.88,36.23,35.28,35.88,17981305.0
2024-11-21,300316,晶盛机电,SZ,36.3,36.95,35.53,35.88,19272658.0
2024-11-22,300316,晶盛机电,SZ,35.5,35.81,34.03,34.1,21744454.0
2024-11-25,300316,晶盛机电,SZ,34.0,34.32,33.28,33.93,13968710.0
2024-11-26,300316,晶盛机电,SZ,33.96,34.63,33.52,33.61,9848631.0
2024-11-27,300316,晶盛机电,SZ,33.55,34.88,33.22,34.8,13488035.0
2024-11-28,300316,晶盛机电,SZ,34.79,35.05,34.04,34.08,11430568.0
2024-11-29,300316,晶盛机电,SZ,34.0,35.36,33.8,34.83,15942164.0
2024-12-02,300316,晶盛机电,SZ,34.5,35.33,33.62,35.04,17297859.0
2024-12-03,300316,晶盛机电,SZ,35.08,35.56,34.79,35.41,15043939.0
2024-12-04,300316,晶盛机电,SZ,35.85,36.18,34.7,34.8,16281744.0
2024-12-05,300316,晶盛机电,SZ,34.31,34.95,34.31,34.7,9979457.0
2024-12-06,300316,晶盛机电,SZ,34.7,35.22,34.17,34.77,13648650.0
2024-12-09,300316,晶盛机电,SZ,34.7,34.85,34.01,34.18,11123114.0
2024-12-10,300316,晶盛机电,SZ,35.48,35.68,34.32,34.36,17348102.0
2024-12-11,300316,晶盛机电,SZ,34.17,34.44,33.66,33.79,14873882.0
2024-12-12,300316,晶盛机电,SZ,33.9,34.14,33.33,34.09,14885870.0
2024-12-13,300316,晶盛机电,SZ,33.78,33.8,32.75,32.8,18551095.0
2024-12-16,300316,晶盛机电,SZ,32.78,32.99,32.13,32.38,10542686.0
2024-12-17,300316,晶盛机电,SZ,32.3,32.76,32.18,32.18,8830524.0
2024-12-18,300316,晶盛机电,SZ,32.37,32.51,32.16,32.23,7682872.0
2024-12-19,300316,晶盛机电,SZ,31.87,32.43,31.73,32.43,9914669.0
2024-12-20,300316,晶盛机电,SZ,32.3,33.05,32.1,32.57,11064622.0
2024-12-23,300316,晶盛机电,SZ,32.53,34.64,32.33,34.07,31606881.0
2024-12-24,300316,晶盛机电,SZ,33.7,34.46,33.42,34.18,19751284.0
2024-12-25,300316,晶盛机电,SZ,34.1,34.16,32.91,33.02,15507952.0
2024-12-26,300316,晶盛机电,SZ,32.88,33.68,32.88,33.22,11334800.0
2024-12-27,300316,晶盛机电,SZ,33.05,34.05,32.95,33.44,16143627.0
2024-12-30,300316,晶盛机电,SZ,33.32,33.66,32.88,33.08,10840802.0
2024-12-31,300316,晶盛机电,SZ,33.08,33.35,31.89,31.9,14394284.0
2025-01-02,300316,晶盛机电,SZ,31.8,31.87,29.99,30.3,16079897.0
2025-01-03,300316,晶盛机电,SZ,30.29,30.56,29.3,29.39,12190523.0
2025-01-06,300316,晶盛机电,SZ,29.1,29.64,28.79,29.07,10987130.0
2025-01-07,300316,晶盛机电,SZ,29.0,29.45,28.8,29.42,8354213.0
2025-01-08,300316,晶盛机电,SZ,29.2,29.28,28.15,28.93,11508368.0
2025-01-09,300316,晶盛机电,SZ,28.79,29.38,28.7,28.78,8358519.0
2025-01-10,300316,晶盛机电,SZ,28.73,28.97,27.78,27.78,10855197.0
2025-01-13,300316,晶盛机电,SZ,27.51,28.95,27.44,28.49,11302776.0
2025-01-14,300316,晶盛机电,SZ,28.51,29.6,28.3,29.55,13425880.0
2025-01-15,300316,晶盛机电,SZ,29.51,30.1,29.16,29.65,12412831.0
2025-01-16,300316,晶盛机电,SZ,29.72,30.45,29.39,30.36,16190632.0
2025-01-17,300316,晶盛机电,SZ,30.12,32.63,29.96,31.82,26814779.0
2025-01-20,300316,晶盛机电,SZ,31.88,32.14,31.51,31.71,13819104.0
2025-01-21,300316,晶盛机电,SZ,31.83,32.18,30.96,31.92,12455930.0
2025-01-22,300316,晶盛机电,SZ,31.71,32.02,31.14,31.24,8861802.0
2025-01-23,300316,晶盛机电,SZ,31.65,31.85,30.83,30.83,12002793.0
2025-01-24,300316,晶盛机电,SZ,30.86,31.18,30.65,31.02,10174255.0
2025-01-27,300316,晶盛机电,SZ,31.06,31.24,30.57,30.6,8444763.0
2025-02-05,300316,晶盛机电,SZ,30.61,30.98,30.35,30.54,6947509.0
2025-02-06,300316,晶盛机电,SZ,30.6,32.14,30.27,31.9,15275083.0
2025-02-07,300316,晶盛机电,SZ,31.99,32.79,31.8,32.26,19006207.0
2025-02-10,300316,晶盛机电,SZ,32.42,32.45,31.59,32.08,12148679.0
2025-02-11,300316,晶盛机电,SZ,31.95,32.08,31.4,31.53,9175796.0
2025-02-12,300316,晶盛机电,SZ,31.5,32.07,31.33,31.98,11764928.0
2025-02-13,300316,晶盛机电,SZ,31.99,32.21,31.26,31.26,10759852.0
2025-02-14,300316,晶盛机电,SZ,31.24,31.62,31.02,31.31,9866188.0
2025-02-17,300316,晶盛机电,SZ,31.25,31.39,30.92,31.15,11878754.0
2025-02-18,300316,晶盛机电,SZ,31.1,31.9,30.66,30.66,15866782.0
2025-02-19,300316,晶盛机电,SZ,30.6,31.71,30.6,31.48,14129515.0
2025-02-20,300316,晶盛机电,SZ,31.35,31.44,30.85,31.39,12044805.0
2025-02-21,300316,晶盛机电,SZ,31.33,31.93,31.13,31.72,17687304.0
2025-02-24,300316,晶盛机电,SZ,31.72,33.3,31.48,32.63,26817823.0
2025-02-25,300316,晶盛机电,SZ,32.45,32.95,32.21,32.58,18208098.0
2025-02-26,300316,晶盛机电,SZ,32.66,34.2,32.32,33.89,32418057.0
2025-02-27,300316,晶盛机电,SZ,33.9,34.39,32.92,33.47,25744916.0
2025-02-28,300316,晶盛机电,SZ,33.98,35.15,33.05,33.06,37395139.0
2025-03-03,300316,晶盛机电,SZ,33.35,34.2,32.63,32.78,24603338.0
2025-03-04,300316,晶盛机电,SZ,32.68,33.27,32.52,33.08,15475968.0
2025-03-05,300316,晶盛机电,SZ,33.07,33.09,32.02,32.5,14866874.0
2025-03-06,300316,晶盛机电,SZ,32.65,34.12,32.51,33.64,23346011.0
2025-03-07,300316,晶盛机电,SZ,33.51,33.88,32.72,33.23,17364455.0
2025-03-10,300316,晶盛机电,SZ,33.42,33.7,33.05,33.69,13827300.0
2025-03-11,300316,晶盛机电,SZ,33.3,33.63,32.91,33.61,12980610.0
2025-03-12,300316,晶盛机电,SZ,33.7,35.0,33.7,34.4,24998404.0
2025-03-13,300316,晶盛机电,SZ,34.41,34.57,33.07,33.35,15217433.0
2025-03-14,300316,晶盛机电,SZ,33.34,34.02,33.07,33.85,13000607.0
2025-03-17,300316,晶盛机电,SZ,33.85,35.47,33.82,35.45,32552725.0
2025-03-18,300316,晶盛机电,SZ,35.3,35.44,34.87,34.92,16766338.0
2025-03-19,300316,晶盛机电,SZ,35.1,35.21,34.32,34.61,14416327.0
2025-03-20,300316,晶盛机电,SZ,34.66,34.7,34.3,34.4,9758141.0
2025-03-21,300316,晶盛机电,SZ,34.35,34.87,33.56,33.72,13138063.0
2025-03-24,300316,晶盛机电,SZ,33.72,34.0,32.83,33.34,11162833.0
2025-03-25,300316,晶盛机电,SZ,33.35,33.79,33.04,33.24,8326529.0
2025-03-26,300316,晶盛机电,SZ,33.66,33.96,33.2,33.52,9128481.0
2025-03-27,300316,晶盛机电,SZ,33.33,33.36,32.38,32.97,10473237.0
2025-03-28,300316,晶盛机电,SZ,32.97,33.45,32.6,32.6,7538033.0
2025-03-31,300316,晶盛机电,SZ,32.4,32.47,31.55,31.98,8592461.0
2025-04-01,300316,晶盛机电,SZ,32.05,32.86,32.02,32.3,6892995.0
2025-04-02,300316,晶盛机电,SZ,32.36,32.61,32.11,32.17,5228643.0
2025-04-03,300316,晶盛机电,SZ,31.94,32.28,31.63,31.64,7275408.0
2025-04-07,300316,晶盛机电,SZ,29.7,30.0,26.5,27.8,22020917.0
2025-04-08,300316,晶盛机电,SZ,28.36,28.95,27.51,27.92,14371128.0
2025-04-09,300316,晶盛机电,SZ,27.56,28.75,26.92,28.29,13620287.0
2025-04-10,300316,晶盛机电,SZ,29.0,29.5,28.67,28.75,11775941.0
2025-04-11,300316,晶盛机电,SZ,28.52,30.84,28.5,29.87,15756406.0
2025-04-14,300316,晶盛机电,SZ,30.14,30.24,29.6,29.64,9213794.0
2025-04-15,300316,晶盛机电,SZ,29.6,29.6,29.12,29.37,5586148.0
2025-04-16,300316,晶盛机电,SZ,29.23,29.4,28.45,28.86,7014390.0
2025-04-17,300316,晶盛机电,SZ,28.57,29.02,28.5,28.52,5446970.0
2025-04-18,300316,晶盛机电,SZ,28.5,28.65,28.27,28.58,4154499.0
2025-04-21,300316,晶盛机电,SZ,27.18,28.47,26.8,28.43,13777846.0
2025-04-22,300316,晶盛机电,SZ,28.28,29.09,28.1,28.8,8252762.0
2025-04-23,300316,晶盛机电,SZ,28.8,29.2,28.3,28.45,7777784.0
2025-04-24,300316,晶盛机电,SZ,28.5,28.68,27.75,27.89,6179123.0
2025-04-25,300316,晶盛机电,SZ,28.0,28.04,27.66,27.69,5625430.0
2025-04-28,300316,晶盛机电,SZ,27.8,27.84,27.26,27.3,4750396.0
2025-04-29,300316,晶盛机电,SZ,27.18,27.72,27.08,27.48,6873861.0
2025-04-30,300316,晶盛机电,SZ,27.4,27.78,27.4,27.42,5471981.0
2025-05-06,300316,晶盛机电,SZ,27.6,28.5,27.55,28.49,8433833.0
2025-05-07,300316,晶盛机电,SZ,28.88,29.16,28.18,28.36,7712837.0
2025-05-08,300316,晶盛机电,SZ,28.29,28.97,28.28,28.97,8696137.0
2025-05-09,300316,晶盛机电,SZ,28.91,28.93,28.29,28.42,6046560.0
2025-05-12,300316,晶盛机电,SZ,28.75,28.96,28.6,28.85,7643881.0
2025-05-13,300316,晶盛机电,SZ,29.29,29.67,28.86,28.9,12037692.0
2025-05-14,300316,晶盛机电,SZ,28.91,29.1,28.4,28.75,7814350.0
2025-05-15,300316,晶盛机电,SZ,28.63,28.66,28.01,28.04,6273205.0
2025-05-16,300316,晶盛机电,SZ,28.04,28.19,27.81,27.89,6515394.0
2025-05-19,300316,晶盛机电,SZ,27.79,28.02,27.51,27.9,4838112.0
2025-05-20,300316,晶盛机电,SZ,27.99,28.15,27.8,28.08,4608716.0
2025-05-21,300316,晶盛机电,SZ,28.2,29.15,28.17,28.35,10052248.0
2025-05-22,300316,晶盛机电,SZ,28.6,29.29,28.6,28.8,12719909.0
2025-05-23,300316,晶盛机电,SZ,28.69,28.82,28.09,28.12,8843241.0
2025-05-26,300316,晶盛机电,SZ,28.23,28.29,27.84,28.06,4879209.0
2025-05-27,300316,晶盛机电,SZ,28.05,28.22,27.83,27.88,4420272.0
2025-05-28,300316,晶盛机电,SZ,27.5,27.67,26.6,26.96,7042063.0
2025-05-29,300316,晶盛机电,SZ,26.89,27.39,26.89,27.31,4519628.0
2025-05-30,300316,晶盛机电,SZ,27.31,27.35,26.96,26.96,4162051.0
2025-06-03,300316,晶盛机电,SZ,26.8,27.03,26.78,26.92,3695919.0
2025-06-04,300316,晶盛机电,SZ,27.08,27.25,26.95,27.15,3419197.0
2025-06-05,300316,晶盛机电,SZ,27.16,27.4,26.97,27.34,5099582.0
2025-06-06,300316,晶盛机电,SZ,27.32,27.4,27.16,27.21,3699720.0
2025-06-09,300316,晶盛机电,SZ,27.23,27.49,27.18,27.49,5182016.0
2025-06-10,300316,晶盛机电,SZ,27.4,27.46,26.81,26.95,6992415.0
2025-06-11,300316,晶盛机电,SZ,26.94,27.35,26.94,27.18,4904594.0
2025-06-12,300316,晶盛机电,SZ,27.18,27.2,26.92,26.96,4646604.0
2025-06-13,300316,晶盛机电,SZ,26.87,27.08,26.6,26.66,5784897.0
2025-06-16,300316,晶盛机电,SZ,26.59,26.69,26.3,26.41,6785924.0
2025-06-17,300316,晶盛机电,SZ,26.43,26.55,26.33,26.51,4686730.0
2025-06-18,300316,晶盛机电,SZ,26.7,26.71,26.35,26.49,4447864.0
2025-06-19,300316,晶盛机电,SZ,26.4,26.54,25.8,25.82,7659375.0
2025-06-20,300316,晶盛机电,SZ,25.87,26.43,25.87,25.99,6607824.0
2025-06-23,300316,晶盛机电,SZ,25.82,26.18,25.68,26.13,5691604.0
2025-06-24,300316,晶盛机电,SZ,26.2,26.65,26.15,26.6,8414217.0
2025-06-25,300316,晶盛机电,SZ,26.55,26.94,26.43,26.94,9495007.0
2025-06-26,300316,晶盛机电,SZ,26.91,27.07,26.56,26.57,8702165.0
2025-06-27,300316,晶盛机电,SZ,26.66,27.13,26.66,26.95,10011479.0
2025-06-30,300316,晶盛机电,SZ,27.09,27.42,27.0,27.15,9142843.0
2025-07-01,300316,晶盛机电,SZ,27.08,27.19,26.88,27.12,6254401.0
2025-07-02,300316,晶盛机电,SZ,27.12,27.5,26.91,27.45,14417419.0
2025-07-03,300316,晶盛机电,SZ,27.28,27.44,27.05,27.2,8798124.0
2025-07-04,300316,晶盛机电,SZ,27.39,27.47,26.9,26.95,8189127.0
2025-07-07,300316,晶盛机电,SZ,26.88,27.01,26.71,26.76,4970830.0
2025-07-08,300316,晶盛机电,SZ,26.76,28.2,26.73,28.07,23921170.0
2025-07-09,300316,晶盛机电,SZ,28.06,28.38,27.77,27.84,10592261.0
2025-07-10,300316,晶盛机电,SZ,27.85,28.4,27.82,28.23,15376924.0
2025-07-11,300316,晶盛机电,SZ,28.3,28.31,28.0,28.1,9633500.0
2025-07-14,300316,晶盛机电,SZ,28.03,28.1,27.8,27.84,7121900.0
2025-07-15,300316,晶盛机电,SZ,27.8,27.94,27.22,27.41,10375722.0
2025-07-16,300316,晶盛机电,SZ,27.41,27.63,27.28,27.48,7214400.0
2025-07-17,300316,晶盛机电,SZ,27.65,27.75,27.35,27.6,8543652.0
2025-07-18,300316,晶盛机电,SZ,27.55,28.05,27.49,27.7,9072850.0
2025-07-21,300316,晶盛机电,SZ,27.77,28.17,27.63,28.11,10238467.0
2025-07-22,300316,晶盛机电,SZ,28.15,28.49,27.99,28.49,13027634.0
2025-07-23,300316,晶盛机电,SZ,28.58,28.86,28.1,28.16,12404364.0
2025-07-24,300316,晶盛机电,SZ,28.05,28.91,28.05,28.85,14070814.0
2025-07-25,300316,晶盛机电,SZ,28.84,28.9,28.52,28.7,8396400.0
2025-07-28,300316,晶盛机电,SZ,28.6,28.73,28.4,28.45,8590709.0
2025-07-29,300316,晶盛机电,SZ,28.47,29.7,28.27,29.21,19288350.0
2025-07-30,300316,晶盛机电,SZ,29.17,29.22,28.5,28.72,11047369.0
2025-07-31,300316,晶盛机电,SZ,28.65,28.83,27.8,27.88,14441425.0
2025-08-01,300316,晶盛机电,SZ,28.08,29.3,28.08,28.47,20539049.0
2025-08-04,300316,晶盛机电,SZ,28.3,28.3,27.77,28.03,12487590.0
2025-08-05,300316,晶盛机电,SZ,28.12,28.24,27.98,28.17,7277902.0
2025-08-06,300316,晶盛机电,SZ,28.16,28.58,27.99,28.57,11102505.0
2025-08-07,300316,晶盛机电,SZ,28.57,28.57,28.07,28.25,10198710.0
2025-08-08,300316,晶盛机电,SZ,28.17,28.53,28.07,28.1,11073314.0
2025-08-11,300316,晶盛机电,SZ,28.1,28.87,28.01,28.75,15551975.0
2025-08-12,300316,晶盛机电,SZ,28.66,28.81,28.37,28.75,11446053.0
2025-08-13,300316,晶盛机电,SZ,28.7,29.2,28.52,28.88,14591153.0
2025-08-14,300316,晶盛机电,SZ,28.89,29.05,28.27,28.34,15262919.0
2025-08-15,300316,晶盛机电,SZ,28.32,29.29,28.32,29.2,20287208.0
2025-08-18,300316,晶盛机电,SZ,29.63,29.97,29.22,29.68,22379522.0
2025-08-19,300316,晶盛机电,SZ,29.79,30.2,29.51,29.71,18585292.0
2025-08-20,300316,晶盛机电,SZ,29.71,30.36,29.51,30.35,21007155.0
2025-08-21,300316,晶盛机电,SZ,30.23,30.49,29.9,30.09,16831162.0
2025-08-22,300316,晶盛机电,SZ,29.92,30.56,29.91,30.47,19298058.0
2025-08-25,300316,晶盛机电,SZ,30.17,30.56,29.56,29.95,37022337.0
2025-08-26,300316,晶盛机电,SZ,29.79,30.35,29.58,29.8,19291743.0
2025-08-27,300316,晶盛机电,SZ,29.82,30.5,29.3,29.32,26916942.0
2025-08-28,300316,晶盛机电,SZ,29.2,30.89,29.2,30.68,34336010.0
2025-08-29,300316,晶盛机电,SZ,30.57,30.65,30.04,30.17,19713213.0
2025-09-01,300316,晶盛机电,SZ,30.24,30.65,29.93,30.46,18690950.0
2025-09-02,300316,晶盛机电,SZ,30.5,31.48,30.15,30.34,38006225.0
2025-09-03,300316,晶盛机电,SZ,30.34,30.86,29.68,29.94,23942028.0
2025-09-04,300316,晶盛机电,SZ,29.94,31.15,29.2,29.6,32470080.0
2025-09-05,300316,晶盛机电,SZ,29.55,35.5,29.55,35.0,88586132.0
2025-09-08,300316,晶盛机电,SZ,35.97,35.98,34.15,34.69,72545069.0
2025-09-09,300316,晶盛机电,SZ,34.25,34.94,33.18,33.26,45262622.0
2025-09-10,300316,晶盛机电,SZ,33.61,34.91,33.03,34.55,50392181.0
2025-09-11,300316,晶盛机电,SZ,34.21,36.01,33.83,35.92,52063853.0
2025-09-12,300316,晶盛机电,SZ,36.58,37.73,34.94,35.09,60131982.0
2025-09-15,300316,晶盛机电,SZ,36.01,40.69,35.33,38.07,69610874.0
2025-09-16,300316,晶盛机电,SZ,38.0,39.68,37.81,38.95,53649421.0
2025-09-17,300316,晶盛机电,SZ,38.49,39.38,37.57,38.51,42309537.0
2025-09-18,300316,晶盛机电,SZ,38.33,39.29,36.53,37.82,50205336.0
2025-09-19,300316,晶盛机电,SZ,38.5,39.86,38.5,38.62,48694661.0
2025-09-22,300316,晶盛机电,SZ,38.63,39.65,37.41,39.49,43364504.0
2025-09-23,300316,晶盛机电,SZ,39.5,39.5,37.51,38.09,36104068.0
2025-09-24,300316,晶盛机电,SZ,37.8,39.0,36.85,38.48,38925192.0
2025-09-25,300316,晶盛机电,SZ,38.7,41.26,38.49,39.85,49343559.0
2025-09-26,300316,晶盛机电,SZ,39.51,45.95,39.18,44.95,72531179.0
2025-09-29,300316,晶盛机电,SZ,44.33,48.88,44.02,45.03,77914954.0
2025-09-30,300316,晶盛机电,SZ,45.74,46.95,44.98,45.51,54525931.0
2025-10-09,300316,晶盛机电,SZ,45.2,48.45,44.73,47.56,56411465.0
2025-10-10,300316,晶盛机电,SZ,46.02,46.58,42.51,42.53,57074246.0
2025-10-13,300316,晶盛机电,SZ,41.0,43.8,40.77,43.33,34420162.0
2025-10-14,300316,晶盛机电,SZ,43.5,45.42,41.97,43.44,47626302.0
2025-10-15,300316,晶盛机电,SZ,42.74,43.31,41.2,42.15,35301209.0
2025-10-16,300316,晶盛机电,SZ,42.09,42.35,40.67,40.82,31375241.0
2025-10-17,300316,晶盛机电,SZ,40.78,40.78,37.71,37.71,45912524.0
2025-10-20,300316,晶盛机电,SZ,38.5,39.36,38.25,39.05,31291911.0
2025-10-21,300316,晶盛机电,SZ,39.06,41.59,39.05,41.18,40044553.0
2025-10-22,300316,晶盛机电,SZ,40.43,41.41,40.39,40.92,20021932.0
2025-10-23,300316,晶盛机电,SZ,40.75,41.47,39.72,40.38,22219119.0
2025-10-24,300316,晶盛机电,SZ,40.6,42.43,40.6,42.08,27492896.0
2025-10-27,300316,晶盛机电,SZ,42.08,42.38,39.3,40.15,43050718.0
2025-10-28,300316,晶盛机电,SZ,40.0,40.35,39.13,39.37,22117305.0
2025-10-29,300316,晶盛机电,SZ,39.37,40.99,39.28,40.83,25747308.0
2025-10-30,300316,晶盛机电,SZ,40.71,40.97,39.5,39.58,20449041.0
2025-10-31,300316,晶盛机电,SZ,39.45,40.44,38.98,39.0,17397852.0
2025-11-03,300316,晶盛机电,SZ,39.0,39.8,37.9,39.35,19342802.0
2025-11-04,300316,晶盛机电,SZ,39.22,39.51,37.91,38.18,14805614.0
2025-11-05,300316,晶盛机电,SZ,37.59,39.76,37.51,39.4,18665800.0
2025-11-06,300316,晶盛机电,SZ,39.45,39.92,38.78,39.42,14061568.0
2025-11-07,300316,晶盛机电,SZ,39.0,40.5,38.52,39.8,25558837.0
2025-11-10,300316,晶盛机电,SZ,40.03,43.2,40.03,41.15,40279109.0
2025-11-11,300316,晶盛机电,SZ,41.18,42.26,41.03,41.77,31821232.0
2025-11-12,300316,晶盛机电,SZ,41.5,41.7,38.63,38.75,29176587.0
2025-11-13,300316,晶盛机电,SZ,39.52,40.35,38.88,38.93,19495266.0
2025-11-14,300316,晶盛机电,SZ,38.8,41.28,38.15,39.55,24627055.0
2025-11-17,300316,晶盛机电,SZ,39.54,39.68,38.22,38.35,15009534.0
2025-11-18,300316,晶盛机电,SZ,38.22,38.65,36.55,36.83,26359876.0
2025-11-19,300316,晶盛机电,SZ,36.85,37.3,35.4,35.6,23071677.0
2025-11-20,300316,晶盛机电,SZ,35.98,36.08,34.92,35.4,17747153.0
2025-11-21,300316,晶盛机电,SZ,35.01,35.4,33.96,34.09,15648921.0
2025-11-24,300316,晶盛机电,SZ,34.48,34.88,33.8,34.43,13526558.0
2025-11-25,300316,晶盛机电,SZ,34.6,35.15,34.45,34.59,13048492.0
2025-11-26,300316,晶盛机电,SZ,34.48,36.98,34.2,36.09,29369051.0
2025-11-27,300316,晶盛机电,SZ,36.15,37.03,35.46,35.53,21856456.0
2025-11-28,300316,晶盛机电,SZ,35.41,37.76,35.28,36.51,25898341.0
2025-12-01,300316,晶盛机电,SZ,36.2,36.94,35.67,36.24,16282903.0
2025-12-02,300316,晶盛机电,SZ,35.88,36.61,35.7,35.95,10783582.0
2025-12-03,300316,晶盛机电,SZ,35.9,36.39,35.36,35.47,12998388.0
2025-12-04,300316,晶盛机电,SZ,35.33,35.8,34.92,35.57,9984202.0
2025-12-05,300316,晶盛机电,SZ,35.58,35.68,35.05,35.35,10502849.0
2025-12-08,300316,晶盛机电,SZ,35.55,36.88,35.53,36.53,17960820.0
2025-12-09,300316,晶盛机电,SZ,36.28,36.36,35.74,36.29,12091345.0
2025-12-10,300316,晶盛机电,SZ,36.37,37.05,35.85,36.77,18875603.0
2025-12-11,300316,晶盛机电,SZ,36.77,37.19,35.85,35.85,13345317.0
2025-12-12,300316,晶盛机电,SZ,35.98,36.4,35.05,36.02,15765947.0
2025-12-15,300316,晶盛机电,SZ,35.89,36.49,34.63,34.77,15321039.0
2025-12-16,300316,晶盛机电,SZ,34.66,34.77,33.26,33.55,15193016.0
2025-12-17,300316,晶盛机电,SZ,33.76,34.28,33.25,34.17,12607876.0
2025-12-18,300316,晶盛机电,SZ,34.0,34.68,33.81,34.08,10822655.0
2025-12-19,300316,晶盛机电,SZ,34.04,35.25,34.04,34.68,13712002.0
2025-12-22,300316,晶盛机电,SZ,34.98,38.1,34.51,37.33,32712828.0
2025-12-23,300316,晶盛机电,SZ,37.2,39.09,37.09,38.08,30282176.0
2025-12-24,300316,晶盛机电,SZ,38.27,40.45,38.1,39.43,34415924.0
2025-12-25,300316,晶盛机电,SZ,39.33,39.67,38.26,38.82,22085985.0
2025-12-26,300316,晶盛机电,SZ,39.09,39.2,38.08,38.34,20668013.0
2025-12-29,300316,晶盛机电,SZ,38.22,38.67,37.81,37.97,14876542.0
2025-12-30,300316,晶盛机电,SZ,37.66,37.97,37.3,37.54,12629422.0
2025-12-31,300316,晶盛机电,SZ,37.75,37.85,36.61,36.75,15212854.0
2026-01-05,300316,晶盛机电,SZ,37.05,37.54,36.61,37.0,18974969.0
2026-01-06,300316,晶盛机电,SZ,37.24,38.1,37.14,37.86,27467194.0
2026-01-07,300316,晶盛机电,SZ,37.89,38.98,37.89,38.61,34220688.0
2026-01-08,300316,晶盛机电,SZ,38.68,39.5,38.23,38.86,29592677.0
2026-01-09,300316,晶盛机电,SZ,38.6,39.1,37.9,38.56,29545110.0
2026-01-12,300316,晶盛机电,SZ,38.03,42.0,37.97,40.92,52105498.0
2026-01-13,300316,晶盛机电,SZ,40.0,40.49,38.08,38.94,44092150.0
2026-01-14,300316,晶盛机电,SZ,38.92,40.19,38.52,39.08,36097670.0
2026-01-15,300316,晶盛机电,SZ,38.6,39.09,38.02,38.58,22208317.0
2026-01-16,300316,晶盛机电,SZ,38.85,42.5,38.76,42.1,67300513.0
2026-01-19,300316,晶盛机电,SZ,43.8,44.1,41.94,42.5,57441518.0
2026-01-20,300316,晶盛机电,SZ,41.91,43.33,41.1,41.54,35151157.0
2026-01-21,300316,晶盛机电,SZ,41.0,41.84,40.52,40.66,33472811.0
2026-01-22,300316,晶盛机电,SZ,41.21,43.99,41.21,43.24,56593027.0
2026-01-23,300316,晶盛机电,SZ,45.2,51.89,45.05,51.88,109229501.0
2026-01-26,300316,晶盛机电,SZ,49.92,50.69,45.8,46.38,76419524.0
2026-01-27,300316,晶盛机电,SZ,45.51,47.22,43.89,46.85,62003330.0
2026-01-28,300316,晶盛机电,SZ,46.97,47.21,44.9,45.21,36872959.0
2026-01-29,300316,晶盛机电,SZ,45.21,49.3,44.72,46.92,64171906.0
2026-01-30,300316,晶盛机电,SZ,45.88,46.61,42.03,44.52,56460300.0
2026-02-02,300316,晶盛机电,SZ,46.01,48.42,45.41,46.93,60939323.0
2026-02-03,300316,晶盛机电,SZ,47.87,56.0,47.79,55.07,90494470.0
2026-02-04,300316,晶盛机电,SZ,55.07,65.9,54.45,62.21,124749733.0
2026-02-05,300316,晶盛机电,SZ,57.55,58.88,55.01,56.08,92371692.0
2026-02-06,300316,晶盛机电,SZ,54.41,57.68,53.78,55.7,76588748.0
2026-02-09,300316,晶盛机电,SZ,57.5,60.6,55.62,56.69,86586729.0
2026-02-10,300316,晶盛机电,SZ,55.6,57.06,54.79,55.03,52558638.0
2026-02-11,300316,晶盛机电,SZ,54.86,55.46,53.3,53.41,39205593.0
2026-02-12,300316,晶盛机电,SZ,52.97,53.49,52.18,52.86,35261397.0
2026-02-13,300316,晶盛机电,SZ,52.2,52.5,50.98,51.11,27407357.0
2026-02-24,300316,晶盛机电,SZ,52.3,52.58,51.02,51.56,28532971.0
2026-02-25,300316,晶盛机电,SZ,51.88,54.5,51.1,53.7,55596078.0
2026-02-26,300316,晶盛机电,SZ,53.0,56.2,51.87,55.73,54538206.0
2026-02-27,300316,晶盛机电,SZ,54.91,56.95,54.33,55.74,43788335.0
2026-03-02,300316,晶盛机电,SZ,54.48,58.22,54.48,56.08,57079668.0
2026-03-03,300316,晶盛机电,SZ,55.8,56.57,49.9,50.87,60382499.0
2026-03-04,300316,晶盛机电,SZ,49.47,51.3,49.0,49.42,33990976.0
2026-03-05,300316,晶盛机电,SZ,50.55,50.7,47.68,48.01,35852295.0
2026-03-06,300316,晶盛机电,SZ,47.69,48.28,47.09,47.4,22885072.0
2026-03-09,300316,晶盛机电,SZ,46.68,47.13,44.8,46.64,32331692.0
2026-03-10,300316,晶盛机电,SZ,47.3,48.8,46.49,48.43,35682622.0
2026-03-11,300316,晶盛机电,SZ,48.4,50.0,47.78,47.91,37988172.0
2026-03-12,300316,晶盛机电,SZ,47.71,48.27,46.1,47.1,29905364.0
2026-03-13,300316,晶盛机电,SZ,46.95,48.81,46.32,47.21,28016088.0
2026-03-16,300316,晶盛机电,SZ,47.36,47.68,45.3,46.59,19173372.0
2026-03-17,300316,晶盛机电,SZ,46.97,47.7,45.31,45.35,19698451.0
2026-03-18,300316,晶盛机电,SZ,45.75,46.26,44.72,45.2,16669284.0
2026-03-19,300316,晶盛机电,SZ,44.55,44.87,43.4,43.75,21396529.0
2026-03-20,300316,晶盛机电,SZ,44.36,47.43,43.3,45.74,49267157.0
2026-03-23,300316,晶盛机电,SZ,45.15,47.14,45.15,45.78,42977748.0
2026-03-24,300316,晶盛机电,SZ,46.21,46.8,42.8,44.8,33286964.0
2026-03-25,300316,晶盛机电,SZ,44.68,46.35,44.14,44.34,28048225.0
2026-03-26,300316,晶盛机电,SZ,44.39,44.56,42.71,43.07,22663327.0
2026-03-27,300316,晶盛机电,SZ,42.77,44.17,42.42,43.45,17834122.0
2026-03-30,300316,晶盛机电,SZ,42.8,43.44,40.9,42.02,26595053.0
2026-03-31,300316,晶盛机电,SZ,42.02,43.28,41.11,41.11,19271285.0
2026-04-01,300316,晶盛机电,SZ,42.09,43.88,41.36,42.35,25180442.0
2026-04-02,300316,晶盛机电,SZ,42.18,42.68,41.12,41.43,12709610.0
2026-04-03,300316,晶盛机电,SZ,41.44,42.15,40.77,40.79,13881385.0
2022-03-11,700,腾讯控股,HK,369.0,360.0,375.4,367.8,48435608.0
2022-03-14,700,腾讯控股,HK,353.0,330.0,359.6,331.8,66910165.0
2022-03-15,700,腾讯控股,HK,305.2,297.0,333.2,298.0,118398276.0
2022-03-16,700,腾讯控股,HK,315.2,310.4,370.8,367.0,107736861.0
2022-03-17,700,腾讯控股,HK,401.0,373.6,401.0,390.0,69692613.0
2022-03-18,700,腾讯控股,HK,380.0,371.0,392.8,381.0,37714558.0
2022-03-21,700,腾讯控股,HK,392.2,370.4,392.4,372.4,30703044.0
2022-03-22,700,腾讯控股,HK,370.0,362.0,389.0,388.0,31006056.0
2022-03-23,700,腾讯控股,HK,399.0,385.2,403.6,389.0,42256861.0
2022-03-24,700,腾讯控股,HK,373.0,365.0,381.6,366.0,46931459.0
2022-03-25,700,腾讯控股,HK,358.6,351.0,368.4,356.4,38297070.0
2022-03-28,700,腾讯控股,HK,358.0,354.0,372.6,366.4,26933320.0
2022-03-29,700,腾讯控股,HK,371.0,370.0,380.4,377.2,20901992.0
2022-03-30,700,腾讯控股,HK,383.0,380.2,388.6,380.6,26951872.0
2022-03-31,700,腾讯控股,HK,382.4,372.6,382.4,374.2,14589554.0
2022-04-01,700,腾讯控股,HK,367.0,362.2,378.8,378.8,14496674.0
2022-04-04,700,腾讯控股,HK,388.8,383.8,391.0,390.0,15665556.0
2022-04-06,700,腾讯控股,HK,383.0,380.0,385.0,381.0,17127923.0
2022-04-07,700,腾讯控股,HK,375.6,373.8,383.6,374.4,15874056.0
2022-04-08,700,腾讯控股,HK,370.0,366.0,372.2,369.6,19600870.0
2022-04-11,700,腾讯控股,HK,366.0,353.0,366.2,353.6,22788891.0
2022-04-12,700,腾讯控股,HK,363.8,358.6,372.6,366.4,26409818.0
2022-04-13,700,腾讯控股,HK,366.0,361.8,379.0,373.6,21642119.0
2022-04-14,700,腾讯控股,HK,378.8,372.6,379.0,374.4,15160373.0
2022-04-19,700,腾讯控股,HK,365.8,361.0,367.6,364.0,17741106.0
2022-04-20,700,腾讯控股,HK,364.6,361.6,368.8,362.0,10853604.0
2022-04-21,700,腾讯控股,HK,352.0,343.0,356.2,348.0,25738562.0
2022-04-22,700,腾讯控股,HK,334.8,334.2,343.0,340.6,28031299.0
2022-04-25,700,腾讯控股,HK,332.2,325.2,338.6,327.4,25788422.0
2022-04-26,700,腾讯控股,HK,332.2,330.6,341.6,335.8,27288328.0
2022-04-27,700,腾讯控股,HK,332.0,328.2,338.6,334.8,23408627.0
2022-04-28,700,腾讯控股,HK,340.6,331.2,340.6,339.8,21233188.0
2022-04-29,700,腾讯控股,HK,339.0,337.4,388.0,377.4,47467097.0
2022-05-03,700,腾讯控股,HK,379.0,365.4,384.8,380.0,25571291.0
2022-05-04,700,腾讯控股,HK,374.4,366.2,375.8,368.4,14101831.0
2022-05-05,700,腾讯控股,HK,375.8,366.4,378.0,366.4,21393922.0
2022-05-06,700,腾讯控股,HK,352.6,347.0,355.4,349.2,22923262.0
2022-05-10,700,腾讯控股,HK,332.0,330.0,345.4,341.2,28398736.0
2022-05-11,700,腾讯控股,HK,339.6,339.6,362.0,350.4,24348791.0
2022-05-12,700,腾讯控股,HK,342.8,341.8,352.2,344.2,20022898.0
2022-05-13,700,腾讯控股,HK,350.0,350.0,357.2,354.4,19487577.0
2022-05-16,700,腾讯控股,HK,360.0,347.2,362.4,350.0,15558023.0
2022-05-17,700,腾讯控股,HK,354.4,354.4,369.4,368.4,30117051.0
2022-05-18,700,腾讯控股,HK,375.2,358.0,375.2,365.6,28343560.0
2022-05-19,700,腾讯控股,HK,342.0,334.0,343.6,341.8,60149532.0
2022-05-20,700,腾讯控股,HK,348.0,346.0,354.8,352.2,28325659.0
2022-05-23,700,腾讯控股,HK,349.6,342.0,350.6,346.8,17034672.0
2022-05-24,700,腾讯控股,HK,342.8,336.4,347.6,338.0,19699960.0
2022-05-25,700,腾讯控股,HK,334.8,334.0,339.8,334.0,21553207.0
2022-05-26,700,腾讯控股,HK,335.0,330.0,335.8,334.2,18496371.0
2022-05-27,700,腾讯控股,HK,345.6,338.2,347.8,341.8,20760810.0
2022-05-30,700,腾讯控股,HK,345.8,344.4,351.2,350.0,22298377.0
2022-05-31,700,腾讯控股,HK,349.0,346.4,363.0,362.4,64756621.0
2022-06-01,700,腾讯控股,HK,362.0,357.8,366.2,360.4,26920272.0
2022-06-02,700,腾讯控股,HK,355.0,353.8,360.6,359.0,14182488.0
2022-06-06,700,腾讯控股,HK,362.0,356.0,369.4,367.6,23900121.0
2022-06-07,700,腾讯控股,HK,372.0,363.0,374.8,367.6,27086986.0
2022-06-08,700,腾讯控股,HK,375.0,373.2,391.4,391.4,47476909.0
2022-06-09,700,腾讯控股,HK,404.0,389.0,406.8,394.8,39147100.0
2022-06-10,700,腾讯控股,HK,384.4,383.0,398.2,396.4,29755765.0
2022-06-13,700,腾讯控股,HK,383.6,373.6,386.8,377.0,24938012.0
2022-06-14,700,腾讯控股,HK,367.4,367.4,378.4,376.0,16307664.0
2022-06-15,700,腾讯控股,HK,376.0,375.2,382.2,379.8,21242678.0
2022-06-16,700,腾讯控股,HK,380.0,364.0,382.4,367.6,22143706.0
2022-06-17,700,腾讯控股,HK,361.8,361.8,374.6,369.4,19483010.0
2022-06-20,700,腾讯控股,HK,370.0,364.6,374.0,370.8,11639693.0
2022-06-21,700,腾讯控股,HK,371.8,370.2,381.0,381.0,15013276.0
2022-06-22,700,腾讯控股,HK,380.8,370.0,380.8,370.0,13714137.0
2022-06-23,700,腾讯控股,HK,371.8,369.0,379.4,375.0,12620777.0
2022-06-24,700,腾讯控股,HK,379.4,374.2,386.0,384.2,18197838.0
2022-06-27,700,腾讯控股,HK,387.0,374.6,400.2,378.2,57400982.0
2022-06-28,700,腾讯控股,HK,372.8,356.4,373.4,365.8,58585070.0
2022-06-29,700,腾讯控股,HK,360.0,356.2,370.4,365.0,34975785.0
2022-06-30,700,腾讯控股,HK,360.0,354.0,363.6,354.4,33385197.0
2022-07-04,700,腾讯控股,HK,354.4,344.4,356.4,347.0,38455595.0
2022-07-05,700,腾讯控股,HK,348.0,347.4,353.4,348.8,19486553.0
2022-07-06,700,腾讯控股,HK,349.0,340.8,353.0,347.6,24822317.0
2022-07-07,700,腾讯控股,HK,343.2,342.8,351.6,351.6,18985683.0
2022-07-08,700,腾讯控股,HK,357.2,348.6,357.2,352.6,18754352.0
2022-07-11,700,腾讯控股,HK,344.4,340.2,346.2,342.4,20598133.0
2022-07-12,700,腾讯控股,HK,338.6,336.2,340.8,337.8,17307064.0
2022-07-13,700,腾讯控股,HK,338.6,335.0,341.2,335.4,17134245.0
2022-07-14,700,腾讯控股,HK,334.6,332.0,337.4,335.0,16774995.0
2022-07-15,700,腾讯控股,HK,330.0,323.2,332.4,325.0,26328504.0
2022-07-18,700,腾讯控股,HK,326.4,321.0,333.8,332.6,20372247.0
2022-07-19,700,腾讯控股,HK,331.4,330.0,338.4,333.2,12655564.0
2022-07-20,700,腾讯控股,HK,342.0,338.0,342.8,338.6,15982772.0
2022-07-21,700,腾讯控股,HK,335.0,329.2,336.6,334.0,19107287.0
2022-07-22,700,腾讯控股,HK,337.6,330.0,339.6,332.0,15081236.0
2022-07-25,700,腾讯控股,HK,329.6,321.6,330.0,326.4,16847756.0
2022-07-26,700,腾讯控股,HK,324.6,323.2,330.4,329.4,13863359.0
2022-07-27,700,腾讯控股,HK,325.0,320.0,327.8,320.2,19816350.0
2022-07-28,700,腾讯控股,HK,324.6,320.0,325.8,320.8,15349399.0
2022-07-29,700,腾讯控股,HK,320.8,305.0,323.4,306.8,37194352.0
2022-08-01,700,腾讯控股,HK,302.0,299.6,304.8,299.6,39993630.0
2022-08-02,700,腾讯控股,HK,295.2,288.0,295.8,295.0,42691346.0
2022-08-03,700,腾讯控股,HK,299.0,298.0,306.4,302.6,27403685.0
2022-08-04,700,腾讯控股,HK,307.8,305.2,312.0,312.0,19792022.0
2022-08-05,700,腾讯控股,HK,313.4,304.2,314.0,307.6,16442481.0
2022-08-08,700,腾讯控股,HK,302.4,298.2,305.8,299.4,15046951.0
2022-08-09,700,腾讯控股,HK,300.0,296.4,304.4,298.0,14193448.0
2022-08-10,700,腾讯控股,HK,299.6,292.2,299.8,295.6,15358607.0
2022-08-11,700,腾讯控股,HK,299.2,298.2,304.6,303.6,14861997.0
2022-08-12,700,腾讯控股,HK,304.6,300.2,304.6,304.2,10981685.0
2022-08-15,700,腾讯控股,HK,301.8,299.0,305.8,300.4,11622138.0
2022-08-16,700,腾讯控股,HK,302.0,292.6,306.0,303.0,23529966.0
2022-08-17,700,腾讯控股,HK,303.0,297.0,305.8,303.2,17616313.0
2022-08-18,700,腾讯控股,HK,316.0,309.4,316.0,312.6,32206273.0
2022-08-19,700,腾讯控股,HK,312.6,312.2,320.0,315.0,23266775.0
2022-08-22,700,腾讯控股,HK,312.2,308.2,315.6,310.6,14775320.0
2022-08-23,700,腾讯控股,HK,312.0,309.0,314.0,312.8,13530189.0
2022-08-24,700,腾讯控股,HK,313.8,307.4,315.4,310.0,13050814.0
2022-08-25,700,腾讯控股,HK,312.6,312.6,325.4,325.0,19441009.0
2022-08-26,700,腾讯控股,HK,330.2,321.4,330.8,324.2,18576228.0
2022-08-29,700,腾讯控股,HK,319.0,316.8,324.8,323.0,12394983.0
2022-08-30,700,腾讯控股,HK,323.0,313.8,323.8,323.6,14042944.0
2022-08-31,700,腾讯控股,HK,315.0,314.8,334.6,327.2,26206525.0
2022-09-01,700,腾讯控股,HK,327.0,324.0,333.6,324.6,23932337.0
2022-09-02,700,腾讯控股,HK,323.8,322.2,330.6,328.6,25490848.0
2022-09-05,700,腾讯控股,HK,324.0,316.0,324.8,319.0,20370608.0
2022-09-06,700,腾讯控股,HK,319.0,311.6,321.6,314.2,16233176.0
2022-09-07,700,腾讯控股,HK,309.2,306.2,312.4,311.6,15178496.0
2022-09-08,700,腾讯控股,HK,306.8,300.2,310.6,301.8,23574804.0
2022-09-09,700,腾讯控股,HK,299.0,299.0,309.4,307.0,17162625.0
2022-09-13,700,腾讯控股,HK,308.6,304.4,308.8,304.8,17173715.0
2022-09-14,700,腾讯控股,HK,300.4,299.0,304.2,299.6,17988979.0
2022-09-15,700,腾讯控股,HK,299.2,299.2,302.4,300.0,13321901.0
2022-09-16,700,腾讯控股,HK,297.4,293.2,299.4,293.2,24944190.0
2022-09-19,700,腾讯控股,HK,292.2,288.2,292.8,289.0,22924233.0
2022-09-20,700,腾讯控股,HK,292.4,292.4,296.6,293.4,15136256.0
2022-09-21,700,腾讯控股,HK,290.4,286.0,291.4,286.0,16093175.0
2022-09-22,700,腾讯控股,HK,282.0,279.2,285.4,283.0,17537491.0
2022-09-23,700,腾讯控股,HK,278.6,275.0,281.4,275.0,19674705.0
2022-09-26,700,腾讯控股,HK,273.2,273.2,287.6,283.2,24646712.0
2022-09-27,700,腾讯控股,HK,282.4,275.2,283.2,280.8,22729235.0
2022-09-28,700,腾讯控股,HK,279.8,273.4,279.8,274.0,22159591.0
2022-09-29,700,腾讯控股,HK,278.2,268.2,283.8,270.6,20159158.0
2022-09-30,700,腾讯控股,HK,266.8,263.6,276.4,266.4,22458387.0
2022-10-03,700,腾讯控股,HK,264.0,259.4,266.8,263.8,13987290.0
2022-10-05,700,腾讯控股,HK,274.8,271.2,280.0,279.0,18141455.0
2022-10-06,700,腾讯控股,HK,279.0,275.0,282.6,277.8,10374051.0
2022-10-07,700,腾讯控股,HK,273.8,270.0,274.4,270.6,9981032.0
2022-10-10,700,腾讯控股,HK,266.0,262.8,268.4,263.8,15679704.0
2022-10-11,700,腾讯控股,HK,261.6,254.2,262.4,254.6,21324035.0
2022-10-12,700,腾讯控股,HK,251.0,248.0,264.0,253.6,32025105.0
2022-10-13,700,腾讯控股,HK,254.4,246.2,255.0,246.2,22159044.0
2022-10-14,700,腾讯控股,HK,250.0,248.4,258.8,249.2,31457117.0
2022-10-17,700,腾讯控股,HK,245.2,240.8,250.8,247.2,26319069.0
2022-10-18,700,腾讯控股,HK,252.0,249.4,256.6,254.4,22129580.0
2022-10-19,700,腾讯控股,HK,251.6,243.6,252.6,244.0,20957367.0
2022-10-20,700,腾讯控股,HK,237.0,231.0,239.2,232.4,49410926.0
2022-10-21,700,腾讯控股,HK,232.0,230.2,236.4,232.8,26545936.0
2022-10-24,700,腾讯控股,HK,224.0,205.2,226.0,206.2,85067932.0
2022-10-25,700,腾讯控股,HK,202.0,198.6,215.6,206.4,73016944.0
2022-10-26,700,腾讯控股,HK,204.8,202.2,218.4,211.6,50349233.0
2022-10-27,700,腾讯控股,HK,221.2,211.8,222.0,213.2,42717088.0
2022-10-28,700,腾讯控股,HK,210.0,200.0,211.4,200.8,40832142.0
2022-10-31,700,腾讯控股,HK,201.8,199.0,216.6,205.6,49512538.0
2022-11-01,700,腾讯控股,HK,207.8,207.8,231.8,227.4,77842280.0
2022-11-02,700,腾讯控股,HK,225.6,220.0,232.0,230.6,35145104.0
2022-11-03,700,腾讯控股,HK,226.0,220.2,230.2,221.4,30634922.0
2022-11-04,700,腾讯控股,HK,224.4,224.4,247.4,238.6,67156433.0
2022-11-07,700,腾讯控股,HK,233.8,231.6,249.6,245.4,43980248.0
2022-11-08,700,腾讯控股,HK,243.4,242.8,252.0,245.8,23541345.0
2022-11-09,700,腾讯控股,HK,244.0,233.8,248.4,236.8,31658705.0
2022-11-10,700,腾讯控股,HK,229.0,229.0,234.4,231.4,23257794.0
2022-11-11,700,腾讯控股,HK,253.0,245.4,260.8,258.4,53013204.0
2022-11-14,700,腾讯控股,HK,269.2,257.2,276.6,260.6,48396603.0
2022-11-15,700,腾讯控股,HK,262.0,258.2,288.2,288.0,63102526.0
2022-11-16,700,腾讯控股,HK,285.6,280.0,296.8,294.4,61785142.0
2022-11-17,700,腾讯控股,HK,298.6,281.2,299.4,292.0,69820587.0
2022-11-18,700,腾讯控股,HK,300.0,286.4,302.8,287.8,44759245.0
2022-11-21,700,腾讯控股,HK,282.2,274.6,286.6,283.2,31308860.0
2022-11-22,700,腾讯控股,HK,280.2,274.6,286.4,277.4,28461436.0
2022-11-23,700,腾讯控股,HK,277.8,277.4,284.8,282.0,23380469.0
2022-11-24,700,腾讯控股,HK,286.4,279.0,289.4,280.4,17174522.0
2022-11-25,700,腾讯控股,HK,277.0,268.4,277.8,273.0,31317632.0
2022-11-28,700,腾讯控股,HK,259.0,259.0,271.4,270.0,33498674.0
2022-11-29,700,腾讯控股,HK,276.4,273.8,286.0,285.8,33140777.0
2022-11-30,700,腾讯控股,HK,283.6,280.0,292.6,287.2,46633723.0
2022-12-01,700,腾讯控股,HK,298.0,292.6,303.8,294.4,45550089.0
2022-12-02,700,腾讯控股,HK,296.0,291.6,299.6,296.0,25087186.0
2022-12-05,700,腾讯控股,HK,310.0,302.4,317.0,314.0,59827141.0
2022-12-06,700,腾讯控股,HK,307.8,307.2,313.8,311.8,29059056.0
2022-12-07,700,腾讯控股,HK,309.8,299.0,318.6,300.2,41107551.0
2022-12-08,700,腾讯控股,HK,304.2,304.2,318.0,317.4,34092432.0
2022-12-09,700,腾讯控股,HK,318.8,314.4,326.6,325.6,40400176.0
2022-12-12,700,腾讯控股,HK,318.4,315.4,324.8,317.6,20509991.0
2022-12-13,700,腾讯控股,HK,316.0,315.6,325.0,318.4,20313254.0
2022-12-14,700,腾讯控股,HK,322.2,318.4,327.8,325.0,24238494.0
2022-12-15,700,腾讯控股,HK,325.0,316.0,326.6,317.6,18962052.0
2022-12-16,700,腾讯控股,HK,314.0,311.6,321.4,316.8,25128603.0
2022-12-19,700,腾讯控股,HK,320.4,316.8,328.8,320.4,24897178.0
2022-12-20,700,腾讯控股,HK,318.8,306.4,318.8,309.4,29056421.0
2022-12-21,700,腾讯控股,HK,311.0,308.0,313.2,311.0,15323874.0
2022-12-22,700,腾讯控股,HK,319.0,316.4,325.8,323.8,24251750.0
2022-12-23,700,腾讯控股,HK,318.0,317.2,326.0,320.2,15502697.0
2022-12-28,700,腾讯控股,HK,325.0,321.8,329.6,326.2,24188394.0
2022-12-29,700,腾讯控股,HK,323.0,323.0,336.0,335.2,30087456.0
2022-12-30,700,腾讯控股,HK,339.0,331.4,343.8,334.0,27211337.0
2023-01-03,700,腾讯控股,HK,334.0,328.8,345.8,345.2,29957513.0
2023-01-04,700,腾讯控股,HK,350.0,349.0,361.0,361.0,37429922.0
2023-01-05,700,腾讯控股,HK,358.0,343.6,362.2,347.8,40803927.0
2023-01-06,700,腾讯控股,HK,353.6,346.8,359.4,349.4,27092487.0
2023-01-09,700,腾讯控股,HK,355.0,351.6,362.4,362.0,28323733.0
2023-01-10,700,腾讯控股,HK,365.0,357.0,365.8,362.4,19854116.0
2023-01-11,700,腾讯控股,HK,369.8,366.6,378.8,373.8,35722217.0
2023-01-12,700,腾讯控股,HK,379.0,356.4,379.6,364.0,40547528.0
2023-01-13,700,腾讯控股,HK,364.6,356.2,372.4,371.4,20970696.0
2023-01-16,700,腾讯控股,HK,372.2,364.0,376.4,370.2,19986153.0
2023-01-17,700,腾讯控股,HK,370.6,366.0,375.6,373.8,16103837.0
2023-01-18,700,腾讯控股,HK,380.0,371.0,381.0,380.0,27122730.0
2023-01-19,700,腾讯控股,HK,377.0,374.6,385.0,382.8,17351698.0
2023-01-20,700,腾讯控股,HK,390.0,385.0,392.2,391.8,16863710.0
2023-01-26,700,腾讯控股,HK,400.0,398.4,406.8,406.8,23729091.0
2023-01-27,700,腾讯控股,HK,410.2,409.0,416.6,415.0,18625209.0
2023-01-30,700,腾讯控股,HK,407.6,384.0,411.0,387.2,53626689.0
2023-01-31,700,腾讯控股,HK,390.0,373.8,397.0,382.2,55756238.0
2023-02-01,700,腾讯控股,HK,385.6,373.6,387.0,385.0,31418879.0
2023-02-02,700,腾讯控股,HK,389.0,381.2,392.0,383.0,23755405.0
2023-02-03,700,腾讯控股,HK,381.6,375.4,386.6,385.0,25941959.0
2023-02-06,700,腾讯控股,HK,375.2,368.6,380.0,376.8,25591052.0
2023-02-07,700,腾讯控股,HK,381.0,377.4,386.0,380.0,19801656.0
2023-02-08,700,腾讯控股,HK,383.8,377.8,386.8,382.2,17269537.0
2023-02-09,700,腾讯控股,HK,381.2,380.0,397.0,395.6,26660695.0
2023-02-10,700,腾讯控股,HK,395.0,382.6,397.2,383.4,24606130.0
2023-02-13,700,腾讯控股,HK,379.2,376.6,388.6,386.6,20355691.0
2023-02-14,700,腾讯控股,HK,387.0,378.0,387.6,378.6,17932457.0
2023-02-15,700,腾讯控股,HK,382.2,372.4,382.2,377.0,16498472.0
2023-02-16,700,腾讯控股,HK,380.8,379.0,392.8,382.6,21914350.0
2023-02-17,700,腾讯控股,HK,385.2,373.0,387.4,373.8,17721575.0
2023-02-20,700,腾讯控股,HK,371.6,369.2,378.8,377.0,12312675.0
2023-02-21,700,腾讯控股,HK,375.2,358.2,375.4,361.8,29313236.0
2023-02-22,700,腾讯控股,HK,355.6,347.6,363.0,356.0,33151555.0
2023-02-23,700,腾讯控股,HK,350.8,348.4,363.4,356.0,19433112.0
2023-02-24,700,腾讯控股,HK,351.0,347.4,355.2,349.4,24415893.0
2023-02-27,700,腾讯控股,HK,345.0,342.8,354.4,349.4,20480043.0
2023-02-28,700,腾讯控股,HK,352.2,343.6,357.6,343.6,26006206.0
2023-03-01,700,腾讯控股,HK,347.4,346.0,370.8,368.8,35607254.0
2023-03-02,700,腾讯控股,HK,368.2,362.4,369.0,362.8,14796574.0
2023-03-03,700,腾讯控股,HK,372.2,364.4,374.8,367.6,17784504.0
2023-03-06,700,腾讯控股,HK,364.0,360.6,368.6,363.0,12628083.0
2023-03-07,700,腾讯控股,HK,362.8,355.0,368.8,357.0,17037998.0
2023-03-08,700,腾讯控股,HK,350.0,345.0,351.6,349.6,21208344.0
2023-03-09,700,腾讯控股,HK,348.0,340.2,349.2,340.2,17274863.0
2023-03-10,700,腾讯控股,HK,333.0,330.6,338.2,331.6,37596411.0
2023-03-13,700,腾讯控股,HK,340.4,337.4,351.6,344.8,27127633.0
2023-03-14,700,腾讯控股,HK,341.4,339.0,352.6,341.6,21324692.0
2023-03-15,700,腾讯控股,HK,350.4,344.2,353.8,344.6,16570551.0
2023-03-16,700,腾讯控股,HK,340.4,333.8,345.0,336.0,23728825.0
2023-03-17,700,腾讯控股,HK,340.8,339.4,346.6,339.4,29033159.0
2023-03-20,700,腾讯控股,HK,337.0,331.0,339.4,334.8,20437066.0
2023-03-21,700,腾讯控股,HK,334.8,330.4,347.0,343.6,21276362.0
2023-03-22,700,腾讯控股,HK,347.0,346.2,353.6,347.2,19654793.0
2023-03-23,700,腾讯控股,HK,353.6,352.4,375.8,375.6,46850205.0
2023-03-24,700,腾讯控股,HK,380.0,374.8,387.4,376.8,33215505.0
2023-03-27,700,腾讯控股,HK,374.6,362.6,378.0,362.8,25798653.0
2023-03-28,700,腾讯控股,HK,366.8,366.8,381.0,378.2,31337657.0
2023-03-29,700,腾讯控股,HK,397.0,382.0,397.6,384.8,36095299.0
2023-03-30,700,腾讯控股,HK,389.8,380.2,389.8,385.0,25243232.0
2023-03-31,700,腾讯控股,HK,390.0,384.0,394.0,385.8,25957481.0
2023-04-03,700,腾讯控股,HK,389.0,385.0,391.0,388.2,18773494.0
2023-04-04,700,腾讯控股,HK,383.2,382.2,388.6,385.0,14254252.0
2023-04-06,700,腾讯控股,HK,384.0,380.6,387.6,385.4,14945689.0
2023-04-11,700,腾讯控股,HK,389.0,371.4,390.0,376.6,21931068.0
2023-04-12,700,腾讯控股,HK,371.0,354.2,371.6,357.2,40470596.0
2023-04-13,700,腾讯控股,HK,350.0,347.4,364.0,363.2,24956481.0
2023-04-14,700,腾讯控股,HK,366.4,359.0,368.2,365.4,12744724.0
2023-04-17,700,腾讯控股,HK,364.6,360.4,372.0,371.0,15710199.0
2023-04-18,700,腾讯控股,HK,371.0,361.0,371.0,365.4,13686354.0
2023-04-19,700,腾讯控股,HK,363.0,355.0,363.0,357.2,16279391.0
2023-04-20,700,腾讯控股,HK,357.2,355.6,361.6,357.0,10530854.0
2023-04-21,700,腾讯控股,HK,353.2,346.0,355.6,349.2,16523648.0
2023-04-24,700,腾讯控股,HK,347.2,338.0,350.8,345.0,20470625.0
2023-04-25,700,腾讯控股,HK,341.6,333.0,341.6,338.4,20949955.0
2023-04-26,700,腾讯控股,HK,335.8,335.4,352.2,348.2,25018346.0
2023-04-27,700,腾讯控股,HK,347.0,340.2,348.0,345.0,14757831.0
2023-04-28,700,腾讯控股,HK,348.0,343.8,354.8,344.4,15394102.0
2023-05-02,700,腾讯控股,HK,352.0,342.2,354.4,345.8,8648798.0
2023-05-03,700,腾讯控股,HK,339.6,336.2,343.0,339.4,10551544.0
2023-05-04,700,腾讯控股,HK,340.6,333.0,343.6,337.8,17579228.0
2023-05-05,700,腾讯控股,HK,343.4,338.2,347.0,342.8,14814925.0
2023-05-08,700,腾讯控股,HK,344.0,337.6,347.6,340.8,10715881.0
2023-05-09,700,腾讯控股,HK,338.2,328.2,339.2,328.4,23541440.0
2023-05-10,700,腾讯控股,HK,327.0,325.4,331.4,329.6,15572919.0
2023-05-11,700,腾讯控股,HK,332.6,323.2,333.6,326.4,17571687.0
2023-05-12,700,腾讯控股,HK,331.8,327.0,334.4,328.2,17991214.0
2023-05-15,700,腾讯控股,HK,325.0,325.0,344.4,341.0,23740493.0
2023-05-16,700,腾讯控股,HK,348.0,342.8,348.0,344.8,14121222.0
2023-05-17,700,腾讯控股,HK,346.0,341.2,349.8,342.8,19562717.0
2023-05-18,700,腾讯控股,HK,341.2,329.4,343.0,339.8,34412000.0
2023-05-19,700,腾讯控股,HK,333.0,329.0,335.8,333.2,22685856.0
2023-05-22,700,腾讯控股,HK,331.8,328.2,344.4,340.2,20042131.0
2023-05-23,700,腾讯控股,HK,345.2,334.0,345.6,335.6,15019611.0
2023-05-24,700,腾讯控股,HK,331.2,330.6,336.8,332.4,13547979.0
2023-05-25,700,腾讯控股,HK,329.8,318.4,330.6,322.4,26028377.0
2023-05-29,700,腾讯控股,HK,327.2,311.2,327.2,313.2,28838839.0
2023-05-30,700,腾讯控股,HK,311.8,307.6,318.2,316.2,21736553.0
2023-05-31,700,腾讯控股,HK,314.6,306.0,314.6,310.6,32131907.0
2023-06-01,700,腾讯控股,HK,312.6,311.2,323.4,315.4,22951704.0
2023-06-02,700,腾讯控股,HK,327.6,323.4,334.2,334.2,32055423.0
2023-06-05,700,腾讯控股,HK,336.0,330.0,338.8,338.2,19890895.0
2023-06-06,700,腾讯控股,HK,338.0,329.0,339.2,331.2,16700158.0
2023-06-07,700,腾讯控股,HK,340.0,334.6,340.0,335.6,18254900.0
2023-06-08,700,腾讯控股,HK,332.8,328.2,335.2,334.8,13133723.0
2023-06-09,700,腾讯控股,HK,336.4,333.8,340.0,336.0,16184167.0
2023-06-12,700,腾讯控股,HK,340.0,334.2,340.0,338.4,13488760.0
2023-06-13,700,腾讯控股,HK,339.6,338.0,348.4,344.8,23119808.0
2023-06-14,700,腾讯控股,HK,346.6,344.0,353.4,345.6,22081967.0
2023-06-15,700,腾讯控股,HK,353.0,348.0,355.0,355.0,25008358.0
2023-06-16,700,腾讯控股,HK,359.0,355.8,364.4,363.0,35853943.0
2023-06-19,700,腾讯控股,HK,359.6,350.4,360.0,357.2,20273905.0
2023-06-20,700,腾讯控股,HK,354.0,347.2,359.2,350.0,16283873.0
2023-06-21,700,腾讯控股,HK,341.6,337.0,346.0,340.4,19304438.0
2023-06-23,700,腾讯控股,HK,340.0,333.0,340.8,337.0,13898721.0
2023-06-26,700,腾讯控股,HK,335.6,330.2,339.4,332.8,18157220.0
2023-06-27,700,腾讯控股,HK,332.8,332.8,344.4,341.4,17490624.0
2023-06-28,700,腾讯控股,HK,340.0,333.8,341.0,336.2,15887756.0
2023-06-29,700,腾讯控股,HK,339.0,331.2,339.0,333.6,13517437.0
2023-06-30,700,腾讯控股,HK,331.0,329.4,333.8,331.6,16197039.0
2023-07-03,700,腾讯控股,HK,331.8,331.8,340.0,338.0,14198462.0
2023-07-04,700,腾讯控股,HK,336.4,336.2,341.2,339.2,9439642.0
2023-07-05,700,腾讯控股,HK,339.8,333.2,341.0,335.4,9861945.0
2023-07-06,700,腾讯控股,HK,332.2,325.4,337.0,326.8,19781825.0
2023-07-07,700,腾讯控股,HK,323.2,320.0,331.6,326.6,21595356.0
2023-07-10,700,腾讯控股,HK,333.8,327.4,335.8,328.8,17287899.0
2023-07-11,700,腾讯控股,HK,332.6,330.2,335.6,333.8,12361269.0
2023-07-12,700,腾讯控股,HK,338.6,335.8,341.0,340.0,16847310.0
2023-07-13,700,腾讯控股,HK,350.0,347.0,350.6,349.8,27315463.0
2023-07-14,700,腾讯控股,HK,354.8,348.8,354.8,352.6,21213481.0
2023-07-17,700,腾讯控股,HK,352.6,352.6,352.6,352.6,0.0
2023-07-18,700,腾讯控股,HK,351.8,335.0,351.8,336.4,29147987.0
2023-07-19,700,腾讯控股,HK,330.6,327.0,333.8,333.0,21913296.0
2023-07-20,700,腾讯控股,HK,336.0,330.6,341.8,332.8,16564481.0
2023-07-21,700,腾讯控股,HK,332.8,331.0,337.4,333.0,11843920.0
2023-07-24,700,腾讯控股,HK,328.6,323.8,331.0,325.0,17451591.0
2023-07-25,700,腾讯控股,HK,337.0,335.0,345.6,345.0,29203653.0
2023-07-26,700,腾讯控股,HK,344.8,338.2,344.8,341.0,14941840.0
2023-07-27,700,腾讯控股,HK,346.0,340.4,346.4,343.8,13651548.0
2023-07-28,700,腾讯控股,HK,343.8,338.6,352.0,350.4,22244305.0
2023-07-31,700,腾讯控股,HK,360.0,350.8,363.0,354.4,36796567.0
2023-08-01,700,腾讯控股,HK,356.0,347.2,361.0,354.0,23436211.0
2023-08-02,700,腾讯控股,HK,351.6,340.2,352.4,343.4,21038298.0
2023-08-03,700,腾讯控股,HK,342.0,339.0,347.8,342.2,16661383.0
2023-08-04,700,腾讯控股,HK,348.6,339.2,350.6,343.4,19099499.0
2023-08-07,700,腾讯控股,HK,340.2,338.0,341.8,341.2,9480118.0
2023-08-08,700,腾讯控股,HK,334.4,333.4,337.2,334.8,15381749.0
2023-08-09,700,腾讯控股,HK,333.0,332.0,338.2,337.2,11917732.0
2023-08-10,700,腾讯控股,HK,337.2,335.6,341.6,339.8,11185881.0
2023-08-11,700,腾讯控股,HK,338.8,334.6,341.6,335.8,12303930.0
2023-08-14,700,腾讯控股,HK,328.0,327.8,334.4,333.2,15754526.0
2023-08-15,700,腾讯控股,HK,331.2,330.6,335.0,332.6,10787439.0
2023-08-16,700,腾讯控股,HK,329.8,327.6,331.0,328.8,16484843.0
2023-08-17,700,腾讯控股,HK,320.6,320.6,335.8,332.8,28817958.0
2023-08-18,700,腾讯控股,HK,329.4,325.0,332.8,325.0,18108794.0
2023-08-21,700,腾讯控股,HK,321.0,318.0,325.8,318.0,25696855.0
2023-08-22,700,腾讯控股,HK,318.2,314.4,324.6,319.0,24679965.0
2023-08-23,700,腾讯控股,HK,320.0,317.0,321.4,318.0,17244848.0
2023-08-24,700,腾讯控股,HK,321.0,321.0,328.0,325.2,22340826.0
2023-08-25,700,腾讯控股,HK,322.6,320.0,323.8,320.0,12542511.0
2023-08-28,700,腾讯控股,HK,330.6,324.8,333.6,325.2,19402834.0
2023-08-29,700,腾讯控股,HK,325.4,325.4,332.0,329.4,15382479.0
2023-08-30,700,腾讯控股,HK,333.8,325.0,334.0,325.8,15190035.0
2023-08-31,700,腾讯控股,HK,331.0,322.0,331.8,325.0,49737237.0
2023-09-01,700,腾讯控股,HK,325.0,325.0,325.0,325.0,0.0
2023-09-04,700,腾讯控股,HK,330.0,328.4,334.6,333.4,30748869.0
2023-09-05,700,腾讯控股,HK,332.0,327.4,335.0,329.0,13250752.0
2023-09-06,700,腾讯控股,HK,329.0,323.2,329.0,327.6,16488562.0
2023-09-07,700,腾讯控股,HK,326.6,320.2,327.2,321.6,16724228.0
2023-09-08,700,腾讯控股,HK,321.6,321.6,321.6,321.6,0.0
2023-09-11,700,腾讯控股,HK,315.4,315.4,325.4,324.0,18808064.0
2023-09-12,700,腾讯控股,HK,328.0,319.8,328.0,322.0,10399333.0
2023-09-13,700,腾讯控股,HK,326.0,319.0,326.0,320.2,10662703.0
2023-09-14,700,腾讯控股,HK,322.4,318.4,322.6,319.8,10153112.0
2023-09-15,700,腾讯控股,HK,320.0,317.0,321.8,317.2,19218155.0
2023-09-18,700,腾讯控股,HK,317.2,312.2,319.0,312.2,14736625.0
2023-09-19,700,腾讯控股,HK,312.8,308.8,314.8,312.4,15579978.0
2023-09-20,700,腾讯控股,HK,312.6,308.0,312.6,309.2,13663748.0
2023-09-21,700,腾讯控股,HK,306.8,302.0,308.4,303.0,19116385.0
2023-09-22,700,腾讯控股,HK,302.0,300.2,314.0,313.6,21236877.0
2023-09-25,700,腾讯控股,HK,311.4,303.2,311.6,304.4,18307015.0
2023-09-26,700,腾讯控股,HK,301.0,298.2,303.6,300.0,15924558.0
2023-09-27,700,腾讯控股,HK,298.0,298.0,304.2,302.0,14203461.0
2023-09-28,700,腾讯控股,HK,301.8,296.4,302.6,297.4,15604031.0
2023-09-29,700,腾讯控股,HK,297.6,297.2,308.4,306.2,11252646.0
2023-10-03,700,腾讯控股,HK,302.0,296.4,302.0,300.6,15122710.0
2023-10-04,700,腾讯控股,HK,299.8,295.4,300.0,297.6,10942209.0
2023-10-05,700,腾讯控股,HK,299.8,298.6,303.6,299.8,10801914.0
2023-10-06,700,腾讯控股,HK,303.8,301.8,307.4,305.2,11076858.0
2023-10-09,700,腾讯控股,HK,305.4,302.0,308.8,307.0,11396304.0
2023-10-10,700,腾讯控股,HK,308.0,306.0,314.8,308.2,16445252.0
2023-10-11,700,腾讯控股,HK,314.0,310.4,314.6,311.0,16424531.0
2023-10-12,700,腾讯控股,HK,316.6,314.8,317.2,316.6,13451541.0
2023-10-13,700,腾讯控股,HK,312.8,305.4,313.0,306.8,13367440.0
2023-10-16,700,腾讯控股,HK,308.8,300.2,308.8,301.2,12452816.0
2023-10-17,700,腾讯控股,HK,304.6,300.0,304.6,302.2,9202480.0
2023-10-18,700,腾讯控股,HK,300.2,297.4,301.6,300.0,12001017.0
2023-10-19,700,腾讯控股,HK,295.4,291.2,297.6,291.2,17216427.0
2023-10-20,700,腾讯控股,HK,287.4,286.2,290.2,289.0,19212180.0
2023-10-24,700,腾讯控股,HK,287.0,282.6,289.8,283.0,21619960.0
2023-10-25,700,腾讯控股,HK,292.4,285.2,296.4,287.8,17506229.0
2023-10-26,700,腾讯控股,HK,286.8,283.0,290.2,287.6,11446711.0
2023-10-27,700,腾讯控股,HK,287.6,287.0,294.6,292.8,16455031.0
2023-10-30,700,腾讯控股,HK,291.6,290.8,297.8,295.4,14357754.0
2023-10-31,700,腾讯控股,HK,295.4,288.0,295.4,289.2,13727382.0
2023-11-01,700,腾讯控股,HK,288.8,284.4,290.0,287.0,11006036.0
2023-11-02,700,腾讯控股,HK,290.0,286.8,294.2,288.6,10477412.0
2023-11-03,700,腾讯控股,HK,292.2,291.4,304.2,302.6,21575201.0
2023-11-06,700,腾讯控股,HK,309.8,307.2,314.2,312.6,26863379.0
2023-11-07,700,腾讯控股,HK,312.6,306.2,314.0,308.6,13397743.0
2023-11-08,700,腾讯控股,HK,309.4,307.4,314.6,308.4,12879809.0
2023-11-09,700,腾讯控股,HK,305.0,305.0,308.8,306.8,10272208.0
2023-11-10,700,腾讯控股,HK,304.6,301.2,304.6,302.8,9871831.0
2023-11-13,700,腾讯控股,HK,302.2,300.2,311.8,309.8,13586029.0
2023-11-14,700,腾讯控股,HK,311.8,305.6,312.0,307.8,12477388.0
2023-11-15,700,腾讯控股,HK,316.6,314.0,323.6,322.6,32454690.0
2023-11-16,700,腾讯控股,HK,330.0,316.2,330.0,324.8,35296026.0
2023-11-17,700,腾讯控股,HK,323.6,313.2,323.6,315.2,21970164.0
2023-11-20,700,腾讯控股,HK,316.2,316.2,328.8,326.6,27782719.0
2023-11-21,700,腾讯控股,HK,330.4,323.6,332.6,324.8,24188659.0
2023-11-22,700,腾讯控股,HK,328.0,322.0,330.0,324.4,14169841.0
2023-11-23,700,腾讯控股,HK,326.6,323.6,329.6,329.2,14531153.0
2023-11-24,700,腾讯控股,HK,329.6,320.0,329.6,321.2,15236522.0
2023-11-27,700,腾讯控股,HK,325.0,318.0,325.0,322.8,12232068.0
2023-11-28,700,腾讯控股,HK,324.4,317.0,324.4,319.6,15153725.0
2023-11-29,700,腾讯控股,HK,323.0,313.6,324.0,317.0,16856744.0
2023-11-30,700,腾讯控股,HK,317.4,317.0,327.0,327.0,30308092.0
2023-12-01,700,腾讯控股,HK,324.8,319.0,325.8,319.0,15149684.0
2023-12-04,700,腾讯控股,HK,323.0,315.2,324.2,316.8,14907238.0
2023-12-05,700,腾讯控股,HK,321.0,305.0,321.0,308.8,23730039.0
2023-12-06,700,腾讯控股,HK,306.6,302.4,314.8,311.6,15896242.0
2023-12-07,700,腾讯控股,HK,309.0,304.0,311.2,307.8,13703651.0
2023-12-08,700,腾讯控股,HK,307.4,301.0,309.2,305.6,16600566.0
2023-12-11,700,腾讯控股,HK,300.8,298.4,308.6,307.2,18402157.0
2023-12-12,700,腾讯控股,HK,307.0,306.2,311.8,311.4,12995914.0
2023-12-13,700,腾讯控股,HK,309.6,304.4,310.8,307.0,14145125.0
2023-12-14,700,腾讯控股,HK,310.0,304.6,314.0,306.4,17198776.0
2023-12-15,700,腾讯控股,HK,311.0,309.0,319.4,314.4,30917917.0
2023-12-18,700,腾讯控股,HK,309.6,309.6,312.6,311.6,12094993.0
2023-12-19,700,腾讯控股,HK,311.0,306.6,314.4,311.8,12530326.0
2023-12-20,700,腾讯控股,HK,316.2,312.2,318.2,314.2,14187408.0
2023-12-21,700,腾讯控股,HK,309.2,309.0,313.6,312.6,10167030.0
2023-12-22,700,腾讯控股,HK,317.0,263.6,317.0,274.0,147014902.0
2023-12-27,700,腾讯控股,HK,282.2,282.2,291.0,285.0,64471032.0
2023-12-28,700,腾讯控股,HK,285.0,284.8,295.6,293.0,37840686.0
2023-12-29,700,腾讯控股,HK,295.0,289.6,295.8,293.6,19624685.0
2024-01-02,700,腾讯控股,HK,300.0,294.4,305.0,296.6,23354069.0
2024-01-03,700,腾讯控股,HK,294.0,292.4,301.6,300.6,20391718.0
2024-01-04,700,腾讯控股,HK,304.4,298.0,304.4,298.8,20217430.0
2024-01-05,700,腾讯控股,HK,295.4,289.6,296.6,292.2,23745017.0
2024-01-08,700,腾讯控股,HK,294.4,285.2,294.6,288.0,16718452.0
2024-01-09,700,腾讯控股,HK,286.0,283.4,289.2,283.6,16927478.0
2024-01-10,700,腾讯控股,HK,282.0,276.8,285.2,280.2,19146068.0
2024-01-11,700,腾讯控股,HK,280.6,280.0,292.4,287.4,20604580.0
2024-01-12,700,腾讯控股,HK,285.6,284.8,293.0,288.4,15770055.0
2024-01-15,700,腾讯控股,HK,290.0,287.6,293.8,289.4,16334371.0
2024-01-16,700,腾讯控股,HK,283.8,280.0,288.8,282.4,22236094.0
2024-01-17,700,腾讯控股,HK,277.0,272.2,278.8,274.6,36114167.0
2024-01-18,700,腾讯控股,HK,274.6,271.2,279.2,277.6,24604079.0
2024-01-19,700,腾讯控股,HK,275.0,268.2,282.6,271.2,26897479.0
2024-01-22,700,腾讯控股,HK,270.6,260.2,271.6,262.2,33654810.0
2024-01-23,700,腾讯控股,HK,266.8,263.2,278.2,272.0,35610787.0
2024-01-24,700,腾讯控股,HK,279.6,272.2,284.4,281.8,33863638.0
2024-01-25,700,腾讯控股,HK,285.0,280.8,292.0,290.8,34160783.0
2024-01-26,700,腾讯控股,HK,288.2,281.2,290.2,282.8,24815795.0
2024-01-29,700,腾讯控股,HK,286.0,279.4,288.4,282.0,20159014.0
2024-01-30,700,腾讯控股,HK,277.2,273.0,280.0,273.8,21505998.0
2024-01-31,700,腾讯控股,HK,273.8,268.4,278.0,270.6,20052974.0
2024-02-01,700,腾讯控股,HK,270.0,268.0,277.8,271.6,17329472.0
2024-02-02,700,腾讯控股,HK,284.6,275.0,287.6,279.4,31053753.0
2024-02-05,700,腾讯控股,HK,278.4,273.8,283.4,279.6,20456590.0
2024-02-06,700,腾讯控股,HK,279.8,279.6,292.6,290.8,28856902.0
2024-02-07,700,腾讯控股,HK,295.0,288.8,297.0,292.2,26343654.0
2024-02-08,700,腾讯控股,HK,290.0,286.4,293.2,287.2,17910672.0
2024-02-09,700,腾讯控股,HK,284.6,281.4,287.4,287.2,6732059.0
2024-02-14,700,腾讯控股,HK,287.0,282.0,291.2,290.0,11567444.0
2024-02-15,700,腾讯控股,HK,288.6,285.0,290.0,285.4,12568028.0
2024-02-16,700,腾讯控股,HK,285.6,280.4,291.8,291.8,17215356.0
2024-02-19,700,腾讯控股,HK,291.4,283.8,291.4,284.8,15415304.0
2024-02-20,700,腾讯控股,HK,287.0,280.4,287.8,284.2,15773028.0
2024-02-21,700,腾讯控股,HK,280.8,280.8,294.6,288.8,23947218.0
2024-02-22,700,腾讯控股,HK,288.2,286.8,291.4,291.4,12441270.0
2024-02-23,700,腾讯控股,HK,290.0,287.0,296.4,290.8,13229798.0
2024-02-26,700,腾讯控股,HK,287.4,285.4,290.2,287.2,12412426.0
2024-02-27,700,腾讯控股,HK,286.2,278.2,286.2,284.6,23612599.0
2024-02-28,700,腾讯控股,HK,285.0,276.4,285.8,277.0,25903478.0
2024-02-29,700,腾讯控股,HK,275.2,274.6,279.0,277.2,29721885.0
2024-03-01,700,腾讯控股,HK,273.0,271.8,279.0,277.4,27952651.0
2024-03-04,700,腾讯控股,HK,277.4,274.8,280.0,276.2,13832089.0
2024-03-05,700,腾讯控股,HK,270.2,266.2,273.2,268.2,26055083.0
2024-03-06,700,腾讯控股,HK,266.0,265.8,277.0,274.6,23289346.0
2024-03-07,700,腾讯控股,HK,274.8,269.2,275.6,271.0,17159729.0
2024-03-08,700,腾讯控股,HK,272.0,270.0,275.6,270.0,12416156.0
2024-03-11,700,腾讯控股,HK,271.2,271.2,278.6,278.6,17866889.0
2024-03-12,700,腾讯控股,HK,282.0,280.2,292.6,290.8,36531141.0
2024-03-13,700,腾讯控股,HK,291.4,288.6,294.0,290.6,20074418.0
2024-03-14,700,腾讯控股,HK,289.4,286.8,294.0,289.2,14227432.0
2024-03-15,700,腾讯控股,HK,283.0,279.6,286.2,283.8,29183023.0
2024-03-18,700,腾讯控股,HK,282.2,282.2,291.4,289.8,19633305.0
2024-03-19,700,腾讯控股,HK,289.0,285.0,291.2,285.0,15635351.0
2024-03-20,700,腾讯控股,HK,285.4,283.0,290.2,288.8,15622235.0
2024-03-21,700,腾讯控股,HK,295.2,289.6,298.2,291.2,36868686.0
2024-03-22,700,腾讯控股,HK,287.4,282.4,290.4,288.8,26432205.0
2024-03-25,700,腾讯控股,HK,288.8,285.0,290.6,288.6,21127168.0
2024-03-26,700,腾讯控股,HK,286.0,286.0,300.6,299.4,33998571.0
2024-03-27,700,腾讯控股,HK,296.0,295.8,307.6,302.0,38753084.0
2024-03-28,700,腾讯控股,HK,302.0,301.4,309.6,303.8,30000843.0
2024-04-02,700,腾讯控股,HK,309.0,307.8,312.4,309.2,26561604.0
2024-04-03,700,腾讯控股,HK,312.0,306.4,312.0,308.4,19696947.0
2024-04-05,700,腾讯控股,HK,309.6,304.4,311.6,310.0,13582369.0
2024-04-08,700,腾讯控股,HK,305.2,304.4,311.0,305.4,21656541.0
2024-04-09,700,腾讯控股,HK,307.4,303.0,308.8,305.0,17879375.0
2024-04-10,700,腾讯控股,HK,306.4,306.4,315.2,314.2,24730145.0
2024-04-11,700,腾讯控股,HK,309.8,309.0,316.6,315.0,18834968.0
2024-04-12,700,腾讯控股,HK,314.0,309.4,318.0,309.6,23031342.0
2024-04-15,700,腾讯控股,HK,304.6,303.8,308.8,304.4,18295291.0
2024-04-16,700,腾讯控股,HK,301.2,300.0,308.4,301.8,19691636.0
2024-04-17,700,腾讯控股,HK,301.8,297.8,304.0,300.8,14410544.0
2024-04-18,700,腾讯控股,HK,302.2,298.6,308.8,304.4,19058907.0
2024-04-19,700,腾讯控股,HK,303.4,299.6,305.4,303.8,19472600.0
2024-04-22,700,腾讯控股,HK,308.0,306.8,322.6,320.4,41133325.0
2024-04-23,700,腾讯控股,HK,326.0,325.2,333.6,332.4,43821652.0
2024-04-24,700,腾讯控股,HK,337.8,335.4,345.0,344.2,41472682.0
2024-04-25,700,腾讯控股,HK,340.2,336.4,346.4,339.4,27727556.0
2024-04-26,700,腾讯控股,HK,340.0,340.0,351.8,348.4,29599531.0
2024-04-29,700,腾讯控股,HK,348.4,345.2,354.8,347.6,25416523.0
2024-04-30,700,腾讯控股,HK,349.6,344.0,350.8,347.2,15957023.0
2024-05-02,700,腾讯控股,HK,349.0,345.4,361.2,360.4,22479610.0
2024-05-03,700,腾讯控股,HK,371.0,360.6,372.6,364.4,23592345.0
2024-05-06,700,腾讯控股,HK,364.6,363.0,373.0,370.2,26208326.0
2024-05-07,700,腾讯控股,HK,367.4,363.4,371.2,365.8,19408056.0
2024-05-08,700,腾讯控股,HK,366.4,359.8,371.8,361.4,20058148.0
2024-05-09,700,腾讯控股,HK,361.0,360.4,370.0,369.8,16026030.0
2024-05-10,700,腾讯控股,HK,373.8,365.0,374.2,371.0,15693045.0
2024-05-13,700,腾讯控股,HK,368.6,368.0,380.0,378.2,20558084.0
2024-05-14,700,腾讯控股,HK,381.0,378.6,384.8,381.8,21603101.0
2024-05-16,700,腾讯控股,HK,400.0,394.6,401.0,397.0,58430778.0
2024-05-17,700,腾讯控股,HK,397.0,394.2,400.2,395.0,27916392.0
2024-05-20,700,腾讯控股,HK,397.0,392.8,399.8,395.0,22331961.0
2024-05-21,700,腾讯控股,HK,393.4,379.6,393.4,383.6,30679849.0
2024-05-22,700,腾讯控股,HK,379.2,376.6,386.8,384.4,22374764.0
2024-05-23,700,腾讯控股,HK,380.6,376.4,384.0,381.8,18323988.0
2024-05-24,700,腾讯控股,HK,378.2,374.8,382.6,377.0,19143321.0
2024-05-27,700,腾讯控股,HK,372.0,362.4,377.6,377.4,32132068.0
2024-05-28,700,腾讯控股,HK,377.2,373.4,386.0,380.2,16614787.0
2024-05-29,700,腾讯控股,HK,377.4,369.6,379.8,371.0,27378220.0
2024-05-30,700,腾讯控股,HK,370.0,365.8,374.2,368.0,22006500.0
2024-05-31,700,腾讯控股,HK,371.2,359.8,379.0,359.8,40035868.0
2024-06-03,700,腾讯控股,HK,366.8,366.6,379.0,375.0,28125374.0
2024-06-04,700,腾讯控股,HK,375.0,373.8,379.6,377.4,18043066.0
2024-06-05,700,腾讯控股,HK,377.6,377.6,387.8,380.8,20205424.0
2024-06-06,700,腾讯控股,HK,387.4,379.0,391.0,381.6,18888938.0
2024-06-07,700,腾讯控股,HK,383.0,372.8,384.6,374.8,25247259.0
2024-06-11,700,腾讯控股,HK,367.4,367.4,377.8,373.8,26496779.0
2024-06-12,700,腾讯控股,HK,373.8,369.6,377.8,370.8,14960058.0
2024-06-13,700,腾讯控股,HK,376.4,373.6,380.6,379.8,15337042.0
2024-06-14,700,腾讯控股,HK,383.6,378.6,383.6,379.8,20859332.0
2024-06-17,700,腾讯控股,HK,376.2,374.8,385.8,381.2,15281150.0
2024-06-18,700,腾讯控股,HK,381.4,377.0,383.8,377.0,14278934.0
2024-06-19,700,腾讯控股,HK,380.4,378.4,391.0,389.0,22313477.0
2024-06-20,700,腾讯控股,HK,392.0,385.6,392.0,387.6,14049005.0
2024-06-21,700,腾讯控股,HK,383.8,378.0,385.2,381.4,25855005.0
2024-06-24,700,腾讯控股,HK,377.6,374.0,381.0,380.4,12919565.0
2024-06-25,700,腾讯控股,HK,381.8,378.6,385.0,382.0,12789522.0
2024-06-26,700,腾讯控股,HK,379.2,377.0,383.0,382.0,11886907.0
2024-06-27,700,腾讯控股,HK,379.6,372.2,380.0,374.4,17513758.0
2024-06-28,700,腾讯控股,HK,371.6,370.8,376.0,372.4,15561097.0
2024-07-02,700,腾讯控股,HK,367.0,365.2,376.2,369.2,27266647.0
2024-07-03,700,腾讯控股,HK,366.8,366.8,380.8,379.4,22256951.0
2024-07-04,700,腾讯控股,HK,386.8,378.6,386.8,382.4,15437093.0
2024-07-05,700,腾讯控股,HK,384.8,378.8,385.6,379.8,10522095.0
2024-07-08,700,腾讯控股,HK,381.8,375.6,383.2,378.6,11623215.0
2024-07-09,700,腾讯控股,HK,377.0,376.0,382.2,381.0,13024401.0
2024-07-10,700,腾讯控股,HK,385.2,376.8,385.8,377.6,15586645.0
2024-07-11,700,腾讯控股,HK,379.4,378.2,386.0,384.8,16590064.0
2024-07-12,700,腾讯控股,HK,390.8,389.2,397.2,397.0,27521352.0
2024-07-15,700,腾讯控股,HK,393.2,388.6,397.0,390.2,13680185.0
2024-07-16,700,腾讯控股,HK,386.0,377.8,387.4,378.0,19061149.0
2024-07-17,700,腾讯控股,HK,375.0,368.4,377.4,371.8,25857823.0
2024-07-18,700,腾讯控股,HK,368.0,367.0,371.6,369.2,18944747.0
2024-07-19,700,腾讯控股,HK,366.6,363.0,368.4,364.0,23088518.0
2024-07-22,700,腾讯控股,HK,367.2,365.4,375.8,373.2,16960926.0
2024-07-23,700,腾讯控股,HK,375.0,366.0,376.4,366.2,12104461.0
2024-07-24,700,腾讯控股,HK,365.8,360.6,369.6,363.2,11800216.0
2024-07-25,700,腾讯控股,HK,360.2,351.0,361.6,351.2,25787277.0
2024-07-26,700,腾讯控股,HK,352.8,352.4,358.4,354.4,13267324.0
2024-07-29,700,腾讯控股,HK,359.8,353.8,362.0,358.2,12872249.0
2024-07-30,700,腾讯控股,HK,355.4,352.4,357.6,353.6,9749595.0
2024-07-31,700,腾讯控股,HK,352.2,351.0,366.8,362.2,20304313.0
2024-08-01,700,腾讯控股,HK,363.8,363.6,368.6,365.6,12412285.0
2024-08-02,700,腾讯控股,HK,360.8,356.2,365.4,358.2,17707597.0
2024-08-05,700,腾讯控股,HK,352.0,349.0,364.2,356.6,22963458.0
2024-08-06,700,腾讯控股,HK,360.6,349.4,363.4,354.4,17674374.0
2024-08-07,700,腾讯控股,HK,355.2,355.2,365.4,363.4,15840290.0
2024-08-08,700,腾讯控股,HK,361.2,359.4,374.4,368.2,18811540.0
2024-08-09,700,腾讯控股,HK,371.4,368.4,376.0,370.0,16353916.0
2024-08-12,700,腾讯控股,HK,372.0,370.0,376.6,375.0,10215275.0
2024-08-13,700,腾讯控股,HK,376.0,375.6,380.6,378.6,13590391.0
2024-08-14,700,腾讯控股,HK,378.6,369.4,379.4,373.8,18692686.0
2024-08-15,700,腾讯控股,HK,366.2,364.2,374.8,368.4,21443850.0
2024-08-16,700,腾讯控股,HK,372.0,368.8,375.2,372.6,16414338.0
2024-08-19,700,腾讯控股,HK,377.6,371.2,377.6,372.6,15210162.0
2024-08-20,700,腾讯控股,HK,372.8,369.0,373.8,370.4,11852608.0
2024-08-21,700,腾讯控股,HK,367.4,365.2,373.8,371.6,11647083.0
2024-08-22,700,腾讯控股,HK,374.8,371.2,377.8,377.8,16786859.0
2024-08-23,700,腾讯控股,HK,377.0,373.6,378.6,375.6,13055635.0
2024-08-26,700,腾讯控股,HK,378.0,377.6,384.8,382.0,16251125.0
2024-08-27,700,腾讯控股,HK,378.0,377.2,382.6,381.8,13675535.0
2024-08-28,700,腾讯控股,HK,383.0,372.4,383.0,374.2,14602521.0
2024-08-29,700,腾讯控股,HK,370.0,369.0,378.0,377.6,12890430.0
2024-08-30,700,腾讯控股,HK,377.6,376.8,385.6,382.0,30873303.0
2024-09-02,700,腾讯控股,HK,380.0,376.4,383.2,377.8,13878671.0
2024-09-03,700,腾讯控股,HK,378.0,374.8,381.4,378.2,9814885.0
2024-09-04,700,腾讯控股,HK,374.2,371.2,376.6,372.8,13278870.0
2024-09-05,700,腾讯控股,HK,370.4,370.4,376.6,373.4,9576319.0
2024-09-09,700,腾讯控股,HK,370.0,365.2,371.2,371.2,20078164.0
2024-09-10,700,腾讯控股,HK,369.2,366.0,370.6,368.6,12303441.0
2024-09-11,700,腾讯控股,HK,366.6,365.0,370.6,370.2,12043623.0
2024-09-12,700,腾讯控股,HK,371.0,369.6,377.0,372.6,13800366.0
2024-09-13,700,腾讯控股,HK,372.8,372.8,376.8,374.8,11013765.0
2024-09-16,700,腾讯控股,HK,372.6,370.4,377.8,377.8,7689238.0
2024-09-17,700,腾讯控股,HK,372.0,372.0,381.4,380.0,10147851.0
2024-09-19,700,腾讯控股,HK,379.6,376.6,389.8,388.8,25801963.0
2024-09-20,700,腾讯控股,HK,390.0,383.8,393.4,388.6,28407069.0
2024-09-23,700,腾讯控股,HK,388.0,385.2,392.0,387.6,15223032.0
2024-09-24,700,腾讯控股,HK,393.0,389.4,402.2,402.2,42919010.0
2024-09-25,700,腾讯控股,HK,418.0,401.4,418.0,405.4,40112126.0
2024-09-26,700,腾讯控股,HK,408.0,406.8,430.0,430.0,50254878.0
2024-09-27,700,腾讯控股,HK,443.2,432.6,444.8,437.8,57154793.0
2024-09-30,700,腾讯控股,HK,449.6,434.2,457.4,444.6,75459468.0
2024-10-02,700,腾讯控股,HK,450.0,449.2,479.6,470.0,48766943.0
2024-10-03,700,腾讯控股,HK,471.0,453.2,476.6,466.2,31600782.0
2024-10-04,700,腾讯控股,HK,470.0,462.2,479.0,477.6,24663665.0
2024-10-07,700,腾讯控股,HK,479.8,469.6,482.4,478.4,25334387.0
2024-10-08,700,腾讯控股,HK,472.0,438.6,476.8,438.6,70468024.0
2024-10-09,700,腾讯控股,HK,449.0,424.0,453.0,434.2,46372903.0
2024-10-10,700,腾讯控股,HK,438.0,436.4,448.6,438.8,33111230.0
2024-10-14,700,腾讯控股,HK,440.8,424.0,440.8,436.0,30316807.0
2024-10-15,700,腾讯控股,HK,433.8,412.6,433.8,417.0,33478410.0
2024-10-16,700,腾讯控股,HK,415.0,412.6,425.8,415.8,22490256.0
2024-10-17,700,腾讯控股,HK,418.0,410.0,426.8,412.6,16476899.0
2024-10-18,700,腾讯控股,HK,412.6,411.4,435.6,430.8,25963857.0
2024-10-21,700,腾讯控股,HK,430.6,419.2,431.4,421.0,16334100.0
2024-10-22,700,腾讯控股,HK,423.2,418.0,423.6,421.6,11027704.0
2024-10-23,700,腾讯控股,HK,423.0,416.6,432.2,428.2,14656951.0
2024-10-24,700,腾讯控股,HK,425.0,419.6,425.6,422.0,11202752.0
2024-10-25,700,腾讯控股,HK,427.6,418.6,427.6,421.0,11951879.0
2024-10-28,700,腾讯控股,HK,421.0,413.6,422.2,417.2,15551935.0
2024-10-29,700,腾讯控股,HK,419.4,415.2,423.4,418.4,13797786.0
2024-10-30,700,腾讯控股,HK,413.6,410.6,418.0,411.0,17895482.0
2024-10-31,700,腾讯控股,HK,410.4,404.6,418.8,404.6,22753709.0
2024-11-01,700,腾讯控股,HK,406.0,406.0,422.4,419.2,21086569.0
2024-11-04,700,腾讯控股,HK,423.0,416.0,423.8,419.0,11706119.0
2024-11-05,700,腾讯控股,HK,415.2,415.2,427.8,427.8,15270863.0
2024-11-06,700,腾讯控股,HK,425.0,413.2,426.2,419.8,20755203.0
2024-11-07,700,腾讯控股,HK,417.0,414.4,429.6,428.4,19924018.0
2024-11-08,700,腾讯控股,HK,435.0,419.4,436.0,420.8,19389836.0
2024-11-11,700,腾讯控股,HK,412.0,409.4,415.6,413.2,22857586.0
2024-11-12,700,腾讯控股,HK,409.4,403.0,413.8,403.8,27303282.0
2024-11-13,700,腾讯控股,HK,397.2,396.0,407.2,403.8,28307185.0
2024-11-14,700,腾讯控股,HK,401.6,397.8,415.0,403.4,34898922.0
2024-11-15,700,腾讯控股,HK,404.0,399.0,407.0,401.0,29061324.0
2024-11-18,700,腾讯控股,HK,405.2,401.6,413.4,404.2,20493537.0
2024-11-19,700,腾讯控股,HK,406.6,403.4,409.0,406.2,13879296.0
2024-11-20,700,腾讯控股,HK,408.2,406.2,413.8,410.8,15005135.0
2024-11-21,700,腾讯控股,HK,409.4,407.0,411.4,407.6,12501718.0
2024-11-22,700,腾讯控股,HK,408.8,399.6,412.4,400.6,16949546.0
2024-11-25,700,腾讯控股,HK,400.0,393.8,402.4,395.2,27888308.0
2024-11-26,700,腾讯控股,HK,392.2,392.2,399.2,393.8,16940574.0
2024-11-27,700,腾讯控股,HK,394.6,392.0,406.2,402.8,16685594.0
2024-11-28,700,腾讯控股,HK,401.4,397.4,404.2,400.0,13067643.0
2024-11-29,700,腾讯控股,HK,395.0,395.0,402.8,398.0,15626995.0
2024-12-02,700,腾讯控股,HK,398.0,395.6,401.6,399.8,13334410.0
2024-12-03,700,腾讯控股,HK,403.2,394.4,404.4,404.4,18362569.0
2024-12-04,700,腾讯控股,HK,402.2,399.8,405.6,403.2,14053234.0
2024-12-05,700,腾讯控股,HK,403.4,400.8,406.6,405.2,13314801.0
2024-12-06,700,腾讯控股,HK,406.8,405.0,414.6,412.6,27711445.0
2024-12-09,700,腾讯控股,HK,406.2,406.2,421.2,418.8,22461949.0
2024-12-10,700,腾讯控股,HK,430.0,410.4,431.0,411.2,30282843.0
2024-12-11,700,腾讯控股,HK,414.8,407.2,415.0,409.8,13098201.0
2024-12-12,700,腾讯控股,HK,414.0,409.2,422.8,415.6,23414258.0
2024-12-13,700,腾讯控股,HK,413.0,408.6,415.0,409.8,16296064.0
2024-12-16,700,腾讯控股,HK,410.0,403.8,411.4,405.6,14059845.0
2024-12-17,700,腾讯控股,HK,402.0,401.8,408.0,402.6,16779048.0
2024-12-18,700,腾讯控股,HK,408.0,404.0,408.8,406.0,14906072.0
2024-12-19,700,腾讯控股,HK,402.2,401.4,422.0,415.2,34671236.0
2024-12-20,700,腾讯控股,HK,414.2,414.2,429.8,426.4,44834041.0
2024-12-23,700,腾讯控股,HK,430.6,416.2,431.0,420.2,20856154.0
2024-12-24,700,腾讯控股,HK,421.0,417.6,421.6,420.0,7873769.0
2024-12-27,700,腾讯控股,HK,417.6,415.6,421.0,417.4,13545082.0
2024-12-30,700,腾讯控股,HK,418.0,415.8,421.8,419.0,13515622.0
2024-12-31,700,腾讯控股,HK,417.2,415.8,421.4,417.0,10867280.0
2025-01-02,700,腾讯控股,HK,417.0,413.6,425.0,416.0,20733037.0
2025-01-03,700,腾讯控股,HK,418.0,410.4,419.0,414.2,16843241.0
2025-01-06,700,腾讯控股,HK,415.0,407.2,415.0,409.4,16869318.0
2025-01-07,700,腾讯控股,HK,380.6,376.6,392.8,379.6,142920468.0
2025-01-08,700,腾讯控股,HK,371.2,365.6,379.8,369.2,95456188.0
2025-01-09,700,腾讯控股,HK,365.0,365.0,379.4,373.4,60578450.0
2025-01-10,700,腾讯控股,HK,373.6,369.6,379.4,369.6,37053933.0
2025-01-13,700,腾讯控股,HK,364.8,364.8,371.6,366.0,34785015.0
2025-01-14,700,腾讯控股,HK,365.6,365.6,379.6,375.0,40623785.0
2025-01-15,700,腾讯控股,HK,373.4,373.0,385.4,380.0,29158255.0
2025-01-16,700,腾讯控股,HK,384.0,376.6,386.6,382.4,26141103.0
2025-01-17,700,腾讯控股,HK,381.0,378.4,382.2,379.8,17138321.0
2025-01-20,700,腾讯控股,HK,380.2,380.2,392.8,389.8,31141403.0
2025-01-21,700,腾讯控股,HK,392.0,386.4,392.2,387.4,25249668.0
2025-01-22,700,腾讯控股,HK,385.0,381.0,388.6,383.4,17859069.0
2025-01-23,700,腾讯控股,HK,383.0,379.6,386.0,381.2,21256810.0
2025-01-24,700,腾讯控股,HK,383.2,382.2,392.4,390.6,24079119.0
2025-01-27,700,腾讯控股,HK,388.0,388.0,398.0,395.6,23605938.0
2025-01-28,700,腾讯控股,HK,401.0,399.0,406.0,401.2,14203491.0
2025-02-03,700,腾讯控股,HK,400.0,394.2,404.8,404.2,27917841.0
2025-02-04,700,腾讯控股,HK,409.2,407.0,421.2,420.8,31276268.0
2025-02-05,700,腾讯控股,HK,421.6,410.0,421.6,417.8,32129392.0
2025-02-06,700,腾讯控股,HK,416.2,413.4,420.4,420.4,19585105.0
2025-02-07,700,腾讯控股,HK,420.4,417.8,432.4,428.2,34567530.0
2025-02-10,700,腾讯控股,HK,429.6,428.8,439.8,437.0,31411302.0
2025-02-11,700,腾讯控股,HK,440.0,425.6,441.2,427.4,30893563.0
2025-02-12,700,腾讯控股,HK,429.0,426.0,444.6,444.2,38264929.0
2025-02-13,700,腾讯控股,HK,449.0,437.0,464.6,442.0,60985718.0
2025-02-14,700,腾讯控股,HK,449.8,446.6,474.8,474.8,74519223.0
2025-02-17,700,腾讯控股,HK,506.0,485.0,512.0,493.6,126223580.0
2025-02-18,700,腾讯控股,HK,494.2,493.8,513.0,503.5,62529454.0
2025-02-19,700,腾讯控股,HK,500.0,493.2,500.5,497.8,34127174.0
2025-02-20,700,腾讯控股,HK,491.2,482.6,493.0,486.8,34549151.0
2025-02-21,700,腾讯控股,HK,505.0,499.4,517.0,517.0,73545153.0
2025-02-24,700,腾讯控股,HK,522.0,497.2,522.0,497.2,67542767.0
2025-02-25,700,腾讯控股,HK,477.8,476.4,491.0,484.8,56509529.0
2025-02-26,700,腾讯控股,HK,488.0,487.8,508.0,501.5,40489654.0
2025-02-27,700,腾讯控股,HK,503.5,491.6,512.0,495.4,38902820.0
2025-02-28,700,腾讯控股,HK,492.8,476.0,497.8,478.6,52160819.0
2025-03-03,700,腾讯控股,HK,483.6,479.8,497.0,483.2,32752021.0
2025-03-04,700,腾讯控股,HK,479.0,473.2,493.0,491.0,31124964.0
2025-03-05,700,腾讯控股,HK,502.0,498.0,509.0,505.5,35165757.0
2025-03-06,700,腾讯控股,HK,521.0,521.0,544.0,544.0,79683892.0
2025-03-07,700,腾讯控股,HK,539.0,529.0,547.0,533.5,46494425.0
2025-03-10,700,腾讯控股,HK,528.0,512.0,537.5,516.5,34415026.0
2025-03-11,700,腾讯控股,HK,501.5,500.5,520.0,517.5,33852768.0
2025-03-12,700,腾讯控股,HK,523.0,505.0,525.0,512.0,28031056.0
2025-03-13,700,腾讯控股,HK,513.0,499.2,516.0,507.5,27326941.0
2025-03-14,700,腾讯控股,HK,513.0,507.5,531.0,521.5,30711707.0
2025-03-17,700,腾讯控股,HK,532.0,522.0,534.5,524.5,22096160.0
2025-03-18,700,腾讯控股,HK,538.5,533.5,543.5,541.0,33639833.0
2025-03-19,700,腾讯控股,HK,542.5,534.0,545.0,540.0,31604153.0
2025-03-20,700,腾讯控股,HK,540.5,518.0,541.0,519.5,49845030.0
2025-03-21,700,腾讯控股,HK,518.0,505.5,526.0,511.5,42260479.0
2025-03-24,700,腾讯控股,HK,514.0,504.5,517.5,513.0,24598555.0
2025-03-25,700,腾讯控股,HK,513.0,501.0,515.5,502.0,27744935.0
2025-03-26,700,腾讯控股,HK,502.0,502.0,510.5,506.5,17310634.0
2025-03-27,700,腾讯控股,HK,509.0,502.0,516.0,509.0,17595617.0
2025-03-28,700,腾讯控股,HK,511.5,503.5,516.5,509.5,18594342.0
2025-03-31,700,腾讯控股,HK,505.0,494.6,507.5,497.0,28036973.0
2025-04-01,700,腾讯控股,HK,501.0,500.0,511.5,504.0,19518013.0
2025-04-02,700,腾讯控股,HK,505.0,499.2,509.0,504.0,14247546.0
2025-04-03,700,腾讯控股,HK,493.0,491.2,500.5,497.8,29219618.0
2025-04-07,700,腾讯控股,HK,441.8,431.0,462.4,435.4,123364114.0
2025-04-08,700,腾讯控股,HK,440.8,430.0,451.2,440.4,65120104.0
2025-04-09,700,腾讯控股,HK,426.0,419.0,447.0,441.2,66484213.0
2025-04-10,700,腾讯控股,HK,460.0,443.0,461.6,444.8,57799983.0
2025-04-11,700,腾讯控股,HK,440.0,432.0,452.6,443.4,46594597.0
2025-04-14,700,腾讯控股,HK,453.0,448.8,459.2,454.0,30346489.0
2025-04-15,700,腾讯控股,HK,464.6,451.6,464.6,456.0,20245398.0
2025-04-16,700,腾讯控股,HK,450.6,440.2,451.6,448.0,27322773.0
2025-04-17,700,腾讯控股,HK,450.4,449.8,462.0,458.0,24479822.0
2025-04-22,700,腾讯控股,HK,460.0,453.2,462.8,460.4,24043746.0
2025-04-23,700,腾讯控股,HK,476.0,471.4,479.4,474.2,27001392.0
2025-04-24,700,腾讯控股,HK,477.0,465.0,477.8,471.0,18912016.0
2025-04-25,700,腾讯控股,HK,480.0,475.0,485.8,478.2,28746958.0
2025-04-28,700,腾讯控股,HK,482.4,474.8,482.4,478.2,13805160.0
2025-04-29,700,腾讯控股,HK,477.8,469.0,478.4,473.0,16367401.0
2025-04-30,700,腾讯控股,HK,475.0,469.4,477.2,477.2,15312733.0
2025-05-02,700,腾讯控股,HK,478.2,477.4,489.8,487.8,13240838.0
2025-05-06,700,腾讯控股,HK,491.6,485.2,496.8,495.4,19813305.0
2025-05-07,700,腾讯控股,HK,509.0,489.6,509.5,489.8,25616342.0
2025-05-08,700,腾讯控股,HK,487.0,486.6,502.0,498.0,19815740.0
2025-05-09,700,腾讯控股,HK,500.0,492.0,503.5,494.6,13777285.0
2025-05-12,700,腾讯控股,HK,504.0,499.0,521.5,517.5,35846811.0
2025-05-13,700,腾讯控股,HK,520.0,505.5,520.0,506.0,23119901.0
2025-05-14,700,腾讯控股,HK,512.0,510.5,521.0,521.0,24294663.0
2025-05-15,700,腾讯控股,HK,531.5,515.0,532.0,520.0,32799956.0
2025-05-16,700,腾讯控股,HK,509.5,506.5,517.0,508.0,21334027.0
2025-05-19,700,腾讯控股,HK,508.0,502.5,517.0,514.0,22457714.0
2025-05-20,700,腾讯控股,HK,512.5,511.5,517.5,517.0,15792185.0
2025-05-21,700,腾讯控股,HK,519.0,515.5,524.5,520.5,18924042.0
2025-05-22,700,腾讯控股,HK,520.0,513.0,520.0,516.5,14281176.0
2025-05-23,700,腾讯控股,HK,517.0,512.0,520.5,518.0,16262610.0
2025-05-26,700,腾讯控股,HK,515.0,508.0,517.0,510.0,17286567.0
2025-05-27,700,腾讯控股,HK,508.5,507.0,514.5,512.0,14986877.0
2025-05-28,700,腾讯控股,HK,513.0,502.5,515.0,506.0,16813826.0
2025-05-29,700,腾讯控股,HK,508.0,503.5,512.0,510.5,19368449.0
2025-05-30,700,腾讯控股,HK,506.0,496.0,506.5,498.2,28284004.0
2025-06-02,700,腾讯控股,HK,493.0,489.6,499.2,498.4,13086586.0
2025-06-03,700,腾讯控股,HK,504.0,501.0,505.5,505.0,14609189.0
2025-06-04,700,腾讯控股,HK,510.0,507.0,513.0,512.0,18378499.0
2025-06-05,700,腾讯控股,HK,517.5,509.0,517.5,515.0,19329282.0
2025-06-06,700,腾讯控股,HK,515.5,511.0,516.5,515.0,13137101.0
2025-06-09,700,腾讯控股,HK,520.0,512.5,521.0,518.0,18481403.0
2025-06-10,700,腾讯控股,HK,519.5,508.5,520.0,513.5,17039003.0
2025-06-11,700,腾讯控股,HK,517.0,514.5,518.0,518.0,14784979.0
2025-06-12,700,腾讯控股,HK,518.0,508.0,518.0,510.0,13368048.0
2025-06-13,700,腾讯控股,HK,510.5,506.0,515.5,510.0,19085310.0
2025-06-16,700,腾讯控股,HK,507.0,504.5,512.0,509.5,13784320.0
2025-06-17,700,腾讯控股,HK,514.0,506.5,514.0,513.5,11524031.0
2025-06-18,700,腾讯控股,HK,510.0,503.5,511.0,508.0,15187515.0
2025-06-19,700,腾讯控股,HK,503.0,496.0,506.0,498.0,19387767.0
2025-06-20,700,腾讯控股,HK,504.5,496.0,505.5,505.5,20622275.0
2025-06-23,700,腾讯控股,HK,498.2,494.6,504.0,504.0,14252887.0
2025-06-24,700,腾讯控股,HK,508.0,504.0,511.0,509.5,17768858.0
2025-06-25,700,腾讯控股,HK,512.0,508.0,515.0,512.5,17592461.0
2025-06-26,700,腾讯控股,HK,512.0,507.5,513.0,513.0,15000643.0
2025-06-27,700,腾讯控股,HK,512.0,510.0,514.5,513.0,15181667.0
2025-06-30,700,腾讯控股,HK,509.0,503.0,511.5,503.0,18464531.0
2025-07-02,700,腾讯控股,HK,508.0,500.0,508.5,501.5,18203168.0
2025-07-03,700,腾讯控股,HK,500.0,493.8,503.5,501.0,18956331.0
2025-07-04,700,腾讯控股,HK,493.0,493.0,501.5,496.8,14658173.0
2025-07-07,700,腾讯控股,HK,495.2,494.0,502.0,502.0,11631687.0
2025-07-08,700,腾讯控股,HK,505.0,500.0,505.0,504.5,13172857.0
2025-07-09,700,腾讯控股,HK,504.0,495.0,504.0,497.6,17820435.0
2025-07-10,700,腾讯控股,HK,497.6,494.2,499.6,496.6,14032556.0
2025-07-11,700,腾讯控股,HK,497.0,496.6,505.0,496.6,19225560.0
2025-07-14,700,腾讯控股,HK,497.0,496.0,501.5,500.0,11704663.0
2025-07-15,700,腾讯控股,HK,502.5,500.0,518.0,517.5,27446891.0
2025-07-16,700,腾讯控股,HK,520.0,516.0,526.0,516.5,23250693.0
2025-07-17,700,腾讯控股,HK,519.5,511.0,519.5,517.0,13735794.0
2025-07-18,700,腾讯控股,HK,525.0,516.5,525.0,519.0,13781113.0
2025-07-21,700,腾讯控股,HK,522.5,514.5,522.5,521.5,13273287.0
2025-07-22,700,腾讯控股,HK,521.5,519.0,526.0,526.0,17600260.0
2025-07-23,700,腾讯控股,HK,530.0,527.0,552.0,552.0,46744850.0
2025-07-24,700,腾讯控股,HK,553.5,548.0,560.0,557.0,24180342.0
2025-07-25,700,腾讯控股,HK,552.0,546.0,555.0,550.5,19886923.0
2025-07-28,700,腾讯控股,HK,550.5,546.5,558.0,555.5,14661199.0
2025-07-29,700,腾讯控股,HK,551.5,546.0,556.5,555.0,16847424.0
2025-07-30,700,腾讯控股,HK,550.0,542.5,556.0,549.0,19362555.0
2025-07-31,700,腾讯控股,HK,547.0,545.0,559.0,550.0,20453269.0
2025-08-01,700,腾讯控股,HK,551.5,533.5,554.5,535.0,21203861.0
2025-08-04,700,腾讯控股,HK,536.0,533.0,551.5,550.0,17340007.0
2025-08-05,700,腾讯控股,HK,554.5,549.0,559.0,559.0,17347823.0
2025-08-06,700,腾讯控股,HK,560.0,558.0,570.0,568.5,20737133.0
2025-08-07,700,腾讯控股,HK,571.0,560.5,572.0,567.0,16940382.0
2025-08-08,700,腾讯控股,HK,567.0,557.5,568.5,561.0,13305719.0
2025-08-11,700,腾讯控股,HK,561.0,553.5,562.5,561.0,11790350.0
2025-08-12,700,腾讯控股,HK,557.5,556.0,564.5,559.5,13827897.0
2025-08-13,700,腾讯控股,HK,568.0,566.0,586.0,586.0,37596415.0
2025-08-14,700,腾讯控股,HK,600.0,589.0,600.0,590.0,36339315.0
2025-08-15,700,腾讯控股,HK,587.0,584.5,596.5,592.0,22176876.0
2025-08-18,700,腾讯控股,HK,594.0,587.0,596.0,587.0,17590658.0
2025-08-19,700,腾讯控股,HK,588.0,583.0,597.0,592.5,16359474.0
2025-08-20,700,腾讯控股,HK,589.0,585.5,594.5,590.5,15952765.0
2025-08-21,700,腾讯控股,HK,590.5,589.5,597.0,593.0,14290178.0
2025-08-22,700,腾讯控股,HK,599.0,595.5,606.5,600.0,19378950.0
2025-08-25,700,腾讯控股,HK,608.5,608.0,621.0,614.5,25694519.0
2025-08-26,700,腾讯控股,HK,612.0,609.5,618.0,609.5,20656474.0
2025-08-27,700,腾讯控股,HK,613.0,595.0,614.5,599.0,21263402.0
2025-08-28,700,腾讯控股,HK,595.0,590.0,599.0,594.0,21712370.0
2025-08-29,700,腾讯控股,HK,595.5,594.0,605.0,596.5,18234935.0
2025-09-01,700,腾讯控股,HK,605.0,601.5,610.0,605.0,15958837.0
2025-09-02,700,腾讯控股,HK,605.5,599.0,608.5,600.5,14808157.0
2025-09-03,700,腾讯控股,HK,606.5,596.0,613.0,598.5,15523985.0
2025-09-04,700,腾讯控股,HK,605.0,591.0,605.0,592.5,18003934.0
2025-09-05,700,腾讯控股,HK,599.5,595.5,609.0,605.5,19047729.0
2025-09-08,700,腾讯控股,HK,605.5,605.0,619.0,617.5,21815489.0
2025-09-09,700,腾讯控股,HK,620.0,617.5,628.0,627.0,19871460.0
2025-09-10,700,腾讯控股,HK,630.0,628.0,639.0,633.5,19193376.0
2025-09-11,700,腾讯控股,HK,633.0,624.0,633.0,629.5,18191860.0
2025-09-12,700,腾讯控股,HK,645.0,642.0,649.0,643.5,20780375.0
2025-09-15,700,腾讯控股,HK,646.0,637.5,648.5,643.5,16371242.0
2025-09-16,700,腾讯控股,HK,647.0,640.5,649.5,645.0,13339685.0
2025-09-17,700,腾讯控股,HK,646.5,645.0,663.5,661.5,22349048.0
2025-09-18,700,腾讯控股,HK,662.0,635.5,664.5,642.0,29989898.0
2025-09-19,700,腾讯控股,HK,647.0,638.0,647.0,642.5,20805608.0
2025-09-22,700,腾讯控股,HK,642.0,634.0,643.5,641.0,12899662.0
2025-09-23,700,腾讯控股,HK,641.5,627.0,643.5,635.5,15293080.0
2025-09-24,700,腾讯控股,HK,633.5,628.0,651.0,648.5,18440788.0
2025-09-25,700,腾讯控股,HK,651.0,643.5,659.0,650.0,17384258.0
2025-09-26,700,腾讯控股,HK,645.0,640.0,653.0,644.0,19504951.0
2025-09-29,700,腾讯控股,HK,649.5,647.5,664.5,660.0,20489556.0
2025-09-30,700,腾讯控股,HK,658.0,657.5,666.5,663.0,20610633.0
2025-10-02,700,腾讯控股,HK,667.5,665.5,683.0,676.5,17137745.0
2025-10-03,700,腾讯控股,HK,677.0,670.0,680.0,673.5,7125093.0
2025-10-06,700,腾讯控股,HK,675.0,670.0,682.5,677.5,7828323.0
2025-10-08,700,腾讯控股,HK,680.0,669.5,680.0,675.0,10540730.0
2025-10-09,700,腾讯控股,HK,675.0,665.5,681.0,675.5,14454705.0
2025-10-10,700,腾讯控股,HK,669.0,647.5,669.0,651.5,19904705.0
2025-10-13,700,腾讯控股,HK,630.0,622.5,648.5,639.0,38012175.0
2025-10-14,700,腾讯控股,HK,642.5,617.0,644.0,621.0,26797863.0
2025-10-15,700,腾讯控股,HK,624.5,620.5,633.0,627.0,18381023.0
2025-10-16,700,腾讯控股,HK,626.0,615.5,629.0,620.0,14285465.0
2025-10-17,700,腾讯控股,HK,618.5,602.5,620.5,608.0,18654519.0
2025-10-20,700,腾讯控股,HK,624.0,621.5,632.5,627.5,14963360.0
2025-10-21,700,腾讯控股,HK,643.0,630.0,644.0,630.5,14171988.0
2025-10-22,700,腾讯控股,HK,626.0,616.5,629.0,623.5,9979448.0
2025-10-23,700,腾讯控股,HK,620.0,618.0,636.0,633.0,12419348.0
2025-10-24,700,腾讯控股,HK,639.0,633.5,641.5,637.5,11997034.0
2025-10-27,700,腾讯控股,HK,649.0,646.0,656.0,656.0,16043970.0
2025-10-28,700,腾讯控股,HK,656.0,641.0,656.0,645.0,16295470.0
2025-10-30,700,腾讯控股,HK,657.0,645.0,664.0,651.0,21772780.0
2025-10-31,700,腾讯控股,HK,651.5,629.0,655.0,629.0,20578283.0
2025-11-03,700,腾讯控股,HK,630.5,622.5,634.0,628.0,11591004.0
2025-11-04,700,腾讯控股,HK,631.0,625.5,640.0,629.0,14972125.0
2025-11-05,700,腾讯控股,HK,621.0,613.0,632.0,629.0,13309811.0
2025-11-06,700,腾讯控股,HK,629.5,629.5,645.5,644.0,13081287.0
2025-11-07,700,腾讯控股,HK,638.0,628.5,643.0,634.0,13314360.0
2025-11-10,700,腾讯控股,HK,641.0,641.0,651.0,649.5,14513815.0
2025-11-11,700,腾讯控股,HK,662.0,641.0,662.0,650.0,13087772.0
2025-11-12,700,腾讯控股,HK,655.0,652.0,658.5,657.0,13658568.0
2025-11-13,700,腾讯控股,HK,649.5,645.0,660.0,656.0,17299913.0
2025-11-14,700,腾讯控股,HK,645.0,640.0,659.0,641.0,19956444.0
2025-11-17,700,腾讯控股,HK,640.0,633.0,642.5,636.5,13794477.0
2025-11-18,700,腾讯控股,HK,628.0,620.5,641.0,623.5,18818609.0
2025-11-19,700,腾讯控股,HK,627.5,619.5,631.5,622.5,13959708.0
2025-11-20,700,腾讯控股,HK,626.5,615.5,630.5,621.0,14015988.0
2025-11-21,700,腾讯控股,HK,610.0,606.0,615.0,610.0,23732050.0
2025-11-24,700,腾讯控股,HK,615.0,613.5,627.5,624.5,22376801.0
2025-11-25,700,腾讯控股,HK,633.0,620.5,635.0,625.0,14877620.0
2025-11-26,700,腾讯控股,HK,628.5,618.0,630.0,619.5,14429595.0
2025-11-27,700,腾讯控股,HK,618.0,609.0,620.5,611.5,15493209.0
2025-11-28,700,腾讯控股,HK,611.5,608.5,617.0,611.5,13216245.0
2025-12-01,700,腾讯控股,HK,613.5,613.0,623.0,619.5,12643338.0
2025-12-02,700,腾讯控股,HK,625.5,615.0,626.0,617.0,11460186.0
2025-12-03,700,腾讯控股,HK,616.0,608.5,616.0,611.0,11002158.0
2025-12-04,700,腾讯控股,HK,610.0,605.0,613.0,612.0,15329748.0
2025-12-05,700,腾讯控股,HK,605.0,604.0,611.0,610.0,14638391.0
2025-12-08,700,腾讯控股,HK,607.5,604.0,609.5,605.0,13421327.0
2025-12-09,700,腾讯控股,HK,609.5,596.0,610.0,602.5,17431321.0
2025-12-10,700,腾讯控股,HK,602.0,595.0,603.0,603.0,14750743.0
2025-12-11,700,腾讯控股,HK,609.0,599.0,612.0,601.5,12480887.0
2025-12-12,700,腾讯控股,HK,608.0,601.5,616.0,616.0,17825495.0
2025-12-15,700,腾讯控股,HK,606.0,602.0,608.5,603.0,15165502.0
2025-12-16,700,腾讯控股,HK,602.5,592.0,603.0,596.5,15987678.0
2025-12-17,700,腾讯控股,HK,597.0,594.5,606.0,605.0,14824785.0
2025-12-18,700,腾讯控股,HK,601.0,599.0,606.0,605.0,10153604.0
2025-12-19,700,腾讯控股,HK,610.0,607.0,617.5,614.0,17765762.0
2025-12-22,700,腾讯控股,HK,620.0,610.0,621.5,614.5,13868060.0
2025-12-23,700,腾讯控股,HK,613.5,601.5,614.5,602.0,15623392.0
2025-12-24,700,腾讯控股,HK,598.0,598.0,604.5,603.0,7324553.0
2025-12-29,700,腾讯控股,HK,606.0,596.0,611.0,596.5,18502650.0
2025-12-30,700,腾讯控股,HK,598.5,594.0,601.0,600.0,13582535.0
2025-12-31,700,腾讯控股,HK,597.5,596.0,602.5,599.0,10838209.0
2026-01-02,700,腾讯控股,HK,600.5,600.5,624.5,623.0,16200058.0
2026-01-05,700,腾讯控股,HK,624.0,615.5,628.0,624.5,19947025.0
2026-01-06,700,腾讯控股,HK,627.0,626.0,638.5,632.5,24168431.0
2026-01-07,700,腾讯控股,HK,627.5,615.0,629.5,624.5,21378622.0
2026-01-08,700,腾讯控股,HK,618.5,610.0,621.0,616.0,18742539.0
2026-01-09,700,腾讯控股,HK,616.0,610.0,617.0,611.0,17813669.0
2026-01-12,700,腾讯控股,HK,616.0,613.5,627.5,623.0,27530129.0
2026-01-13,700,腾讯控股,HK,637.0,622.5,639.0,627.5,24212695.0
2026-01-14,700,腾讯控股,HK,634.0,626.0,638.5,633.0,28677291.0
2026-01-15,700,腾讯控股,HK,631.0,618.5,632.5,622.0,26194252.0
2026-01-16,700,腾讯控股,HK,627.0,613.5,630.0,617.5,20616793.0
2026-01-19,700,腾讯控股,HK,613.5,608.5,614.5,610.0,13233330.0
2026-01-20,700,腾讯控股,HK,601.0,598.0,607.0,601.0,24332228.0
2026-01-21,700,腾讯控股,HK,598.0,598.0,606.0,602.5,16003431.0
2026-01-22,700,腾讯控股,HK,604.5,596.0,605.5,597.5,27168713.0
2026-01-23,700,腾讯控股,HK,597.5,595.0,602.0,595.0,19177660.0
2026-01-26,700,腾讯控股,HK,595.0,594.0,605.0,599.5,17439619.0
2026-01-27,700,腾讯控股,HK,600.0,598.5,610.5,607.0,23887447.0
2026-01-28,700,腾讯控股,HK,613.0,610.5,623.0,621.0,25577066.0
2026-01-29,700,腾讯控股,HK,614.5,612.5,625.0,622.0,22951530.0
2026-01-30,700,腾讯控股,HK,615.0,605.5,619.5,606.0,21479886.0
2026-02-02,700,腾讯控股,HK,598.0,590.5,604.5,598.5,27926332.0
2026-02-03,700,腾讯控股,HK,598.5,561.0,601.5,581.0,65128647.0
2026-02-04,700,腾讯控股,HK,572.0,558.0,574.5,558.0,60374834.0
2026-02-05,700,腾讯控股,HK,550.0,541.0,561.5,558.5,79306977.0
2026-02-06,700,腾讯控股,HK,546.0,543.0,557.5,547.5,35402860.0
2026-02-09,700,腾讯控股,HK,550.0,550.0,562.5,560.0,26375723.0
2026-02-10,700,腾讯控股,HK,563.0,547.0,566.0,551.0,29211865.0
2026-02-11,700,腾讯控股,HK,543.0,543.0,550.5,548.0,23759058.0
2026-02-12,700,腾讯控股,HK,537.0,530.5,541.0,535.5,39790780.0
2026-02-13,700,腾讯控股,HK,525.5,525.0,534.5,532.0,26900740.0
2026-02-16,700,腾讯控股,HK,530.0,527.5,535.0,533.0,7224483.0
2026-02-20,700,腾讯控股,HK,531.5,518.0,533.0,522.0,21351884.0
2026-02-23,700,腾讯控股,HK,529.0,528.0,543.0,538.0,22136687.0
2026-02-24,700,腾讯控股,HK,534.5,516.0,534.5,520.0,36134943.0
2026-02-25,700,腾讯控股,HK,522.5,522.0,529.0,522.5,22838866.0
2026-02-26,700,腾讯控股,HK,529.0,512.0,529.5,512.0,25547825.0
2026-02-27,700,腾讯控股,HK,510.5,510.5,530.5,518.0,32229030.0
2026-03-02,700,腾讯控股,HK,511.5,507.0,520.0,514.0,30816358.0
2026-03-03,700,腾讯控股,HK,518.0,510.5,525.5,510.5,27370602.0
2026-03-04,700,腾讯控股,HK,506.0,498.8,515.0,506.0,32965198.0
2026-03-05,700,腾讯控股,HK,509.5,501.5,515.5,502.0,23955443.0
2026-03-06,700,腾讯控股,HK,504.0,502.0,522.0,519.0,30359878.0
2026-03-09,700,腾讯控股,HK,502.5,502.5,517.5,516.0,31383491.0
2026-03-10,700,腾讯控股,HK,525.0,525.0,556.0,553.5,57862244.0
2026-03-11,700,腾讯控股,HK,578.0,548.0,578.0,552.0,47623240.0
2026-03-12,700,腾讯控股,HK,550.5,541.5,557.0,546.5,19663840.0
2026-03-13,700,腾讯控股,HK,546.5,543.0,558.5,547.5,17183958.0
2026-03-16,700,腾讯控股,HK,551.0,543.5,565.5,558.5,24217363.0
2026-03-17,700,腾讯控股,HK,563.0,549.0,566.0,550.0,22872974.0
2026-03-18,700,腾讯控股,HK,546.5,542.5,552.0,550.5,21350876.0
2026-03-19,700,腾讯控股,HK,528.0,512.0,529.5,513.0,59432770.0
2026-03-20,700,腾讯控股,HK,505.0,505.0,519.0,508.0,24924662.0
2026-03-23,700,腾讯控股,HK,497.8,495.2,506.0,498.4,35123702.0
2026-03-24,700,腾讯控股,HK,508.0,500.0,520.0,514.0,29358876.0
2026-03-25,700,腾讯控股,HK,519.0,502.0,521.5,505.5,37353909.0
2026-03-26,700,腾讯控股,HK,501.0,495.0,507.5,495.6,22623215.0
2026-03-27,700,腾讯控股,HK,491.2,487.6,498.2,493.4,20345920.0
2026-03-30,700,腾讯控股,HK,485.0,476.0,485.8,481.6,28410968.0
2026-03-31,700,腾讯控股,HK,484.4,480.0,492.0,484.0,25801397.0
2026-04-01,700,腾讯控股,HK,504.0,493.0,504.0,496.6,21275055.0
2026-04-02,700,腾讯控股,HK,496.0,485.0,496.0,489.2,17030828.0
2022-01-04,559,万向钱潮,SZ,6.4,6.43,6.3,6.4,24873841.0
2022-01-05,559,万向钱潮,SZ,6.37,6.39,6.25,6.26,21956820.0
2022-01-06,559,万向钱潮,SZ,6.24,6.32,6.21,6.31,14182060.0
2022-01-07,559,万向钱潮,SZ,6.3,6.33,6.09,6.12,25340444.0
2022-01-10,559,万向钱潮,SZ,6.13,6.21,6.11,6.15,12096403.0
2022-01-11,559,万向钱潮,SZ,6.16,6.3,6.15,6.2,12900182.0
2022-01-12,559,万向钱潮,SZ,6.21,6.25,6.2,6.23,9889146.0
2022-01-13,559,万向钱潮,SZ,6.23,6.23,6.14,6.17,11682199.0
2022-01-14,559,万向钱潮,SZ,6.15,6.22,6.09,6.11,13069742.0
2022-01-17,559,万向钱潮,SZ,6.11,6.31,6.11,6.28,20050932.0
2022-01-18,559,万向钱潮,SZ,6.28,6.31,6.22,6.3,13331268.0
2022-01-19,559,万向钱潮,SZ,6.28,6.31,6.16,6.21,11517863.0
2022-01-20,559,万向钱潮,SZ,6.19,6.2,6.1,6.12,11562751.0
2022-01-21,559,万向钱潮,SZ,6.09,6.13,5.89,5.91,18788966.0
2022-01-24,559,万向钱潮,SZ,5.87,5.95,5.83,5.87,8778438.0
2022-01-25,559,万向钱潮,SZ,5.89,5.92,5.7,5.72,13771015.0
2022-01-26,559,万向钱潮,SZ,5.73,5.78,5.66,5.68,10459255.0
2022-01-27,559,万向钱潮,SZ,5.74,5.79,5.61,5.61,10981553.0
2022-01-28,559,万向钱潮,SZ,5.7,5.72,5.52,5.62,11243589.0
2022-02-07,559,万向钱潮,SZ,5.72,5.77,5.67,5.74,11749706.0
2022-02-08,559,万向钱潮,SZ,5.74,5.82,5.7,5.81,11047507.0
2022-02-09,559,万向钱潮,SZ,5.8,5.9,5.8,5.89,9641729.0
2022-02-10,559,万向钱潮,SZ,5.88,5.96,5.86,5.9,10510601.0
2022-02-11,559,万向钱潮,SZ,5.88,5.93,5.85,5.85,10155786.0
2022-02-14,559,万向钱潮,SZ,5.86,5.89,5.82,5.86,8136565.0
2022-02-15,559,万向钱潮,SZ,5.93,6.32,5.9,6.06,26671457.0
2022-02-16,559,万向钱潮,SZ,6.0,6.08,5.95,6.04,14318610.0
2022-02-17,559,万向钱潮,SZ,6.03,6.04,5.94,5.95,9153858.0
2022-02-18,559,万向钱潮,SZ,5.9,6.02,5.89,6.01,7770254.0
2022-02-21,559,万向钱潮,SZ,6.0,6.07,5.97,6.05,9406153.0
2022-02-22,559,万向钱潮,SZ,6.02,6.03,5.91,5.96,10127076.0
2022-02-23,559,万向钱潮,SZ,5.96,6.04,5.95,6.01,11450600.0
2022-02-24,559,万向钱潮,SZ,5.98,6.02,5.67,5.75,23815172.0
2022-02-25,559,万向钱潮,SZ,5.78,5.88,5.78,5.83,13036039.0
2022-02-28,559,万向钱潮,SZ,5.88,5.88,5.73,5.78,12577385.0
2022-03-01,559,万向钱潮,SZ,5.8,5.9,5.8,5.83,11881938.0
2022-03-02,559,万向钱潮,SZ,5.82,5.91,5.79,5.87,8938690.0
2022-03-03,559,万向钱潮,SZ,5.89,5.91,5.81,5.82,9315245.0
2022-03-04,559,万向钱潮,SZ,5.8,5.81,5.74,5.77,8897420.0
2022-03-07,559,万向钱潮,SZ,5.73,5.76,5.62,5.67,11156578.0
2022-03-08,559,万向钱潮,SZ,5.66,5.68,5.31,5.35,21912590.0
2022-03-09,559,万向钱潮,SZ,5.37,5.43,5.05,5.23,16639940.0
2022-03-10,559,万向钱潮,SZ,5.31,5.39,5.27,5.29,9725120.0
2022-03-11,559,万向钱潮,SZ,5.21,5.38,5.15,5.36,12508113.0
2022-03-14,559,万向钱潮,SZ,5.3,5.44,5.3,5.33,10913659.0
2022-03-15,559,万向钱潮,SZ,5.3,5.34,5.05,5.05,16250220.0
2022-03-16,559,万向钱潮,SZ,5.12,5.21,4.94,5.19,13864626.0
2022-03-17,559,万向钱潮,SZ,5.22,5.32,5.22,5.23,12071514.0
2022-03-18,559,万向钱潮,SZ,5.23,5.3,5.21,5.3,8898660.0
2022-03-21,559,万向钱潮,SZ,5.31,5.34,5.21,5.28,11837501.0
2022-03-22,559,万向钱潮,SZ,5.22,5.34,5.21,5.3,9470559.0
2022-03-23,559,万向钱潮,SZ,5.31,5.36,5.28,5.34,7687814.0
2022-03-24,559,万向钱潮,SZ,5.33,5.33,5.25,5.26,7052825.0
2022-03-25,559,万向钱潮,SZ,5.26,5.33,5.25,5.26,6655774.0
2022-03-28,559,万向钱潮,SZ,5.23,5.42,5.16,5.37,16791016.0
2022-03-29,559,万向钱潮,SZ,5.77,5.77,5.37,5.38,35890761.0
2022-03-30,559,万向钱潮,SZ,5.4,5.56,5.38,5.5,19638520.0
2022-03-31,559,万向钱潮,SZ,5.46,5.51,5.39,5.43,13873186.0
2022-04-01,559,万向钱潮,SZ,5.4,5.48,5.32,5.47,10537791.0
2022-04-06,559,万向钱潮,SZ,5.46,5.51,5.4,5.43,10642504.0
2022-04-07,559,万向钱潮,SZ,5.43,5.46,5.3,5.31,10450817.0
2022-04-08,559,万向钱潮,SZ,5.39,5.55,5.37,5.52,23221927.0
2022-04-11,559,万向钱潮,SZ,5.47,5.51,5.38,5.44,13990803.0
2022-04-12,559,万向钱潮,SZ,5.4,5.58,5.4,5.56,14493199.0
2022-04-13,559,万向钱潮,SZ,5.54,5.65,5.5,5.55,13707399.0
2022-04-14,559,万向钱潮,SZ,5.58,5.61,5.47,5.55,14767735.0
2022-04-15,559,万向钱潮,SZ,5.5,5.5,5.36,5.43,14216230.0
2022-04-18,559,万向钱潮,SZ,5.45,5.62,5.4,5.62,19062580.0
2022-04-19,559,万向钱潮,SZ,5.63,5.63,5.52,5.56,13488184.0
2022-04-20,559,万向钱潮,SZ,5.55,5.63,5.43,5.49,14135425.0
2022-04-21,559,万向钱潮,SZ,5.43,5.5,5.26,5.28,14328836.0
2022-04-22,559,万向钱潮,SZ,5.21,5.37,5.14,5.31,12293195.0
2022-04-25,559,万向钱潮,SZ,5.26,5.27,4.98,5.0,15637231.0
2022-04-26,559,万向钱潮,SZ,5.04,5.09,4.88,4.91,13165631.0
2022-04-27,559,万向钱潮,SZ,4.87,5.04,4.76,5.04,14845278.0
2022-04-28,559,万向钱潮,SZ,5.04,5.09,4.93,4.96,13987974.0
2022-04-29,559,万向钱潮,SZ,5.03,5.2,5.01,5.17,16952858.0
2022-05-05,559,万向钱潮,SZ,5.22,5.26,5.17,5.22,13792266.0
2022-05-06,559,万向钱潮,SZ,5.1,5.19,5.06,5.16,11343918.0
2022-05-09,559,万向钱潮,SZ,5.16,5.23,5.12,5.2,7089426.0
2022-05-10,559,万向钱潮,SZ,5.19,5.33,5.13,5.3,13626220.0
2022-05-11,559,万向钱潮,SZ,5.3,5.52,5.28,5.39,21276762.0
2022-05-12,559,万向钱潮,SZ,5.42,5.48,5.37,5.39,13262100.0
2022-05-13,559,万向钱潮,SZ,5.39,5.54,5.39,5.51,15550333.0
2022-05-16,559,万向钱潮,SZ,5.56,5.59,5.48,5.5,15941236.0
2022-05-17,559,万向钱潮,SZ,5.56,5.56,5.46,5.52,11999660.0
2022-05-18,559,万向钱潮,SZ,5.52,5.64,5.5,5.57,14818712.0
2022-05-19,559,万向钱潮,SZ,5.5,5.62,5.47,5.55,15393335.0
2022-05-20,559,万向钱潮,SZ,5.55,5.64,5.5,5.55,15877191.0
2022-05-23,559,万向钱潮,SZ,5.53,5.72,5.5,5.69,21874676.0
2022-05-24,559,万向钱潮,SZ,5.7,5.79,5.47,5.49,24013010.0
2022-05-25,559,万向钱潮,SZ,5.5,5.68,5.45,5.61,19562546.0
2022-05-26,559,万向钱潮,SZ,5.64,5.71,5.51,5.67,16268048.0
2022-05-27,559,万向钱潮,SZ,5.69,5.75,5.62,5.67,15818557.0
2022-05-30,559,万向钱潮,SZ,5.69,5.77,5.63,5.76,15907719.0
2022-05-31,559,万向钱潮,SZ,5.75,5.78,5.66,5.68,17879120.0
2022-06-01,559,万向钱潮,SZ,5.68,5.75,5.66,5.71,20495699.0
2022-06-02,559,万向钱潮,SZ,5.56,5.71,5.53,5.66,28591885.0
2022-06-06,559,万向钱潮,SZ,5.65,5.76,5.63,5.68,26773511.0
2022-06-07,559,万向钱潮,SZ,5.65,5.7,5.54,5.61,19850779.0
2022-06-08,559,万向钱潮,SZ,5.65,5.67,5.46,5.67,23963295.0
2022-06-09,559,万向钱潮,SZ,5.61,5.63,5.46,5.48,28193592.0
2022-06-10,559,万向钱潮,SZ,5.43,5.73,5.42,5.7,30327997.0
2022-06-13,559,万向钱潮,SZ,5.69,5.87,5.66,5.76,27715360.0
2022-06-14,559,万向钱潮,SZ,5.7,6.01,5.65,6.0,44641783.0
2022-06-15,559,万向钱潮,SZ,5.97,6.01,5.81,5.82,35982243.0
2022-06-16,559,万向钱潮,SZ,5.82,5.87,5.72,5.75,24257850.0
2022-06-17,559,万向钱潮,SZ,5.72,5.86,5.69,5.82,18973049.0
2022-06-20,559,万向钱潮,SZ,5.83,5.91,5.78,5.85,18512759.0
2022-06-21,559,万向钱潮,SZ,5.86,5.87,5.72,5.79,18380877.0
2022-06-22,559,万向钱潮,SZ,5.82,5.92,5.75,5.8,22505733.0
2022-06-23,559,万向钱潮,SZ,5.85,6.15,5.81,6.13,52937287.0
2022-06-24,559,万向钱潮,SZ,6.13,6.17,6.01,6.14,33623520.0
2022-06-27,559,万向钱潮,SZ,6.17,6.21,6.04,6.11,26083983.0
2022-06-28,559,万向钱潮,SZ,6.13,6.35,6.1,6.29,42292539.0
2022-06-29,559,万向钱潮,SZ,6.27,6.3,5.98,6.01,37906732.0
2022-06-30,559,万向钱潮,SZ,5.98,6.07,5.92,5.94,22760116.0
2022-07-01,559,万向钱潮,SZ,5.95,6.0,5.89,5.95,15332878.0
2022-07-04,559,万向钱潮,SZ,5.92,5.97,5.86,5.89,17112606.0
2022-07-05,559,万向钱潮,SZ,5.88,5.95,5.75,5.81,22368370.0
2022-07-06,559,万向钱潮,SZ,5.83,5.92,5.76,5.83,17314705.0
2022-07-07,559,万向钱潮,SZ,5.81,6.16,5.78,6.1,36240381.0
2022-07-08,559,万向钱潮,SZ,6.13,6.13,5.99,6.0,19272378.0
2022-07-11,559,万向钱潮,SZ,5.99,5.99,5.74,5.79,25222860.0
2022-07-12,559,万向钱潮,SZ,5.79,5.83,5.69,5.7,15707512.0
2022-07-13,559,万向钱潮,SZ,5.69,5.73,5.67,5.72,13574399.0
2022-07-14,559,万向钱潮,SZ,5.72,5.83,5.7,5.76,18038213.0
2022-07-15,559,万向钱潮,SZ,5.73,6.04,5.7,5.86,35549090.0
2022-07-18,559,万向钱潮,SZ,5.88,6.35,5.87,6.27,56883510.0
2022-07-19,559,万向钱潮,SZ,6.27,6.35,6.21,6.28,39633137.0
2022-07-20,559,万向钱潮,SZ,6.27,6.42,6.21,6.33,34393992.0
2022-07-21,559,万向钱潮,SZ,6.32,6.42,6.22,6.32,31883918.0
2022-07-22,559,万向钱潮,SZ,6.36,6.55,6.32,6.51,55432814.0
2022-07-25,559,万向钱潮,SZ,6.51,6.51,6.26,6.3,37636503.0
2022-07-26,559,万向钱潮,SZ,6.31,6.46,6.22,6.41,26495518.0
2022-07-27,559,万向钱潮,SZ,6.4,6.44,6.35,6.41,19748493.0
2022-07-28,559,万向钱潮,SZ,6.44,6.55,6.37,6.39,22974442.0
2022-07-29,559,万向钱潮,SZ,6.46,6.78,6.42,6.58,43372023.0
2022-08-01,559,万向钱潮,SZ,6.53,6.59,6.28,6.4,42357516.0
2022-08-02,559,万向钱潮,SZ,6.36,6.4,6.07,6.18,46767789.0
2022-08-03,559,万向钱潮,SZ,6.25,6.32,5.96,5.98,37353837.0
2022-08-04,559,万向钱潮,SZ,6.0,6.14,5.89,6.0,24956864.0
2022-08-05,559,万向钱潮,SZ,6.01,6.08,5.87,6.01,23131681.0
2022-08-08,559,万向钱潮,SZ,6.0,6.22,5.9,6.2,30724770.0
2022-08-09,559,万向钱潮,SZ,6.18,6.25,6.1,6.14,23345340.0
2022-08-10,559,万向钱潮,SZ,6.14,6.19,6.06,6.12,18223296.0
2022-08-11,559,万向钱潮,SZ,6.13,6.16,6.05,6.14,20772598.0
2022-08-12,559,万向钱潮,SZ,6.13,6.22,6.03,6.05,24156727.0
2022-08-15,559,万向钱潮,SZ,6.03,6.13,5.99,6.04,18676319.0
2022-08-16,559,万向钱潮,SZ,6.07,6.25,6.01,6.17,31825197.0
2022-08-17,559,万向钱潮,SZ,6.18,6.31,6.12,6.29,33288078.0
2022-08-18,559,万向钱潮,SZ,6.28,6.4,6.25,6.38,32565728.0
2022-08-19,559,万向钱潮,SZ,6.36,6.4,6.2,6.2,26428211.0
2022-08-22,559,万向钱潮,SZ,6.22,6.26,6.12,6.24,18863835.0
2022-08-23,559,万向钱潮,SZ,6.18,6.23,6.03,6.07,35696239.0
2022-08-24,559,万向钱潮,SZ,6.06,6.08,5.63,5.65,51850581.0
2022-08-25,559,万向钱潮,SZ,5.66,5.7,5.51,5.58,25886429.0
2022-08-26,559,万向钱潮,SZ,5.58,5.68,5.53,5.63,17068632.0
2022-08-29,559,万向钱潮,SZ,5.53,5.66,5.5,5.64,14674602.0
2022-08-30,559,万向钱潮,SZ,5.63,5.7,5.59,5.65,13721227.0
2022-08-31,559,万向钱潮,SZ,5.63,5.64,5.44,5.46,19476320.0
2022-09-01,559,万向钱潮,SZ,5.47,5.53,5.44,5.47,9924292.0
2022-09-02,559,万向钱潮,SZ,5.45,5.52,5.42,5.46,12369523.0
2022-09-05,559,万向钱潮,SZ,5.45,5.52,5.41,5.46,10946963.0
2022-09-06,559,万向钱潮,SZ,5.5,5.54,5.46,5.53,16599018.0
2022-09-07,559,万向钱潮,SZ,5.49,5.55,5.48,5.51,13642512.0
2022-09-08,559,万向钱潮,SZ,5.5,5.55,5.46,5.47,11911930.0
2022-09-09,559,万向钱潮,SZ,5.47,5.49,5.42,5.46,10566376.0
2022-09-13,559,万向钱潮,SZ,5.46,5.51,5.43,5.44,12376844.0
2022-09-14,559,万向钱潮,SZ,5.37,5.4,5.28,5.33,19256332.0
2022-09-15,559,万向钱潮,SZ,5.34,5.39,5.16,5.22,15820902.0
2022-09-16,559,万向钱潮,SZ,5.22,5.22,5.09,5.09,11588127.0
2022-09-19,559,万向钱潮,SZ,5.1,5.14,5.04,5.07,9342853.0
2022-09-20,559,万向钱潮,SZ,5.13,5.2,5.11,5.15,9770589.0
2022-09-21,559,万向钱潮,SZ,5.16,5.18,5.07,5.17,7942996.0
2022-09-22,559,万向钱潮,SZ,5.12,5.18,5.11,5.14,7346043.0
2022-09-23,559,万向钱潮,SZ,5.13,5.15,5.01,5.05,10166292.0
2022-09-26,559,万向钱潮,SZ,5.02,5.09,4.96,4.98,9033129.0
2022-09-27,559,万向钱潮,SZ,5.01,5.1,4.98,5.1,8883446.0
2022-09-28,559,万向钱潮,SZ,5.08,5.1,4.97,4.97,9673030.0
2022-09-29,559,万向钱潮,SZ,5.0,5.02,4.91,4.97,9792071.0
2022-09-30,559,万向钱潮,SZ,4.96,4.99,4.92,4.92,6905871.0
2022-10-10,559,万向钱潮,SZ,4.92,4.95,4.85,4.86,8356933.0
2022-10-11,559,万向钱潮,SZ,4.87,4.98,4.84,4.95,8732587.0
2022-10-12,559,万向钱潮,SZ,4.96,5.1,4.92,5.1,12672829.0
2022-10-13,559,万向钱潮,SZ,5.08,5.13,5.06,5.09,9480253.0
2022-10-14,559,万向钱潮,SZ,5.11,5.16,5.1,5.13,9476248.0
2022-10-17,559,万向钱潮,SZ,5.12,5.17,5.09,5.16,9687420.0
2022-10-18,559,万向钱潮,SZ,5.18,5.2,5.12,5.15,8704974.0
2022-10-19,559,万向钱潮,SZ,5.15,5.18,5.11,5.12,6860712.0
2022-10-20,559,万向钱潮,SZ,5.11,5.17,5.04,5.14,10043038.0
2022-10-21,559,万向钱潮,SZ,5.13,5.15,5.08,5.08,7574715.0
2022-10-24,559,万向钱潮,SZ,5.09,5.18,5.0,5.02,11070117.0
2022-10-25,559,万向钱潮,SZ,5.02,5.13,4.93,5.12,12631714.0
2022-10-26,559,万向钱潮,SZ,5.11,5.2,5.09,5.17,13899579.0
2022-10-27,559,万向钱潮,SZ,5.15,5.2,5.12,5.13,10829069.0
2022-10-28,559,万向钱潮,SZ,5.11,5.12,4.93,4.95,12557818.0
2022-10-31,559,万向钱潮,SZ,4.91,5.02,4.91,4.97,8263154.0
2022-11-01,559,万向钱潮,SZ,4.97,5.13,4.96,5.13,10884496.0
2022-11-02,559,万向钱潮,SZ,5.12,5.2,5.1,5.18,12608683.0
2022-11-03,559,万向钱潮,SZ,5.16,5.19,5.11,5.17,8258547.0
2022-11-04,559,万向钱潮,SZ,5.15,5.26,5.15,5.25,16819408.0
2022-11-07,559,万向钱潮,SZ,5.23,5.29,5.19,5.23,14598355.0
2022-11-08,559,万向钱潮,SZ,5.25,5.25,5.16,5.2,7739805.0
2022-11-09,559,万向钱潮,SZ,5.22,5.22,5.15,5.16,8142587.0
2022-11-10,559,万向钱潮,SZ,5.15,5.18,5.12,5.16,9351317.0
2022-11-11,559,万向钱潮,SZ,5.23,5.27,5.15,5.17,16661425.0
2022-11-14,559,万向钱潮,SZ,5.16,5.2,5.1,5.12,13414664.0
2022-11-15,559,万向钱潮,SZ,5.1,5.22,5.09,5.22,16118742.0
2022-11-16,559,万向钱潮,SZ,5.23,5.24,5.18,5.19,10553151.0
2022-11-17,559,万向钱潮,SZ,5.17,5.19,5.14,5.18,8544244.0
2022-11-18,559,万向钱潮,SZ,5.2,5.2,5.16,5.17,10842686.0
2022-11-21,559,万向钱潮,SZ,5.15,5.18,5.08,5.18,9988170.0
2022-11-22,559,万向钱潮,SZ,5.19,5.2,5.12,5.14,8861494.0
2022-11-23,559,万向钱潮,SZ,5.17,5.17,5.09,5.13,8240495.0
2022-11-24,559,万向钱潮,SZ,5.15,5.18,5.1,5.13,6368581.0
2022-11-25,559,万向钱潮,SZ,5.11,5.12,5.08,5.08,7929152.0
2022-11-28,559,万向钱潮,SZ,5.07,5.08,4.99,5.07,8199959.0
2022-11-29,559,万向钱潮,SZ,5.07,5.15,5.07,5.15,8789436.0
2022-11-30,559,万向钱潮,SZ,5.18,5.3,5.14,5.24,22633511.0
2022-12-01,559,万向钱潮,SZ,5.29,5.32,5.22,5.23,12957560.0
2022-12-02,559,万向钱潮,SZ,5.25,5.25,5.19,5.2,9005180.0
2022-12-05,559,万向钱潮,SZ,5.22,5.27,5.2,5.26,13007777.0
2022-12-06,559,万向钱潮,SZ,5.26,5.32,5.24,5.27,11866256.0
2022-12-07,559,万向钱潮,SZ,5.27,5.29,5.23,5.25,9377897.0
2022-12-08,559,万向钱潮,SZ,5.24,5.26,5.21,5.23,7157705.0
2022-12-09,559,万向钱潮,SZ,5.25,5.25,5.21,5.23,9293590.0
2022-12-12,559,万向钱潮,SZ,5.22,5.23,5.15,5.2,9349465.0
2022-12-13,559,万向钱潮,SZ,5.2,5.21,5.15,5.16,6429057.0
2022-12-14,559,万向钱潮,SZ,5.15,5.2,5.13,5.14,5782056.0
2022-12-15,559,万向钱潮,SZ,5.15,5.26,5.15,5.25,11799533.0
2022-12-16,559,万向钱潮,SZ,5.25,5.25,5.16,5.18,7105250.0
2022-12-19,559,万向钱潮,SZ,5.19,5.23,5.09,5.11,10178953.0
2022-12-20,559,万向钱潮,SZ,5.1,5.15,5.06,5.13,6274672.0
2022-12-21,559,万向钱潮,SZ,5.14,5.14,5.02,5.06,8425048.0
2022-12-22,559,万向钱潮,SZ,5.07,5.09,4.98,5.02,8023870.0
2022-12-23,559,万向钱潮,SZ,5.02,5.02,4.94,4.97,7332320.0
2022-12-26,559,万向钱潮,SZ,4.95,5.01,4.95,4.99,5572193.0
2022-12-27,559,万向钱潮,SZ,5.02,5.02,4.96,4.99,4778000.0
2022-12-28,559,万向钱潮,SZ,4.99,4.99,4.92,4.93,6377850.0
2022-12-29,559,万向钱潮,SZ,4.91,4.94,4.84,4.84,12249598.0
2022-12-30,559,万向钱潮,SZ,4.88,4.91,4.85,4.87,7172129.0
2023-01-03,559,万向钱潮,SZ,4.86,4.95,4.86,4.94,9554965.0
2023-01-04,559,万向钱潮,SZ,4.94,4.99,4.91,4.96,6042800.0
2023-01-05,559,万向钱潮,SZ,4.99,5.01,4.96,4.99,7406438.0
2023-01-06,559,万向钱潮,SZ,5.02,5.04,4.98,5.01,7742507.0
2023-01-09,559,万向钱潮,SZ,5.03,5.07,5.01,5.03,7300726.0
2023-01-10,559,万向钱潮,SZ,5.03,5.05,4.98,5.03,8937149.0
2023-01-11,559,万向钱潮,SZ,5.04,5.05,4.98,5.0,5796100.0
2023-01-12,559,万向钱潮,SZ,4.99,5.04,4.99,5.02,4852600.0
2023-01-13,559,万向钱潮,SZ,5.03,5.05,5.01,5.03,4886059.0
2023-01-16,559,万向钱潮,SZ,5.04,5.09,5.03,5.08,8548255.0
2023-01-17,559,万向钱潮,SZ,5.09,5.1,5.07,5.09,5920448.0
2023-01-18,559,万向钱潮,SZ,5.11,5.14,5.08,5.08,5650583.0
2023-01-19,559,万向钱潮,SZ,5.06,5.11,5.05,5.1,7087131.0
2023-01-20,559,万向钱潮,SZ,5.11,5.15,5.1,5.15,8245181.0
2023-01-30,559,万向钱潮,SZ,5.21,5.31,5.19,5.21,17226149.0
2023-01-31,559,万向钱潮,SZ,5.21,5.25,5.18,5.25,9013370.0
2023-02-01,559,万向钱潮,SZ,5.25,5.32,5.25,5.3,15484072.0
2023-02-02,559,万向钱潮,SZ,5.3,5.32,5.24,5.24,11337702.0
2023-02-03,559,万向钱潮,SZ,5.24,5.27,5.17,5.22,11697170.0
2023-02-06,559,万向钱潮,SZ,5.23,5.27,5.19,5.24,9501316.0
2023-02-07,559,万向钱潮,SZ,5.28,5.28,5.2,5.28,11089762.0
2023-02-08,559,万向钱潮,SZ,5.3,5.35,5.23,5.27,14969580.0
2023-02-09,559,万向钱潮,SZ,5.27,5.32,5.25,5.31,10970949.0
2023-02-10,559,万向钱潮,SZ,5.33,5.35,5.28,5.3,12556096.0
2023-02-13,559,万向钱潮,SZ,5.33,5.33,5.28,5.3,10955832.0
2023-02-14,559,万向钱潮,SZ,5.31,5.41,5.27,5.35,22064297.0
2023-02-15,559,万向钱潮,SZ,5.36,5.37,5.32,5.34,10108953.0
2023-02-16,559,万向钱潮,SZ,5.35,5.38,5.19,5.26,15766559.0
2023-02-17,559,万向钱潮,SZ,5.28,5.3,5.24,5.24,9983221.0
2023-02-20,559,万向钱潮,SZ,5.26,5.3,5.22,5.29,9310840.0
2023-02-21,559,万向钱潮,SZ,5.31,5.39,5.29,5.38,14315263.0
2023-02-22,559,万向钱潮,SZ,5.38,5.38,5.32,5.35,7527009.0
2023-02-23,559,万向钱潮,SZ,5.37,5.41,5.35,5.38,9516068.0
2023-02-24,559,万向钱潮,SZ,5.4,5.4,5.3,5.32,8223306.0
2023-02-27,559,万向钱潮,SZ,5.33,5.34,5.25,5.28,8668568.0
2023-02-28,559,万向钱潮,SZ,5.32,5.39,5.3,5.37,11986884.0
2023-03-01,559,万向钱潮,SZ,5.37,5.39,5.35,5.37,9173541.0
2023-03-02,559,万向钱潮,SZ,5.38,5.38,5.33,5.35,7520983.0
2023-03-03,559,万向钱潮,SZ,5.33,5.35,5.29,5.32,8132744.0
2023-03-06,559,万向钱潮,SZ,5.35,5.35,5.29,5.29,7979594.0
2023-03-07,559,万向钱潮,SZ,5.28,5.31,5.17,5.17,15168925.0
2023-03-08,559,万向钱潮,SZ,5.17,5.22,5.17,5.19,7472994.0
2023-03-09,559,万向钱潮,SZ,5.2,5.21,5.15,5.18,7225240.0
2023-03-10,559,万向钱潮,SZ,5.16,5.18,5.07,5.08,11492885.0
2023-03-13,559,万向钱潮,SZ,5.06,5.06,4.98,5.0,14503704.0
2023-03-14,559,万向钱潮,SZ,5.0,5.02,4.91,4.98,9892724.0
2023-03-15,559,万向钱潮,SZ,5.0,5.04,4.99,5.02,8004617.0
2023-03-16,559,万向钱潮,SZ,5.0,5.08,5.0,5.02,10349081.0
2023-03-17,559,万向钱潮,SZ,5.05,5.06,5.01,5.01,8879702.0
2023-03-20,559,万向钱潮,SZ,5.01,5.04,4.99,5.01,8892193.0
2023-03-21,559,万向钱潮,SZ,5.02,5.08,5.01,5.07,9244661.0
2023-03-22,559,万向钱潮,SZ,5.14,5.14,5.07,5.1,8383398.0
2023-03-23,559,万向钱潮,SZ,5.1,5.15,5.08,5.14,8160730.0
2023-03-24,559,万向钱潮,SZ,5.15,5.2,5.13,5.15,8941830.0
2023-03-27,559,万向钱潮,SZ,5.16,5.19,5.13,5.16,9410545.0
2023-03-28,559,万向钱潮,SZ,5.19,5.2,5.14,5.16,8359720.0
2023-03-29,559,万向钱潮,SZ,5.17,5.19,5.13,5.15,9179823.0
2023-03-30,559,万向钱潮,SZ,5.16,5.22,5.13,5.21,11360183.0
2023-03-31,559,万向钱潮,SZ,5.22,5.27,5.2,5.25,10071887.0
2023-04-03,559,万向钱潮,SZ,5.26,5.29,5.2,5.22,13328280.0
2023-04-04,559,万向钱潮,SZ,5.22,5.23,5.14,5.16,11761732.0
2023-04-06,559,万向钱潮,SZ,5.14,5.18,5.12,5.16,9278669.0
2023-04-07,559,万向钱潮,SZ,5.15,5.19,5.13,5.13,8363813.0
2023-04-10,559,万向钱潮,SZ,5.12,5.15,5.11,5.14,8872121.0
2023-04-11,559,万向钱潮,SZ,5.13,5.14,5.08,5.11,8107840.0
2023-04-12,559,万向钱潮,SZ,5.11,5.13,5.08,5.1,8402877.0
2023-04-13,559,万向钱潮,SZ,5.11,5.12,5.05,5.07,9614952.0
2023-04-14,559,万向钱潮,SZ,5.11,5.17,5.09,5.09,11888649.0
2023-04-17,559,万向钱潮,SZ,5.08,5.16,5.08,5.09,17552060.0
2023-04-18,559,万向钱潮,SZ,5.11,5.12,5.07,5.09,10080652.0
2023-04-19,559,万向钱潮,SZ,5.09,5.11,5.05,5.06,8753953.0
2023-04-20,559,万向钱潮,SZ,5.08,5.08,5.02,5.05,9170364.0
2023-04-21,559,万向钱潮,SZ,5.05,5.07,4.98,4.98,10625986.0
2023-04-24,559,万向钱潮,SZ,5.01,5.03,4.93,5.01,11941700.0
2023-04-25,559,万向钱潮,SZ,4.99,5.0,4.91,4.95,12901736.0
2023-04-26,559,万向钱潮,SZ,4.96,5.01,4.95,5.0,10596585.0
2023-04-27,559,万向钱潮,SZ,5.01,5.02,4.98,5.0,8945217.0
2023-04-28,559,万向钱潮,SZ,5.01,5.09,5.01,5.09,15270470.0
2023-05-04,559,万向钱潮,SZ,5.1,5.19,5.09,5.14,23979853.0
2023-05-05,559,万向钱潮,SZ,5.16,5.16,5.1,5.14,10300968.0
2023-05-08,559,万向钱潮,SZ,5.15,5.19,5.13,5.14,15038503.0
2023-05-09,559,万向钱潮,SZ,5.18,5.22,5.14,5.16,18474562.0
2023-05-10,559,万向钱潮,SZ,5.16,5.24,5.15,5.23,15294165.0
2023-05-11,559,万向钱潮,SZ,5.24,5.26,5.19,5.25,13340599.0
2023-05-12,559,万向钱潮,SZ,5.24,5.26,5.2,5.22,9885204.0
2023-05-15,559,万向钱潮,SZ,5.22,5.24,5.17,5.23,16028205.0
2023-05-16,559,万向钱潮,SZ,5.0,5.04,4.99,5.02,17659790.0
2023-05-17,559,万向钱潮,SZ,5.0,5.03,4.98,4.99,8589804.0
2023-05-18,559,万向钱潮,SZ,5.0,5.02,4.96,4.98,8526894.0
2023-05-19,559,万向钱潮,SZ,4.98,5.0,4.95,4.98,7161710.0
2023-05-22,559,万向钱潮,SZ,4.98,5.01,4.96,4.99,6865011.0
2023-05-23,559,万向钱潮,SZ,5.0,5.01,4.95,4.95,7176072.0
2023-05-24,559,万向钱潮,SZ,4.96,5.05,4.94,5.0,10181676.0
2023-05-25,559,万向钱潮,SZ,4.99,5.01,4.93,4.98,9446678.0
2023-05-26,559,万向钱潮,SZ,4.98,5.05,4.93,5.04,10175828.0
2023-05-29,559,万向钱潮,SZ,5.04,5.24,5.0,5.17,27987600.0
2023-05-30,559,万向钱潮,SZ,5.18,5.28,5.14,5.22,25967493.0
2023-05-31,559,万向钱潮,SZ,5.2,5.26,5.16,5.25,19136346.0
2023-06-01,559,万向钱潮,SZ,5.21,5.26,5.18,5.2,13911408.0
2023-06-02,559,万向钱潮,SZ,5.22,5.23,5.16,5.17,10701667.0
2023-06-05,559,万向钱潮,SZ,5.17,5.22,5.15,5.19,9744901.0
2023-06-06,559,万向钱潮,SZ,5.21,5.21,5.09,5.11,13084578.0
2023-06-07,559,万向钱潮,SZ,5.12,5.13,5.07,5.1,8086096.0
2023-06-08,559,万向钱潮,SZ,5.1,5.12,5.06,5.09,7624583.0
2023-06-09,559,万向钱潮,SZ,5.1,5.17,5.09,5.14,11153016.0
2023-06-12,559,万向钱潮,SZ,5.14,5.27,5.13,5.26,16708553.0
2023-06-13,559,万向钱潮,SZ,5.26,5.33,5.25,5.3,17123132.0
2023-06-14,559,万向钱潮,SZ,5.3,5.32,5.25,5.29,13296428.0
2023-06-15,559,万向钱潮,SZ,5.29,5.34,5.27,5.3,11401635.0
2023-06-16,559,万向钱潮,SZ,5.32,5.33,5.24,5.26,12572778.0
2023-06-19,559,万向钱潮,SZ,5.32,5.46,5.3,5.39,26420667.0
2023-06-20,559,万向钱潮,SZ,5.4,5.46,5.32,5.39,20284465.0
2023-06-21,559,万向钱潮,SZ,5.36,5.41,5.33,5.36,16467486.0
2023-06-26,559,万向钱潮,SZ,5.33,5.41,5.28,5.3,14943485.0
2023-06-27,559,万向钱潮,SZ,5.29,5.4,5.26,5.38,15413568.0
2023-06-28,559,万向钱潮,SZ,5.38,5.41,5.31,5.39,10663646.0
2023-06-29,559,万向钱潮,SZ,5.38,5.56,5.36,5.52,27291080.0
2023-06-30,559,万向钱潮,SZ,5.51,5.53,5.43,5.45,14952037.0
2023-07-03,559,万向钱潮,SZ,5.49,5.58,5.45,5.47,15987129.0
2023-07-04,559,万向钱潮,SZ,5.45,5.61,5.45,5.58,21260262.0
2023-07-05,559,万向钱潮,SZ,5.62,5.63,5.53,5.55,14048267.0
2023-07-06,559,万向钱潮,SZ,5.54,5.58,5.5,5.56,11562023.0
2023-07-07,559,万向钱潮,SZ,5.54,5.61,5.53,5.55,13321904.0
2023-07-10,559,万向钱潮,SZ,5.57,5.6,5.47,5.52,14606227.0
2023-07-11,559,万向钱潮,SZ,5.52,5.66,5.51,5.64,22498101.0
2023-07-12,559,万向钱潮,SZ,5.63,5.69,5.6,5.64,19646160.0
2023-07-13,559,万向钱潮,SZ,5.65,5.66,5.55,5.61,16565221.0
2023-07-14,559,万向钱潮,SZ,5.61,5.63,5.53,5.59,13010709.0
2023-07-17,559,万向钱潮,SZ,5.58,5.58,5.47,5.55,14585766.0
2023-07-18,559,万向钱潮,SZ,5.53,5.66,5.52,5.63,13512549.0
2023-07-19,559,万向钱潮,SZ,5.62,5.64,5.56,5.6,8623155.0
2023-07-20,559,万向钱潮,SZ,5.6,5.65,5.49,5.51,13077403.0
2023-07-21,559,万向钱潮,SZ,5.48,5.52,5.39,5.44,17565950.0
2023-07-24,559,万向钱潮,SZ,5.45,5.49,5.4,5.46,9081070.0
2023-07-25,559,万向钱潮,SZ,5.5,5.57,5.47,5.55,12129477.0
2023-07-26,559,万向钱潮,SZ,5.55,5.55,5.41,5.43,9590321.0
2023-07-27,559,万向钱潮,SZ,5.45,5.6,5.45,5.5,17704184.0
2023-07-28,559,万向钱潮,SZ,5.48,5.62,5.44,5.57,18024486.0
2023-07-31,559,万向钱潮,SZ,5.59,5.7,5.54,5.58,16988855.0
2023-08-01,559,万向钱潮,SZ,5.55,5.62,5.55,5.6,12350458.0
2023-08-02,559,万向钱潮,SZ,5.58,5.66,5.56,5.63,9591325.0
2023-08-03,559,万向钱潮,SZ,5.6,5.63,5.57,5.59,7887663.0
2023-08-04,559,万向钱潮,SZ,5.6,5.64,5.52,5.54,10821786.0
2023-08-07,559,万向钱潮,SZ,5.54,5.55,5.48,5.51,8782230.0
2023-08-08,559,万向钱潮,SZ,5.51,5.53,5.45,5.49,7316940.0
2023-08-09,559,万向钱潮,SZ,5.47,5.49,5.43,5.46,8248040.0
2023-08-10,559,万向钱潮,SZ,5.47,5.49,5.41,5.43,8344686.0
2023-08-11,559,万向钱潮,SZ,5.43,5.43,5.28,5.29,11967640.0
2023-08-14,559,万向钱潮,SZ,5.28,5.31,5.19,5.3,11124446.0
2023-08-15,559,万向钱潮,SZ,5.3,5.33,5.25,5.3,7117892.0
2023-08-16,559,万向钱潮,SZ,5.27,5.29,5.2,5.21,8093200.0
2023-08-17,559,万向钱潮,SZ,5.2,5.33,5.16,5.33,8179227.0
2023-08-18,559,万向钱潮,SZ,5.31,5.35,5.25,5.26,8538000.0
2023-08-21,559,万向钱潮,SZ,5.24,5.32,5.21,5.22,9652098.0
2023-08-22,559,万向钱潮,SZ,5.24,5.27,5.16,5.24,9777556.0
2023-08-23,559,万向钱潮,SZ,5.24,5.29,5.2,5.22,8680148.0
2023-08-24,559,万向钱潮,SZ,5.24,5.24,5.1,5.11,18829520.0
2023-08-25,559,万向钱潮,SZ,5.09,5.11,5.0,5.03,13245228.0
2023-08-28,559,万向钱潮,SZ,5.24,5.35,5.13,5.16,19874890.0
2023-08-29,559,万向钱潮,SZ,5.12,5.34,5.11,5.3,18425679.0
2023-08-30,559,万向钱潮,SZ,5.33,5.41,5.31,5.34,16915802.0
2023-08-31,559,万向钱潮,SZ,5.35,5.36,5.26,5.28,8417603.0
2023-09-01,559,万向钱潮,SZ,5.28,5.31,5.24,5.3,8482067.0
2023-09-04,559,万向钱潮,SZ,5.32,5.36,5.29,5.33,11296954.0
2023-09-05,559,万向钱潮,SZ,5.33,5.33,5.27,5.28,8460469.0
2023-09-06,559,万向钱潮,SZ,5.25,5.3,5.24,5.29,8338480.0
2023-09-07,559,万向钱潮,SZ,5.28,5.28,5.17,5.18,10613720.0
2023-09-08,559,万向钱潮,SZ,5.18,5.27,5.16,5.21,9297359.0
2023-09-11,559,万向钱潮,SZ,5.21,5.37,5.19,5.35,14981240.0
2023-09-12,559,万向钱潮,SZ,5.38,5.41,5.35,5.4,12743642.0
2023-09-13,559,万向钱潮,SZ,5.44,5.44,5.28,5.32,11171001.0
2023-09-14,559,万向钱潮,SZ,5.3,5.32,5.23,5.27,9504362.0
2023-09-15,559,万向钱潮,SZ,5.29,5.29,5.21,5.24,9408682.0
2023-09-18,559,万向钱潮,SZ,5.24,5.42,5.22,5.39,18358147.0
2023-09-19,559,万向钱潮,SZ,5.39,5.39,5.33,5.37,8289568.0
2023-09-20,559,万向钱潮,SZ,5.36,5.4,5.33,5.36,9016174.0
2023-09-21,559,万向钱潮,SZ,5.34,5.35,5.22,5.24,12570632.0
2023-09-22,559,万向钱潮,SZ,5.26,5.32,5.18,5.3,12424985.0
2023-09-25,559,万向钱潮,SZ,5.29,5.33,5.26,5.28,12262939.0
2023-09-26,559,万向钱潮,SZ,5.3,5.3,5.15,5.16,14429636.0
2023-09-27,559,万向钱潮,SZ,5.17,5.19,5.09,5.1,16947841.0
2023-09-28,559,万向钱潮,SZ,5.12,5.23,5.11,5.2,14143182.0
2023-10-09,559,万向钱潮,SZ,5.2,5.27,5.19,5.23,13230509.0
2023-10-10,559,万向钱潮,SZ,5.23,5.25,5.14,5.23,13964700.0
2023-10-11,559,万向钱潮,SZ,5.22,5.25,5.15,5.15,10699512.0
2023-10-12,559,万向钱潮,SZ,5.18,5.32,5.15,5.3,14804734.0
2023-10-13,559,万向钱潮,SZ,5.28,5.35,5.26,5.31,13506291.0
2023-10-16,559,万向钱潮,SZ,5.31,5.33,5.23,5.29,13641324.0
2023-10-17,559,万向钱潮,SZ,5.28,5.31,5.2,5.27,12047058.0
2023-10-18,559,万向钱潮,SZ,5.25,5.37,5.22,5.31,20375781.0
2023-10-19,559,万向钱潮,SZ,5.28,5.3,5.12,5.13,17570244.0
2023-10-20,559,万向钱潮,SZ,5.13,5.23,5.1,5.11,12036204.0
2023-10-23,559,万向钱潮,SZ,5.12,5.15,4.97,5.0,12857413.0
2023-10-24,559,万向钱潮,SZ,5.01,5.07,4.98,5.04,12293469.0
2023-10-25,559,万向钱潮,SZ,5.06,5.22,5.06,5.21,19442891.0
2023-10-26,559,万向钱潮,SZ,5.18,5.35,5.12,5.34,17036166.0
2023-10-27,559,万向钱潮,SZ,5.35,5.4,5.32,5.33,22967826.0
2023-10-30,559,万向钱潮,SZ,5.34,5.35,5.2,5.22,23936651.0
2023-10-31,559,万向钱潮,SZ,5.22,5.25,5.16,5.17,16386655.0
2023-11-01,559,万向钱潮,SZ,5.17,5.28,5.15,5.23,17444897.0
2023-11-02,559,万向钱潮,SZ,5.22,5.31,5.2,5.22,16684518.0
2023-11-03,559,万向钱潮,SZ,5.25,5.29,5.21,5.24,12763700.0
2023-11-06,559,万向钱潮,SZ,5.26,5.48,5.26,5.44,26149329.0
2023-11-07,559,万向钱潮,SZ,5.44,5.48,5.4,5.42,16521791.0
2023-11-08,559,万向钱潮,SZ,5.42,5.43,5.33,5.36,15222827.0
2023-11-09,559,万向钱潮,SZ,5.38,5.38,5.28,5.3,15143983.0
2023-11-10,559,万向钱潮,SZ,5.28,5.3,5.16,5.17,19842140.0
2023-11-13,559,万向钱潮,SZ,5.2,5.26,5.17,5.24,13986214.0
2023-11-14,559,万向钱潮,SZ,5.24,5.37,5.22,5.35,19414741.0
2023-11-15,559,万向钱潮,SZ,5.39,5.6,5.31,5.49,48453773.0
2023-11-16,559,万向钱潮,SZ,5.62,5.7,5.48,5.5,62098397.0
2023-11-17,559,万向钱潮,SZ,5.46,5.59,5.43,5.56,41255996.0
2023-11-20,559,万向钱潮,SZ,5.55,5.63,5.48,5.54,33870528.0
2023-11-21,559,万向钱潮,SZ,5.51,5.57,5.49,5.5,27194977.0
2023-11-22,559,万向钱潮,SZ,5.5,5.5,5.41,5.42,17305120.0
2023-11-23,559,万向钱潮,SZ,5.41,5.58,5.41,5.57,27742340.0
2023-11-24,559,万向钱潮,SZ,5.56,5.57,5.47,5.51,20747520.0
2023-11-27,559,万向钱潮,SZ,5.48,5.58,5.46,5.56,19519784.0
2023-11-28,559,万向钱潮,SZ,5.55,5.63,5.51,5.61,23961714.0
2023-11-29,559,万向钱潮,SZ,5.58,5.62,5.55,5.58,21948117.0
2023-11-30,559,万向钱潮,SZ,5.56,5.59,5.46,5.51,15629953.0
2023-12-01,559,万向钱潮,SZ,5.51,5.55,5.42,5.49,19101584.0
2023-12-04,559,万向钱潮,SZ,5.52,5.55,5.44,5.5,17802819.0
2023-12-05,559,万向钱潮,SZ,5.49,5.52,5.39,5.39,15140931.0
2023-12-06,559,万向钱潮,SZ,5.39,5.46,5.38,5.38,11721444.0
2023-12-07,559,万向钱潮,SZ,5.4,5.41,5.33,5.37,12073246.0
2023-12-08,559,万向钱潮,SZ,5.37,5.46,5.23,5.37,31652555.0
2023-12-11,559,万向钱潮,SZ,5.34,5.5,5.31,5.48,25889091.0
2023-12-12,559,万向钱潮,SZ,5.46,5.51,5.4,5.44,14722264.0
2023-12-13,559,万向钱潮,SZ,5.44,5.49,5.36,5.42,14820072.0
2023-12-14,559,万向钱潮,SZ,5.44,5.46,5.37,5.38,10287334.0
2023-12-15,559,万向钱潮,SZ,5.39,5.4,5.3,5.31,13151579.0
2023-12-18,559,万向钱潮,SZ,5.3,5.38,5.27,5.3,14437539.0
2023-12-19,559,万向钱潮,SZ,5.29,5.3,5.23,5.28,14075213.0
2023-12-20,559,万向钱潮,SZ,5.28,5.31,5.19,5.19,11435127.0
2023-12-21,559,万向钱潮,SZ,5.18,5.2,5.1,5.19,12863040.0
2023-12-22,559,万向钱潮,SZ,5.21,5.21,5.1,5.11,13514589.0
2023-12-25,559,万向钱潮,SZ,5.12,5.18,5.09,5.17,9371657.0
2023-12-26,559,万向钱潮,SZ,5.15,5.17,5.09,5.13,8103272.0
2023-12-27,559,万向钱潮,SZ,5.14,5.15,5.07,5.12,10676038.0
2023-12-28,559,万向钱潮,SZ,5.13,5.2,5.1,5.17,16615960.0
2023-12-29,559,万向钱潮,SZ,5.15,5.22,5.12,5.19,13332880.0
2024-01-02,559,万向钱潮,SZ,5.19,5.22,5.14,5.18,15171919.0
2024-01-03,559,万向钱潮,SZ,5.16,5.18,5.07,5.1,17101928.0
2024-01-04,559,万向钱潮,SZ,5.1,5.11,4.99,5.02,20829842.0
2024-01-05,559,万向钱潮,SZ,5.04,5.11,4.95,4.99,20090568.0
2024-01-08,559,万向钱潮,SZ,4.98,4.98,4.86,4.87,18519920.0
2024-01-09,559,万向钱潮,SZ,4.87,4.91,4.86,4.89,12123262.0
2024-01-10,559,万向钱潮,SZ,4.88,4.92,4.82,4.88,9435173.0
2024-01-11,559,万向钱潮,SZ,4.87,4.95,4.86,4.92,10740953.0
2024-01-12,559,万向钱潮,SZ,4.92,4.97,4.9,4.9,8607534.0
2024-01-15,559,万向钱潮,SZ,4.9,4.92,4.85,4.89,7474852.0
2024-01-16,559,万向钱潮,SZ,4.89,4.91,4.82,4.88,11399742.0
2024-01-17,559,万向钱潮,SZ,4.86,4.88,4.77,4.77,10518773.0
2024-01-18,559,万向钱潮,SZ,4.75,4.76,4.53,4.68,18762839.0
2024-01-19,559,万向钱潮,SZ,4.69,4.69,4.61,4.62,9774320.0
2024-01-22,559,万向钱潮,SZ,4.62,4.64,4.38,4.39,16164236.0
2024-01-23,559,万向钱潮,SZ,4.36,4.44,4.32,4.42,12941240.0
2024-01-24,559,万向钱潮,SZ,4.44,4.51,4.37,4.49,15497981.0
2024-01-25,559,万向钱潮,SZ,4.5,4.61,4.44,4.6,17062451.0
2024-01-26,559,万向钱潮,SZ,4.61,4.66,4.56,4.6,12764840.0
2024-01-29,559,万向钱潮,SZ,4.6,4.65,4.5,4.52,14901792.0
2024-01-30,559,万向钱潮,SZ,4.49,4.6,4.44,4.45,12492285.0
2024-01-31,559,万向钱潮,SZ,4.45,4.5,4.34,4.35,14828493.0
2024-02-01,559,万向钱潮,SZ,4.32,4.42,4.25,4.34,14505698.0
2024-02-02,559,万向钱潮,SZ,4.32,4.42,4.07,4.19,21131297.0
2024-02-05,559,万向钱潮,SZ,4.15,4.16,3.9,3.99,26328070.0
2024-02-06,559,万向钱潮,SZ,3.95,4.39,3.91,4.39,29878090.0
2024-02-07,559,万向钱潮,SZ,4.4,4.79,4.39,4.75,45248548.0
2024-02-08,559,万向钱潮,SZ,4.72,5.01,4.7,4.73,45100988.0
2024-02-19,559,万向钱潮,SZ,4.8,4.8,4.61,4.68,26923157.0
2024-02-20,559,万向钱潮,SZ,4.7,4.7,4.62,4.65,16202584.0
2024-02-21,559,万向钱潮,SZ,4.64,4.8,4.59,4.67,19893636.0
2024-02-22,559,万向钱潮,SZ,4.66,4.72,4.63,4.68,16416576.0
2024-02-23,559,万向钱潮,SZ,4.7,4.75,4.62,4.73,19246961.0
2024-02-26,559,万向钱潮,SZ,4.75,4.84,4.71,4.73,22257140.0
2024-02-27,559,万向钱潮,SZ,4.73,4.84,4.72,4.84,18345194.0
2024-02-28,559,万向钱潮,SZ,4.84,4.91,4.69,4.69,27926537.0
2024-02-29,559,万向钱潮,SZ,4.7,4.81,4.68,4.81,19917892.0
2024-03-01,559,万向钱潮,SZ,4.81,4.91,4.8,4.86,17549959.0
2024-03-04,559,万向钱潮,SZ,4.83,4.85,4.75,4.78,15403232.0
2024-03-05,559,万向钱潮,SZ,4.75,4.8,4.72,4.76,13862307.0
2024-03-06,559,万向钱潮,SZ,4.76,4.83,4.74,4.8,11371292.0
2024-03-07,559,万向钱潮,SZ,4.81,4.88,4.78,4.78,14071196.0
2024-03-08,559,万向钱潮,SZ,4.8,4.82,4.75,4.82,10104965.0
2024-03-11,559,万向钱潮,SZ,4.81,4.88,4.8,4.88,11414698.0
2024-03-12,559,万向钱潮,SZ,4.88,4.93,4.84,4.9,18489960.0
2024-03-13,559,万向钱潮,SZ,4.91,5.01,4.9,4.96,24121573.0
2024-03-14,559,万向钱潮,SZ,4.96,5.01,4.86,4.9,15983204.0
2024-03-15,559,万向钱潮,SZ,4.91,5.0,4.86,5.0,14524262.0
2024-03-18,559,万向钱潮,SZ,5.02,5.07,5.0,5.05,17372727.0
2024-03-19,559,万向钱潮,SZ,5.05,5.11,5.02,5.04,15287503.0
2024-03-20,559,万向钱潮,SZ,5.04,5.08,5.02,5.06,11462310.0
2024-03-21,559,万向钱潮,SZ,5.08,5.1,5.02,5.05,13569837.0
2024-03-22,559,万向钱潮,SZ,5.03,5.05,4.91,4.95,14798560.0
2024-03-25,559,万向钱潮,SZ,4.97,5.02,4.9,4.9,13517222.0
2024-03-26,559,万向钱潮,SZ,4.9,5.01,4.9,4.98,20233687.0
2024-03-27,559,万向钱潮,SZ,4.98,4.99,4.8,4.8,17170333.0
2024-03-28,559,万向钱潮,SZ,4.83,4.98,4.81,4.91,16066568.0
2024-03-29,559,万向钱潮,SZ,5.1,5.23,5.01,5.07,42928380.0
2024-04-01,559,万向钱潮,SZ,5.05,5.21,5.02,5.17,41943832.0
2024-04-02,559,万向钱潮,SZ,5.15,5.17,5.06,5.08,26480260.0
2024-04-03,559,万向钱潮,SZ,5.08,5.12,5.05,5.07,23702131.0
2024-04-08,559,万向钱潮,SZ,5.07,5.11,5.02,5.03,21570908.0
2024-04-09,559,万向钱潮,SZ,5.05,5.09,5.02,5.07,17317965.0
2024-04-10,559,万向钱潮,SZ,5.07,5.07,4.95,5.01,16747861.0
2024-04-11,559,万向钱潮,SZ,4.96,5.1,4.94,5.07,16445264.0
2024-04-12,559,万向钱潮,SZ,5.09,5.29,5.09,5.15,29528140.0
2024-04-15,559,万向钱潮,SZ,5.12,5.34,5.12,5.32,49814330.0
2024-04-16,559,万向钱潮,SZ,5.3,5.3,5.06,5.08,40988396.0
2024-04-17,559,万向钱潮,SZ,5.08,5.08,5.08,5.08,
2024-04-18,559,万向钱潮,SZ,5.08,5.08,5.08,5.08,
2024-04-19,559,万向钱潮,SZ,5.08,5.08,5.08,5.08,
2024-04-22,559,万向钱潮,SZ,5.08,5.08,5.08,5.08,
2024-04-23,559,万向钱潮,SZ,5.08,5.08,5.08,5.08,
2024-04-24,559,万向钱潮,SZ,5.08,5.08,5.08,5.08,
2024-04-25,559,万向钱潮,SZ,5.08,5.08,5.08,5.08,
2024-04-26,559,万向钱潮,SZ,5.08,5.08,5.08,5.08,
2024-04-29,559,万向钱潮,SZ,5.08,5.08,5.08,5.08,
2024-04-30,559,万向钱潮,SZ,5.08,5.08,5.08,5.08,
2024-05-06,559,万向钱潮,SZ,5.59,5.59,5.59,5.59,9046114.0
2024-05-07,559,万向钱潮,SZ,6.1,6.1,5.62,5.63,126050348.0
2024-05-08,559,万向钱潮,SZ,5.57,5.59,5.31,5.33,67926034.0
2024-05-09,559,万向钱潮,SZ,5.28,5.53,5.28,5.4,46985183.0
2024-05-10,559,万向钱潮,SZ,5.37,5.39,5.22,5.25,38976520.0
2024-05-13,559,万向钱潮,SZ,5.19,5.3,5.16,5.28,30199050.0
2024-05-14,559,万向钱潮,SZ,5.26,5.28,5.19,5.21,26409455.0
2024-05-15,559,万向钱潮,SZ,5.21,5.25,5.16,5.17,22481497.0
2024-05-16,559,万向钱潮,SZ,5.19,5.21,5.13,5.16,22589395.0
2024-05-17,559,万向钱潮,SZ,5.14,5.17,5.1,5.14,19117082.0
2024-05-20,559,万向钱潮,SZ,5.14,5.24,5.13,5.18,21906632.0
2024-05-21,559,万向钱潮,SZ,5.19,5.22,5.14,5.2,18367870.0
2024-05-22,559,万向钱潮,SZ,5.18,5.23,5.14,5.16,17477562.0
2024-05-23,559,万向钱潮,SZ,5.14,5.15,4.98,5.02,25806564.0
2024-05-24,559,万向钱潮,SZ,5.0,5.04,4.98,5.0,10915641.0
2024-05-27,559,万向钱潮,SZ,4.99,5.01,4.89,5.0,21051216.0
2024-05-28,559,万向钱潮,SZ,4.99,5.0,4.94,4.94,12649005.0
2024-05-29,559,万向钱潮,SZ,4.95,5.0,4.94,4.97,10699179.0
2024-05-30,559,万向钱潮,SZ,4.96,5.05,4.94,5.01,12389460.0
2024-05-31,559,万向钱潮,SZ,5.01,5.09,5.01,5.08,14780719.0
2024-06-03,559,万向钱潮,SZ,5.09,5.11,4.98,5.03,17986100.0
2024-06-04,559,万向钱潮,SZ,5.01,5.03,4.95,5.01,11672267.0
2024-06-05,559,万向钱潮,SZ,5.02,5.07,4.96,4.97,12928703.0
2024-06-06,559,万向钱潮,SZ,4.97,5.0,4.85,4.86,19918101.0
2024-06-07,559,万向钱潮,SZ,4.9,4.92,4.8,4.88,14222588.0
2024-06-11,559,万向钱潮,SZ,4.85,4.86,4.78,4.84,12610413.0
2024-06-12,559,万向钱潮,SZ,4.83,4.87,4.78,4.78,16431234.0
2024-06-13,559,万向钱潮,SZ,4.79,4.81,4.64,4.69,23573580.0
2024-06-14,559,万向钱潮,SZ,4.65,4.83,4.64,4.81,29218627.0
2024-06-17,559,万向钱潮,SZ,4.8,4.84,4.72,4.75,19934256.0
2024-06-18,559,万向钱潮,SZ,4.64,4.72,4.61,4.71,20977808.0
2024-06-19,559,万向钱潮,SZ,4.77,4.77,4.67,4.67,12253931.0
2024-06-20,559,万向钱潮,SZ,4.69,4.69,4.53,4.54,12935080.0
2024-06-21,559,万向钱潮,SZ,4.54,4.61,4.51,4.58,10894474.0
2024-06-24,559,万向钱潮,SZ,4.54,4.55,4.43,4.45,13578733.0
2024-06-25,559,万向钱潮,SZ,4.46,4.55,4.43,4.48,10307511.0
2024-06-26,559,万向钱潮,SZ,4.43,4.57,4.42,4.55,10234542.0
2024-06-27,559,万向钱潮,SZ,4.55,4.56,4.44,4.44,11713065.0
2024-06-28,559,万向钱潮,SZ,4.42,4.53,4.42,4.46,10672480.0
2024-07-01,559,万向钱潮,SZ,4.43,4.58,4.43,4.55,11000420.0
2024-07-02,559,万向钱潮,SZ,4.56,4.57,4.46,4.48,13402040.0
2024-07-03,559,万向钱潮,SZ,4.48,4.52,4.42,4.42,11675841.0
2024-07-04,559,万向钱潮,SZ,4.45,4.49,4.34,4.35,13175861.0
2024-07-05,559,万向钱潮,SZ,4.39,4.43,4.31,4.41,10220741.0
2024-07-08,559,万向钱潮,SZ,4.42,4.42,4.27,4.29,12132397.0
2024-07-09,559,万向钱潮,SZ,4.3,4.45,4.27,4.42,15030224.0
2024-07-10,559,万向钱潮,SZ,4.42,4.53,4.4,4.47,13982831.0
2024-07-11,559,万向钱潮,SZ,4.54,4.59,4.5,4.53,13283095.0
2024-07-12,559,万向钱潮,SZ,4.52,4.57,4.5,4.56,9234547.0
2024-07-15,559,万向钱潮,SZ,4.54,4.61,4.53,4.57,12931446.0
2024-07-16,559,万向钱潮,SZ,4.55,4.62,4.55,4.59,12160145.0
2024-07-17,559,万向钱潮,SZ,4.6,4.62,4.52,4.54,10456476.0
2024-07-18,559,万向钱潮,SZ,4.53,4.54,4.46,4.53,10538940.0
2024-07-19,559,万向钱潮,SZ,4.51,4.55,4.45,4.47,12956060.0
2024-07-22,559,万向钱潮,SZ,4.45,4.49,4.36,4.4,12046366.0
2024-07-23,559,万向钱潮,SZ,4.4,4.42,4.32,4.32,11068588.0
2024-07-24,559,万向钱潮,SZ,4.32,4.33,4.24,4.25,14029129.0
2024-07-25,559,万向钱潮,SZ,4.25,4.33,4.22,4.3,10543849.0
2024-07-26,559,万向钱潮,SZ,4.3,4.43,4.3,4.42,12987692.0
2024-07-29,559,万向钱潮,SZ,4.44,4.51,4.41,4.46,14629905.0
2024-07-30,559,万向钱潮,SZ,4.44,4.47,4.38,4.46,10323273.0
2024-07-31,559,万向钱潮,SZ,4.46,4.63,4.45,4.63,18260237.0
2024-08-01,559,万向钱潮,SZ,4.62,4.66,4.57,4.61,12387812.0
2024-08-02,559,万向钱潮,SZ,4.62,4.64,4.55,4.57,12203380.0
2024-08-05,559,万向钱潮,SZ,4.55,4.61,4.48,4.48,14633200.0
2024-08-06,559,万向钱潮,SZ,4.53,4.58,4.47,4.53,12831614.0
2024-08-07,559,万向钱潮,SZ,4.51,4.56,4.5,4.53,9581672.0
2024-08-08,559,万向钱潮,SZ,4.52,4.56,4.48,4.53,9036640.0
2024-08-09,559,万向钱潮,SZ,4.53,4.58,4.52,4.54,10539679.0
2024-08-12,559,万向钱潮,SZ,4.53,4.53,4.48,4.5,9324560.0
2024-08-13,559,万向钱潮,SZ,4.49,4.53,4.45,4.51,8576393.0
2024-08-14,559,万向钱潮,SZ,4.5,4.52,4.44,4.44,7526700.0
2024-08-15,559,万向钱潮,SZ,4.44,4.53,4.4,4.49,10627479.0
2024-08-16,559,万向钱潮,SZ,4.47,4.5,4.42,4.43,9573224.0
2024-08-19,559,万向钱潮,SZ,4.43,4.49,4.41,4.42,8569329.0
2024-08-20,559,万向钱潮,SZ,4.42,4.43,4.32,4.33,9791742.0
2024-08-21,559,万向钱潮,SZ,4.32,4.38,4.31,4.37,9410806.0
2024-08-22,559,万向钱潮,SZ,4.36,4.4,4.29,4.29,9082040.0
2024-08-23,559,万向钱潮,SZ,4.28,4.32,4.26,4.31,9082277.0
2024-08-26,559,万向钱潮,SZ,4.33,4.39,4.3,4.34,9033227.0
2024-08-27,559,万向钱潮,SZ,4.38,4.39,4.28,4.29,11392765.0
2024-08-28,559,万向钱潮,SZ,4.27,4.37,4.26,4.34,11286095.0
2024-08-29,559,万向钱潮,SZ,4.3,4.45,4.3,4.43,11777751.0
2024-08-30,559,万向钱潮,SZ,4.43,4.54,4.42,4.48,14525117.0
2024-09-02,559,万向钱潮,SZ,4.49,4.56,4.48,4.49,18540379.0
2024-09-03,559,万向钱潮,SZ,4.47,4.57,4.47,4.57,14103387.0
2024-09-04,559,万向钱潮,SZ,4.55,4.67,4.53,4.64,15636792.0
2024-09-05,559,万向钱潮,SZ,4.66,4.68,4.62,4.65,13735200.0
2024-09-06,559,万向钱潮,SZ,4.63,4.72,4.63,4.65,15972068.0
2024-09-09,559,万向钱潮,SZ,4.64,4.73,4.62,4.69,17602500.0
2024-09-10,559,万向钱潮,SZ,4.68,4.84,4.66,4.83,23508911.0
2024-09-11,559,万向钱潮,SZ,4.81,4.93,4.77,4.87,25029460.0
2024-09-12,559,万向钱潮,SZ,4.89,4.97,4.85,4.91,19637275.0
2024-09-13,559,万向钱潮,SZ,4.91,4.95,4.86,4.87,15028375.0
2024-09-18,559,万向钱潮,SZ,4.86,4.95,4.85,4.93,16801370.0
2024-09-19,559,万向钱潮,SZ,4.92,4.96,4.87,4.91,16132497.0
2024-09-20,559,万向钱潮,SZ,4.91,4.97,4.89,4.95,13933143.0
2024-09-23,559,万向钱潮,SZ,4.95,5.0,4.9,4.93,13716549.0
2024-09-24,559,万向钱潮,SZ,4.93,5.04,4.92,5.0,20837029.0
2024-09-25,559,万向钱潮,SZ,5.05,5.1,4.98,4.99,18644416.0
2024-09-26,559,万向钱潮,SZ,4.97,5.1,4.95,5.1,20202186.0
2024-09-27,559,万向钱潮,SZ,5.15,5.3,5.14,5.2,29334293.0
2024-09-30,559,万向钱潮,SZ,5.3,5.64,5.3,5.6,59135123.0
2024-10-08,559,万向钱潮,SZ,6.1,6.16,5.57,5.89,87629286.0
2024-10-09,559,万向钱潮,SZ,5.71,5.78,5.48,5.56,59708280.0
2024-10-10,559,万向钱潮,SZ,5.57,5.74,5.41,5.54,38746194.0
2024-10-11,559,万向钱潮,SZ,5.57,5.57,5.31,5.38,31809359.0
2024-10-14,559,万向钱潮,SZ,5.38,5.45,5.3,5.43,27246594.0
2024-10-15,559,万向钱潮,SZ,5.45,5.45,5.29,5.31,21804854.0
2024-10-16,559,万向钱潮,SZ,5.26,5.34,5.22,5.29,16395219.0
2024-10-17,559,万向钱潮,SZ,5.3,5.38,5.23,5.23,17551963.0
2024-10-18,559,万向钱潮,SZ,5.25,5.44,5.2,5.36,24828505.0
2024-10-21,559,万向钱潮,SZ,5.4,5.42,5.26,5.29,28772897.0
2024-10-22,559,万向钱潮,SZ,5.31,5.38,5.29,5.34,23481937.0
2024-10-23,559,万向钱潮,SZ,5.36,5.39,5.31,5.36,23884016.0
2024-10-24,559,万向钱潮,SZ,5.35,5.41,5.31,5.38,22047089.0
2024-10-25,559,万向钱潮,SZ,5.4,5.64,5.4,5.6,43873160.0
2024-10-28,559,万向钱潮,SZ,5.67,5.97,5.62,5.93,60320104.0
2024-10-29,559,万向钱潮,SZ,6.01,6.1,5.79,5.85,57621997.0
2024-10-30,559,万向钱潮,SZ,5.82,5.94,5.79,5.93,34966962.0
2024-10-31,559,万向钱潮,SZ,5.97,6.52,5.95,6.52,70466014.0
2024-11-01,559,万向钱潮,SZ,6.88,6.9,6.25,6.3,155363265.0
2024-11-04,559,万向钱潮,SZ,6.29,6.93,6.26,6.93,94403036.0
2024-11-05,559,万向钱潮,SZ,7.3,7.62,7.03,7.38,233467814.0
2024-11-06,559,万向钱潮,SZ,7.2,8.11,7.2,7.26,193828722.0
2024-11-07,559,万向钱潮,SZ,7.35,7.47,6.96,7.11,139509102.0
2024-11-08,559,万向钱潮,SZ,7.1,7.59,7.06,7.26,134062655.0
2024-11-11,559,万向钱潮,SZ,7.17,7.32,7.08,7.23,95774959.0
2024-11-12,559,万向钱潮,SZ,7.27,7.49,7.11,7.19,82483840.0
2024-11-13,559,万向钱潮,SZ,7.15,7.35,7.04,7.19,59167566.0
2024-11-14,559,万向钱潮,SZ,7.3,7.39,6.86,6.9,67589306.0
2024-11-15,559,万向钱潮,SZ,6.85,6.9,6.53,6.55,72989006.0
2024-11-18,559,万向钱潮,SZ,6.55,6.68,6.49,6.55,49164579.0
2024-11-19,559,万向钱潮,SZ,6.54,6.74,6.53,6.72,42747619.0
2024-11-20,559,万向钱潮,SZ,6.7,6.86,6.63,6.81,48273089.0
2024-11-21,559,万向钱潮,SZ,6.76,6.83,6.67,6.74,39177879.0
2024-11-22,559,万向钱潮,SZ,6.72,6.74,6.37,6.38,53236465.0
2024-11-25,559,万向钱潮,SZ,6.43,6.47,6.28,6.41,34560723.0
2024-11-26,559,万向钱潮,SZ,6.41,6.44,6.32,6.36,26985977.0
2024-11-27,559,万向钱潮,SZ,6.35,6.38,6.16,6.38,32519651.0
2024-11-28,559,万向钱潮,SZ,6.35,6.48,6.34,6.36,29731948.0
2024-11-29,559,万向钱潮,SZ,6.36,6.54,6.32,6.48,35817339.0
2024-12-02,559,万向钱潮,SZ,6.49,6.63,6.47,6.62,34627365.0
2024-12-03,559,万向钱潮,SZ,6.62,6.75,6.57,6.67,44064479.0
2024-12-04,559,万向钱潮,SZ,6.64,6.67,6.52,6.58,28867997.0
2024-12-05,559,万向钱潮,SZ,6.54,6.66,6.52,6.64,25738521.0
2024-12-06,559,万向钱潮,SZ,6.65,6.67,6.54,6.65,30963940.0
2024-12-09,559,万向钱潮,SZ,6.66,6.79,6.55,6.6,34527331.0
2024-12-10,559,万向钱潮,SZ,6.75,6.83,6.6,6.62,47097615.0
2024-12-11,559,万向钱潮,SZ,6.58,6.67,6.55,6.65,26631425.0
2024-12-12,559,万向钱潮,SZ,6.65,6.68,6.51,6.6,28826186.0
2024-12-13,559,万向钱潮,SZ,6.56,6.59,6.44,6.44,32934758.0
2024-12-16,559,万向钱潮,SZ,6.42,6.53,6.37,6.42,24242660.0
2024-12-17,559,万向钱潮,SZ,6.4,6.47,6.36,6.39,22130473.0
2024-12-18,559,万向钱潮,SZ,6.42,6.49,6.39,6.45,19099037.0
2024-12-19,559,万向钱潮,SZ,6.38,6.43,6.3,6.41,17340595.0
2024-12-20,559,万向钱潮,SZ,6.4,6.47,6.36,6.45,17747620.0
2024-12-23,559,万向钱潮,SZ,6.43,6.45,6.23,6.25,24793119.0
2024-12-24,559,万向钱潮,SZ,6.27,6.4,6.25,6.37,20090460.0
2024-12-25,559,万向钱潮,SZ,6.38,6.4,6.17,6.21,18746262.0
2024-12-26,559,万向钱潮,SZ,6.21,6.3,6.18,6.26,14406021.0
2024-12-27,559,万向钱潮,SZ,6.24,6.48,6.23,6.39,27211185.0
2024-12-30,559,万向钱潮,SZ,6.37,6.46,6.33,6.34,18498535.0
2024-12-31,559,万向钱潮,SZ,6.35,6.38,6.14,6.15,25252072.0
2025-01-02,559,万向钱潮,SZ,6.16,6.2,5.89,5.97,30614791.0
2025-01-03,559,万向钱潮,SZ,5.98,6.07,5.82,5.84,25478679.0
2025-01-06,559,万向钱潮,SZ,5.84,6.02,5.79,5.96,24628439.0
2025-01-07,559,万向钱潮,SZ,5.95,6.03,5.9,5.97,16979193.0
2025-01-08,559,万向钱潮,SZ,5.92,5.96,5.73,5.9,22515798.0
2025-01-09,559,万向钱潮,SZ,5.91,5.97,5.87,5.93,16001825.0
2025-01-10,559,万向钱潮,SZ,5.93,6.11,5.91,5.91,23516369.0
2025-01-13,559,万向钱潮,SZ,5.86,5.98,5.82,5.92,17545781.0
2025-01-14,559,万向钱潮,SZ,5.92,6.22,5.9,6.22,24345295.0
2025-01-15,559,万向钱潮,SZ,6.21,6.25,6.16,6.19,16803750.0
2025-01-16,559,万向钱潮,SZ,6.2,6.27,6.14,6.17,16898378.0
2025-01-17,559,万向钱潮,SZ,6.18,6.21,6.12,6.19,13805663.0
2025-01-20,559,万向钱潮,SZ,6.23,6.29,6.15,6.18,15712620.0
2025-01-21,559,万向钱潮,SZ,6.21,6.22,6.11,6.17,14974747.0
2025-01-22,559,万向钱潮,SZ,6.15,6.16,6.05,6.08,14789880.0
2025-01-23,559,万向钱潮,SZ,6.14,6.25,6.08,6.09,21710575.0
2025-01-24,559,万向钱潮,SZ,6.08,6.2,6.06,6.18,16228248.0
2025-01-27,559,万向钱潮,SZ,6.2,6.22,6.04,6.04,15809684.0
2025-02-05,559,万向钱潮,SZ,6.07,6.17,6.05,6.11,13885220.0
2025-02-06,559,万向钱潮,SZ,6.08,6.33,6.06,6.33,27077781.0
2025-02-07,559,万向钱潮,SZ,6.33,6.51,6.26,6.41,38945324.0
2025-02-10,559,万向钱潮,SZ,6.38,6.45,6.3,6.37,29009959.0
2025-02-11,559,万向钱潮,SZ,6.36,6.39,6.29,6.35,18312629.0
2025-02-12,559,万向钱潮,SZ,6.34,6.45,6.32,6.42,23858727.0
2025-02-13,559,万向钱潮,SZ,6.43,6.45,6.27,6.28,23260132.0
2025-02-14,559,万向钱潮,SZ,6.27,6.34,6.26,6.3,16476513.0
2025-02-17,559,万向钱潮,SZ,6.3,6.34,6.24,6.3,19684858.0
2025-02-18,559,万向钱潮,SZ,6.33,6.45,6.29,6.35,34705473.0
2025-02-19,559,万向钱潮,SZ,6.31,6.53,6.24,6.48,43805308.0
2025-02-20,559,万向钱潮,SZ,6.49,6.5,6.35,6.39,28750887.0
2025-02-21,559,万向钱潮,SZ,6.37,6.6,6.37,6.51,43171803.0
2025-02-24,559,万向钱潮,SZ,6.51,6.6,6.45,6.5,34151471.0
2025-02-25,559,万向钱潮,SZ,6.46,6.49,6.39,6.44,25815692.0
2025-02-26,559,万向钱潮,SZ,6.46,6.75,6.46,6.68,51647330.0
2025-02-27,559,万向钱潮,SZ,6.75,6.9,6.61,6.74,47217066.0
2025-02-28,559,万向钱潮,SZ,6.86,6.88,6.45,6.47,45073872.0
2025-03-03,559,万向钱潮,SZ,6.43,6.65,6.38,6.49,38207457.0
2025-03-04,559,万向钱潮,SZ,6.42,6.56,6.38,6.53,25014404.0
2025-03-05,559,万向钱潮,SZ,6.53,6.62,6.45,6.6,32601645.0
2025-03-06,559,万向钱潮,SZ,6.6,6.75,6.58,6.68,38005503.0
2025-03-07,559,万向钱潮,SZ,6.67,6.81,6.63,6.76,37465687.0
2025-03-10,559,万向钱潮,SZ,6.8,7.44,6.64,7.16,112560138.0
2025-03-11,559,万向钱潮,SZ,7.05,7.27,6.91,7.05,84591416.0
2025-03-12,559,万向钱潮,SZ,7.11,7.15,6.99,7.02,47974951.0
2025-03-13,559,万向钱潮,SZ,7.05,7.14,6.77,6.89,49886618.0
2025-03-14,559,万向钱潮,SZ,6.92,6.94,6.8,6.93,43876137.0
2025-03-17,559,万向钱潮,SZ,6.96,6.97,6.86,6.9,30539764.0
2025-03-18,559,万向钱潮,SZ,6.91,7.14,6.9,7.14,67229720.0
2025-03-19,559,万向钱潮,SZ,7.14,7.32,7.04,7.18,57858671.0
2025-03-20,559,万向钱潮,SZ,7.17,7.62,7.13,7.36,86171992.0
2025-03-21,559,万向钱潮,SZ,7.4,7.61,7.04,7.05,102675225.0
2025-03-24,559,万向钱潮,SZ,7.06,7.12,6.76,6.91,64840517.0
2025-03-25,559,万向钱潮,SZ,6.9,7.0,6.74,6.76,39709167.0
2025-03-26,559,万向钱潮,SZ,6.74,7.14,6.72,6.92,49513607.0
2025-03-27,559,万向钱潮,SZ,6.87,7.07,6.74,6.91,51704672.0
2025-03-28,559,万向钱潮,SZ,7.01,7.6,7.01,7.45,149969193.0
2025-03-31,559,万向钱潮,SZ,7.28,7.61,6.96,7.01,158187971.0
2025-04-01,559,万向钱潮,SZ,7.05,7.08,6.76,6.77,92769464.0
2025-04-02,559,万向钱潮,SZ,6.75,7.45,6.65,7.45,169652121.0
2025-04-03,559,万向钱潮,SZ,7.44,7.95,7.35,7.72,236812700.0
2025-04-07,559,万向钱潮,SZ,7.15,7.44,6.95,6.95,95429283.0
2025-04-08,559,万向钱潮,SZ,6.79,6.89,6.26,6.27,121231889.0
2025-04-09,559,万向钱潮,SZ,6.03,6.2,5.64,6.1,119783244.0
2025-04-10,559,万向钱潮,SZ,6.24,6.44,6.17,6.18,88718569.0
2025-04-11,559,万向钱潮,SZ,6.05,6.31,5.98,6.22,64751064.0
2025-04-14,559,万向钱潮,SZ,6.34,6.56,6.3,6.33,54972701.0
2025-04-15,559,万向钱潮,SZ,6.36,6.56,6.31,6.41,61743836.0
2025-04-16,559,万向钱潮,SZ,6.35,6.37,6.05,6.11,59885680.0
2025-04-17,559,万向钱潮,SZ,6.01,6.13,5.98,6.05,30883828.0
2025-04-18,559,万向钱潮,SZ,6.01,6.09,5.98,6.06,27576429.0
2025-04-21,559,万向钱潮,SZ,6.03,6.25,6.0,6.24,35975736.0
2025-04-22,559,万向钱潮,SZ,6.21,6.32,6.14,6.19,30789125.0
2025-04-23,559,万向钱潮,SZ,6.25,6.62,6.25,6.53,84579954.0
2025-04-24,559,万向钱潮,SZ,6.53,6.53,6.37,6.39,46634321.0
2025-04-25,559,万向钱潮,SZ,6.4,6.53,6.37,6.45,28615104.0
2025-04-28,559,万向钱潮,SZ,6.47,6.49,6.24,6.25,32918940.0
2025-04-29,559,万向钱潮,SZ,6.25,6.39,6.23,6.37,28818806.0
2025-04-30,559,万向钱潮,SZ,6.39,6.55,6.35,6.5,35121420.0
2025-05-06,559,万向钱潮,SZ,6.58,6.77,6.57,6.75,48334828.0
2025-05-07,559,万向钱潮,SZ,6.79,6.99,6.73,6.97,89550055.0
2025-05-08,559,万向钱潮,SZ,7.25,7.67,7.1,7.67,68625292.0
2025-05-09,559,万向钱潮,SZ,7.86,8.44,7.77,8.44,88967801.0
2025-05-12,559,万向钱潮,SZ,9.28,9.28,8.88,9.28,355569057.0
2025-05-13,559,万向钱潮,SZ,9.55,10.11,9.28,9.74,492860649.0
2025-05-14,559,万向钱潮,SZ,9.27,9.43,8.89,9.0,368051575.0
2025-05-15,559,万向钱潮,SZ,9.18,9.23,8.66,8.69,302581960.0
2025-05-16,559,万向钱潮,SZ,8.69,9.56,8.56,9.41,395660278.0
2025-05-19,559,万向钱潮,SZ,9.41,9.42,8.85,9.1,294191533.0
2025-05-20,559,万向钱潮,SZ,9.14,9.74,8.88,9.19,298230199.0
2025-05-21,559,万向钱潮,SZ,9.21,9.5,9.02,9.08,255071790.0
2025-05-22,559,万向钱潮,SZ,8.81,9.01,8.37,8.42,234548672.0
2025-05-23,559,万向钱潮,SZ,8.42,8.55,8.25,8.26,160956782.0
2025-05-26,559,万向钱潮,SZ,8.28,8.31,8.11,8.22,115032615.0
2025-05-27,559,万向钱潮,SZ,8.15,8.22,7.99,8.17,109461906.0
2025-05-28,559,万向钱潮,SZ,8.2,8.24,7.91,7.95,115027622.0
2025-05-29,559,万向钱潮,SZ,7.91,8.08,7.91,7.96,87724568.0
2025-05-30,559,万向钱潮,SZ,7.9,7.94,7.69,7.78,94176614.0
2025-06-03,559,万向钱潮,SZ,7.73,7.86,7.72,7.78,59527706.0
2025-06-04,559,万向钱潮,SZ,7.78,7.93,7.76,7.84,69305738.0
2025-06-05,559,万向钱潮,SZ,7.84,7.97,7.71,7.9,104788565.0
2025-06-06,559,万向钱潮,SZ,7.9,7.9,7.73,7.76,63307146.0
2025-06-09,559,万向钱潮,SZ,7.76,7.88,7.74,7.8,57309452.0
2025-06-10,559,万向钱潮,SZ,7.69,7.69,7.37,7.52,80246601.0
2025-06-11,559,万向钱潮,SZ,7.56,8.08,7.56,7.96,189375967.0
2025-06-12,559,万向钱潮,SZ,7.83,7.88,7.7,7.81,97033025.0
2025-06-13,559,万向钱潮,SZ,7.95,8.08,7.6,7.64,102066832.0
2025-06-16,559,万向钱潮,SZ,7.5,7.7,7.5,7.7,55558300.0
2025-06-17,559,万向钱潮,SZ,7.64,7.68,7.51,7.54,55138642.0
2025-06-18,559,万向钱潮,SZ,7.55,7.56,7.38,7.48,55106621.0
2025-06-19,559,万向钱潮,SZ,7.48,7.54,7.28,7.31,58678636.0
2025-06-20,559,万向钱潮,SZ,7.3,7.37,7.2,7.24,44071773.0
2025-06-23,559,万向钱潮,SZ,7.17,7.34,7.17,7.31,35734175.0
2025-06-24,559,万向钱潮,SZ,7.36,7.6,7.36,7.55,68544912.0
2025-06-25,559,万向钱潮,SZ,7.55,7.71,7.51,7.7,77828297.0
2025-06-26,559,万向钱潮,SZ,7.74,7.85,7.65,7.67,87168624.0
2025-06-27,559,万向钱潮,SZ,7.87,7.91,7.62,7.65,78013519.0
2025-06-30,559,万向钱潮,SZ,7.6,7.68,7.58,7.65,52169001.0
2025-07-01,559,万向钱潮,SZ,7.65,7.67,7.54,7.62,44546488.0
2025-07-02,559,万向钱潮,SZ,7.64,7.81,7.57,7.67,77736466.0
2025-07-03,559,万向钱潮,SZ,7.64,7.74,7.6,7.72,53596105.0
2025-07-04,559,万向钱潮,SZ,7.75,8.18,7.66,8.14,163288481.0
2025-07-07,559,万向钱潮,SZ,8.13,8.15,7.93,7.98,94003296.0
2025-07-08,559,万向钱潮,SZ,7.92,8.4,7.92,8.29,130438463.0
2025-07-09,559,万向钱潮,SZ,8.3,8.37,8.11,8.14,90476387.0
2025-07-10,559,万向钱潮,SZ,8.12,8.12,7.95,8.02,66994712.0
2025-07-11,559,万向钱潮,SZ,8.02,8.06,7.96,8.04,48361200.0
2025-07-14,559,万向钱潮,SZ,8.05,8.11,7.95,8.03,48824593.0
2025-07-15,559,万向钱潮,SZ,8.0,8.06,7.78,7.88,72449395.0
2025-07-16,559,万向钱潮,SZ,7.89,8.06,7.84,7.96,51722196.0
2025-07-17,559,万向钱潮,SZ,7.92,8.0,7.89,7.97,41041120.0
2025-07-18,559,万向钱潮,SZ,7.96,8.0,7.86,7.9,40605707.0
2025-07-21,559,万向钱潮,SZ,7.92,8.12,7.91,8.08,75840050.0
2025-07-22,559,万向钱潮,SZ,8.08,8.09,7.92,7.97,52215928.0
2025-07-23,559,万向钱潮,SZ,7.95,8.02,7.78,7.79,56674111.0
2025-07-24,559,万向钱潮,SZ,7.8,7.92,7.79,7.9,36050766.0
2025-07-25,559,万向钱潮,SZ,7.88,7.93,7.79,7.81,41381675.0
2025-07-28,559,万向钱潮,SZ,7.82,8.08,7.82,7.93,57991568.0
2025-07-29,559,万向钱潮,SZ,7.89,7.92,7.75,7.85,43948200.0
2025-07-30,559,万向钱潮,SZ,7.82,7.82,7.63,7.65,46663344.0
2025-07-31,559,万向钱潮,SZ,7.61,7.72,7.53,7.55,29725831.0
2025-08-01,559,万向钱潮,SZ,7.53,7.62,7.51,7.58,22005445.0
2025-08-04,559,万向钱潮,SZ,7.56,7.65,7.51,7.65,23896332.0
2025-08-05,559,万向钱潮,SZ,7.65,7.76,7.65,7.69,38016720.0
2025-08-06,559,万向钱潮,SZ,7.7,7.94,7.64,7.89,60435481.0
2025-08-07,559,万向钱潮,SZ,7.9,7.96,7.77,7.8,36571149.0
2025-08-08,559,万向钱潮,SZ,7.78,7.79,7.66,7.69,32815988.0
2025-08-11,559,万向钱潮,SZ,7.68,7.8,7.67,7.79,29417694.0
2025-08-12,559,万向钱潮,SZ,7.8,7.82,7.73,7.8,24473691.0
2025-08-13,559,万向钱潮,SZ,7.81,7.94,7.77,7.9,54430480.0
2025-08-14,559,万向钱潮,SZ,7.95,7.97,7.71,7.75,45666403.0
2025-08-15,559,万向钱潮,SZ,7.76,7.9,7.75,7.88,46769248.0
2025-08-18,559,万向钱潮,SZ,7.95,8.08,7.92,7.98,66773538.0
2025-08-19,559,万向钱潮,SZ,7.99,8.26,7.83,8.13,95035672.0
2025-08-20,559,万向钱潮,SZ,8.09,8.3,8.02,8.3,88485857.0
2025-08-21,559,万向钱潮,SZ,8.36,8.39,8.11,8.16,67013470.0
2025-08-22,559,万向钱潮,SZ,8.13,8.19,8.07,8.17,50648725.0
2025-08-25,559,万向钱潮,SZ,8.18,8.22,8.06,8.14,60002411.0
2025-08-26,559,万向钱潮,SZ,8.12,8.23,8.06,8.18,52415171.0
2025-08-27,559,万向钱潮,SZ,8.15,8.24,7.93,7.93,69670137.0
2025-08-28,559,万向钱潮,SZ,7.93,8.01,7.71,7.95,61368782.0
2025-08-29,559,万向钱潮,SZ,7.93,8.14,7.83,7.99,51772089.0
2025-09-01,559,万向钱潮,SZ,8.0,8.06,7.85,7.88,42283244.0
2025-09-02,559,万向钱潮,SZ,7.86,7.91,7.57,7.82,61766899.0
2025-09-03,559,万向钱潮,SZ,7.81,7.93,7.57,7.58,41953754.0
2025-09-04,559,万向钱潮,SZ,7.6,7.69,7.4,7.53,46680140.0
2025-09-05,559,万向钱潮,SZ,7.54,7.79,7.49,7.79,50550650.0
2025-09-08,559,万向钱潮,SZ,7.75,8.0,7.73,7.97,56907367.0
2025-09-09,559,万向钱潮,SZ,7.95,8.06,7.86,8.0,58544488.0
2025-09-10,559,万向钱潮,SZ,8.02,8.08,7.86,7.89,43228645.0
2025-09-11,559,万向钱潮,SZ,7.85,7.96,7.75,7.96,44426043.0
2025-09-12,559,万向钱潮,SZ,7.94,8.0,7.86,7.86,34017725.0
2025-09-15,559,万向钱潮,SZ,7.87,8.65,7.86,8.65,75587473.0
2025-09-16,559,万向钱潮,SZ,9.11,9.52,9.05,9.52,200664226.0
2025-09-17,559,万向钱潮,SZ,10.47,10.47,10.1,10.47,100810913.0
2025-09-18,559,万向钱潮,SZ,11.09,11.52,10.82,11.52,440273269.0
2025-09-19,559,万向钱潮,SZ,11.5,11.5,10.37,10.37,289655801.0
2025-09-22,559,万向钱潮,SZ,9.8,10.47,9.63,10.02,304698198.0
2025-09-23,559,万向钱潮,SZ,10.09,11.02,9.75,11.02,315817326.0
2025-09-24,559,万向钱潮,SZ,11.39,11.63,10.89,11.11,369949481.0
2025-09-25,559,万向钱潮,SZ,11.01,11.23,10.56,10.73,264931164.0
2025-09-26,559,万向钱潮,SZ,10.82,11.8,10.8,11.8,166570831.0
2025-09-29,559,万向钱潮,SZ,12.14,12.98,11.62,12.98,327467425.0
2025-09-30,559,万向钱潮,SZ,13.3,14.1,12.64,12.66,461028343.0
2025-10-09,559,万向钱潮,SZ,12.62,13.25,12.34,13.03,332058550.0
2025-10-10,559,万向钱潮,SZ,12.5,12.76,11.73,11.74,265484458.0
2025-10-13,559,万向钱潮,SZ,10.9,11.49,10.9,11.33,162663990.0
2025-10-14,559,万向钱潮,SZ,11.56,12.3,11.36,11.55,200976188.0
2025-10-15,559,万向钱潮,SZ,11.3,12.2,11.07,11.96,219705251.0
2025-10-16,559,万向钱潮,SZ,11.6,11.62,11.11,11.16,147829395.0
2025-10-17,559,万向钱潮,SZ,11.36,11.43,10.9,10.9,112087351.0
2025-10-20,559,万向钱潮,SZ,11.06,11.29,10.92,11.07,100885193.0
2025-10-21,559,万向钱潮,SZ,10.98,11.25,10.81,11.15,111803729.0
2025-10-22,559,万向钱潮,SZ,11.07,11.54,10.74,11.19,129489028.0
2025-10-23,559,万向钱潮,SZ,11.0,11.09,10.7,10.86,84384794.0
2025-10-24,559,万向钱潮,SZ,10.94,11.28,10.85,11.12,96160002.0
2025-10-27,559,万向钱潮,SZ,11.18,11.45,11.09,11.38,122096617.0
2025-10-28,559,万向钱潮,SZ,11.38,12.3,11.26,12.05,234350851.0
2025-10-29,559,万向钱潮,SZ,11.86,12.3,11.66,12.1,165985406.0
2025-10-30,559,万向钱潮,SZ,12.01,12.01,11.39,11.41,144403092.0
2025-10-31,559,万向钱潮,SZ,11.99,12.55,11.98,12.55,97359618.0
2025-11-03,559,万向钱潮,SZ,13.79,13.79,12.32,12.45,299527917.0
2025-11-04,559,万向钱潮,SZ,12.45,13.29,11.93,12.97,290550994.0
2025-11-05,559,万向钱潮,SZ,12.35,12.8,12.06,12.6,187463784.0
2025-11-06,559,万向钱潮,SZ,12.45,13.86,12.23,13.86,165778074.0
2025-11-07,559,万向钱潮,SZ,14.09,14.55,13.6,13.7,370737201.0
2025-11-10,559,万向钱潮,SZ,13.72,14.19,13.51,13.95,239346735.0
2025-11-11,559,万向钱潮,SZ,13.7,15.09,13.7,14.19,286322466.0
2025-11-12,559,万向钱潮,SZ,13.96,15.0,13.8,14.78,265085310.0
2025-11-13,559,万向钱潮,SZ,14.57,14.84,14.01,14.41,228674290.0
2025-11-14,559,万向钱潮,SZ,14.09,14.09,12.97,12.98,256128796.0
2025-11-17,559,万向钱潮,SZ,12.75,13.28,12.55,12.77,137268266.0
2025-11-18,559,万向钱潮,SZ,12.61,12.7,12.09,12.1,148128792.0
2025-11-19,559,万向钱潮,SZ,12.07,12.22,11.77,11.86,115906744.0
2025-11-20,559,万向钱潮,SZ,11.87,11.97,11.54,11.56,86842348.0
2025-11-21,559,万向钱潮,SZ,11.3,12.1,11.22,11.64,161624421.0
2025-11-24,559,万向钱潮,SZ,11.55,12.0,11.3,11.82,115967912.0
2025-11-25,559,万向钱潮,SZ,11.89,12.12,11.73,11.79,115951094.0
2025-11-26,559,万向钱潮,SZ,11.63,12.29,11.49,12.0,140537535.0
2025-11-27,559,万向钱潮,SZ,11.81,12.96,11.72,12.7,204875938.0
2025-11-28,559,万向钱潮,SZ,12.5,12.74,12.25,12.53,132523447.0
2025-12-01,559,万向钱潮,SZ,12.4,12.98,12.38,12.6,128685982.0
2025-12-02,559,万向钱潮,SZ,12.56,13.2,12.51,13.04,161613826.0
2025-12-03,559,万向钱潮,SZ,12.88,13.24,12.7,12.99,140217233.0
2025-12-04,559,万向钱潮,SZ,13.46,13.6,12.75,12.75,151008855.0
2025-12-05,559,万向钱潮,SZ,12.61,12.72,12.05,12.39,137074874.0
2025-12-08,559,万向钱潮,SZ,12.47,12.65,12.26,12.51,111879719.0
2025-12-09,559,万向钱潮,SZ,12.41,12.54,12.14,12.23,86913127.0
2025-12-10,559,万向钱潮,SZ,12.12,12.22,12.0,12.08,65172344.0
2025-12-11,559,万向钱潮,SZ,12.1,12.17,11.73,11.77,71496089.0
2025-12-12,559,万向钱潮,SZ,11.77,11.83,11.59,11.76,55876032.0
2025-12-15,559,万向钱潮,SZ,11.61,11.73,11.45,11.45,52214157.0
2025-12-16,559,万向钱潮,SZ,11.56,11.6,11.02,11.14,61067944.0
2025-12-17,559,万向钱潮,SZ,11.1,11.41,11.1,11.35,49346187.0
2025-12-18,559,万向钱潮,SZ,11.21,11.58,11.19,11.25,53071465.0
2025-12-19,559,万向钱潮,SZ,11.26,11.53,11.26,11.41,49722395.0
2025-12-22,559,万向钱潮,SZ,11.52,11.77,11.43,11.64,85267880.0
2025-12-23,559,万向钱潮,SZ,11.66,12.15,11.64,11.76,113419112.0
2025-12-24,559,万向钱潮,SZ,11.68,12.58,11.68,12.22,137353491.0
2025-12-25,559,万向钱潮,SZ,12.4,13.44,12.39,13.44,150119902.0
2025-12-26,559,万向钱潮,SZ,13.5,14.11,13.43,13.63,309932983.0
2025-12-29,559,万向钱潮,SZ,13.63,14.98,13.47,14.26,278905860.0
2025-12-30,559,万向钱潮,SZ,13.88,15.69,13.8,15.69,234679028.0
2025-12-31,559,万向钱潮,SZ,16.59,17.26,15.89,17.2,474364360.0
2026-01-05,559,万向钱潮,SZ,16.5,17.57,16.5,17.02,381222736.0
2026-01-06,559,万向钱潮,SZ,16.71,18.72,16.5,18.09,419846724.0
2026-01-07,559,万向钱潮,SZ,17.5,19.11,17.4,17.82,359146721.0
2026-01-08,559,万向钱潮,SZ,17.34,19.1,17.2,18.51,335467313.0
2026-01-09,559,万向钱潮,SZ,18.33,20.36,18.12,19.85,353511025.0
2026-01-12,559,万向钱潮,SZ,19.85,21.8,19.5,20.45,359069354.0
2026-01-13,559,万向钱潮,SZ,20.11,20.96,18.46,18.95,347836457.0
2026-01-14,559,万向钱潮,SZ,18.96,20.09,18.53,18.79,316324151.0
2026-01-15,559,万向钱潮,SZ,18.56,18.78,17.76,17.99,228245158.0
2026-01-16,559,万向钱潮,SZ,18.21,19.79,18.21,19.26,342533648.0
2026-01-19,559,万向钱潮,SZ,19.43,19.99,18.81,19.42,295281775.0
2026-01-20,559,万向钱潮,SZ,19.22,19.85,18.89,19.46,219520608.0
2026-01-21,559,万向钱潮,SZ,19.1,20.43,18.89,20.06,282444284.0
2026-01-22,559,万向钱潮,SZ,20.06,20.84,19.49,19.68,234309792.0
2026-01-23,559,万向钱潮,SZ,19.72,20.68,19.51,19.69,203490132.0
2026-01-26,559,万向钱潮,SZ,19.81,20.3,18.61,18.81,197687175.0
2026-01-27,559,万向钱潮,SZ,18.7,18.91,18.06,18.51,146806729.0
2026-01-28,559,万向钱潮,SZ,18.33,18.33,17.51,17.8,148195886.0
2026-01-29,559,万向钱潮,SZ,17.74,17.93,17.11,17.2,132503054.0
2026-01-30,559,万向钱潮,SZ,17.19,17.58,16.73,17.23,126410852.0
2026-02-02,559,万向钱潮,SZ,17.06,17.92,17.06,17.24,149810746.0
2026-02-03,559,万向钱潮,SZ,17.3,17.55,16.91,17.52,126197445.0
2026-02-04,559,万向钱潮,SZ,17.3,17.39,17.02,17.19,95858589.0
2026-02-05,559,万向钱潮,SZ,17.02,17.08,16.55,16.65,84649735.0
2026-02-06,559,万向钱潮,SZ,16.56,17.98,16.5,17.42,173222972.0
2026-02-09,559,万向钱潮,SZ,17.41,17.93,17.38,17.75,131247991.0
2026-02-10,559,万向钱潮,SZ,17.75,19.53,17.53,19.53,229672371.0
2026-02-11,559,万向钱潮,SZ,19.24,20.88,18.8,20.21,363938704.0
2026-02-12,559,万向钱潮,SZ,19.85,20.53,19.56,19.62,238529116.0
2026-02-13,559,万向钱潮,SZ,19.52,20.64,19.46,20.31,249907782.0
2026-02-24,559,万向钱潮,SZ,20.41,20.78,18.85,19.88,240073049.0
2026-02-25,559,万向钱潮,SZ,19.43,19.47,18.88,19.28,152528822.0
2026-02-26,559,万向钱潮,SZ,19.27,20.24,19.16,19.44,162831780.0
2026-02-27,559,万向钱潮,SZ,19.22,20.17,19.1,20.07,141709758.0
2026-03-02,559,万向钱潮,SZ,19.26,19.53,18.6,18.68,162375550.0
2026-03-03,559,万向钱潮,SZ,18.67,19.09,17.04,17.2,152114585.0
2026-03-04,559,万向钱潮,SZ,16.91,17.64,16.91,17.49,86154695.0
2026-03-05,559,万向钱潮,SZ,17.9,18.18,17.71,17.86,97815051.0
2026-03-06,559,万向钱潮,SZ,17.73,18.26,17.63,17.89,70105313.0
2026-03-09,559,万向钱潮,SZ,17.47,17.75,17.1,17.66,76558576.0
2026-03-10,559,万向钱潮,SZ,18.0,18.62,17.8,18.37,134427603.0
2026-03-11,559,万向钱潮,SZ,18.27,18.45,17.84,17.89,94550203.0
2026-03-12,559,万向钱潮,SZ,17.81,18.07,17.51,17.57,71948282.0
2026-03-13,559,万向钱潮,SZ,17.3,17.48,16.85,16.95,75597794.0
2026-03-16,559,万向钱潮,SZ,16.81,16.89,16.36,16.69,58466531.0
2026-03-17,559,万向钱潮,SZ,16.89,17.0,16.3,16.32,58857286.0
2026-03-18,559,万向钱潮,SZ,16.36,16.6,16.21,16.57,45386755.0
2026-03-19,559,万向钱潮,SZ,16.23,16.28,15.83,15.92,56713632.0
2026-03-20,559,万向钱潮,SZ,15.99,16.15,15.5,15.55,46802413.0
2026-03-23,559,万向钱潮,SZ,15.29,15.7,14.75,14.83,84941180.0
2026-03-24,559,万向钱潮,SZ,15.18,15.22,14.64,15.01,66667579.0
2026-03-25,559,万向钱潮,SZ,15.06,15.73,15.06,15.6,85475624.0
2026-03-26,559,万向钱潮,SZ,15.49,15.95,15.4,15.46,77031349.0
2026-03-27,559,万向钱潮,SZ,15.11,15.56,15.11,15.43,46780290.0
2026-03-30,559,万向钱潮,SZ,15.15,15.46,15.08,15.4,39423637.0
2026-03-31,559,万向钱潮,SZ,15.4,15.95,15.4,15.43,64552589.0
2026-04-01,559,万向钱潮,SZ,15.79,15.95,15.43,15.69,70350525.0
2026-04-02,559,万向钱潮,SZ,15.55,15.68,15.16,15.24,49700991.0
2026-04-03,559,万向钱潮,SZ,15.41,15.42,14.79,14.8,42553207.0
2022-01-04,878,云南铜业,SZ,13.37,13.53,13.35,13.49,13596444.0
2022-01-05,878,云南铜业,SZ,13.57,13.59,13.35,13.38,14357363.0
2022-01-06,878,云南铜业,SZ,13.31,13.44,13.29,13.36,10830486.0
2022-01-07,878,云南铜业,SZ,13.37,13.54,13.35,13.42,13786579.0
2022-01-10,878,云南铜业,SZ,13.42,13.51,13.34,13.44,11957181.0
2022-01-11,878,云南铜业,SZ,13.45,13.64,13.35,13.59,18738805.0
2022-01-12,878,云南铜业,SZ,13.7,13.86,13.62,13.86,28973538.0
2022-01-13,878,云南铜业,SZ,14.1,14.16,13.74,13.81,36440019.0
2022-01-14,878,云南铜业,SZ,13.68,13.81,13.54,13.6,18167878.0
2022-01-17,878,云南铜业,SZ,13.51,13.51,13.35,13.39,23610885.0
2022-01-18,878,云南铜业,SZ,13.41,13.57,13.34,13.46,14713060.0
2022-01-19,878,云南铜业,SZ,13.4,13.49,13.18,13.27,18231708.0
2022-01-20,878,云南铜业,SZ,13.31,13.48,13.24,13.39,16545943.0
2022-01-21,878,云南铜业,SZ,13.31,13.38,13.17,13.26,12637520.0
2022-01-24,878,云南铜业,SZ,13.18,13.18,12.68,12.89,19808529.0
2022-01-25,878,云南铜业,SZ,12.78,12.88,12.43,12.44,17089801.0
2022-01-26,878,云南铜业,SZ,12.4,12.6,12.25,12.45,14894268.0
2022-01-27,878,云南铜业,SZ,12.41,12.48,11.88,11.89,19796286.0
2022-01-28,878,云南铜业,SZ,12.01,12.14,11.61,11.95,19905266.0
2022-02-07,878,云南铜业,SZ,12.11,12.43,12.09,12.33,16654452.0
2022-02-08,878,云南铜业,SZ,12.33,12.68,12.28,12.68,19055621.0
2022-02-09,878,云南铜业,SZ,12.66,13.08,12.64,13.01,21356077.0
2022-02-10,878,云南铜业,SZ,13.16,13.38,13.05,13.27,25868506.0
2022-02-11,878,云南铜业,SZ,13.04,13.32,13.02,13.07,18047140.0
2022-02-14,878,云南铜业,SZ,12.96,13.15,12.7,12.84,23567919.0
2022-02-15,878,云南铜业,SZ,12.92,12.94,12.64,12.78,11506289.0
2022-02-16,878,云南铜业,SZ,12.81,13.03,12.81,12.97,10767200.0
2022-02-17,878,云南铜业,SZ,12.93,13.05,12.86,13.0,9928769.0
2022-02-18,878,云南铜业,SZ,12.9,13.09,12.88,13.05,12354282.0
2022-02-21,878,云南铜业,SZ,13.06,13.06,12.89,12.95,10840518.0
2022-02-22,878,云南铜业,SZ,12.93,13.03,12.71,12.9,14166000.0
2022-02-23,878,云南铜业,SZ,12.89,12.98,12.83,12.94,11708387.0
2022-02-24,878,云南铜业,SZ,12.86,13.08,12.55,12.72,21035876.0
2022-02-25,878,云南铜业,SZ,12.82,13.06,12.76,12.78,16920920.0
2022-02-28,878,云南铜业,SZ,12.83,12.99,12.67,12.98,18085197.0
2022-03-01,878,云南铜业,SZ,12.97,13.03,12.74,12.85,14221420.0
2022-03-02,878,云南铜业,SZ,12.9,13.2,12.86,13.03,26133526.0
2022-03-03,878,云南铜业,SZ,13.2,13.64,13.14,13.41,39852261.0
2022-03-04,878,云南铜业,SZ,13.37,13.47,13.1,13.11,25535693.0
2022-03-07,878,云南铜业,SZ,13.5,13.55,13.11,13.2,29788136.0
2022-03-08,878,云南铜业,SZ,12.91,12.92,12.05,12.37,49267241.0
2022-03-09,878,云南铜业,SZ,12.26,12.34,11.5,11.93,35098190.0
2022-03-10,878,云南铜业,SZ,12.03,12.15,11.91,11.96,20769296.0
2022-03-11,878,云南铜业,SZ,11.84,12.16,11.56,12.15,17978516.0
2022-03-14,878,云南铜业,SZ,12.05,12.18,11.7,11.72,18844649.0
2022-03-15,878,云南铜业,SZ,11.63,11.63,10.68,10.7,36006840.0
2022-03-16,878,云南铜业,SZ,10.81,11.11,10.46,11.07,23114163.0
2022-03-17,878,云南铜业,SZ,11.13,11.34,11.09,11.12,17356239.0
2022-03-18,878,云南铜业,SZ,11.2,11.35,11.1,11.31,13649801.0
2022-03-21,878,云南铜业,SZ,11.31,11.44,11.15,11.28,14964801.0
2022-03-22,878,云南铜业,SZ,11.23,11.42,11.17,11.33,11106816.0
2022-03-23,878,云南铜业,SZ,11.31,11.38,11.24,11.32,8708946.0
2022-03-24,878,云南铜业,SZ,11.33,11.5,11.0,11.24,25930101.0
2022-03-25,878,云南铜业,SZ,11.23,11.47,11.16,11.18,16217812.0
2022-03-28,878,云南铜业,SZ,11.07,11.39,10.88,11.3,14887543.0
2022-03-29,878,云南铜业,SZ,11.28,11.35,11.12,11.19,10356777.0
2022-03-30,878,云南铜业,SZ,11.29,11.35,11.21,11.33,16843129.0
2022-03-31,878,云南铜业,SZ,11.3,11.34,11.16,11.24,13121333.0
2022-04-01,878,云南铜业,SZ,11.22,11.32,11.12,11.28,10847265.0
2022-04-06,878,云南铜业,SZ,11.36,11.78,11.2,11.72,26020826.0
2022-04-07,878,云南铜业,SZ,11.57,11.71,11.39,11.4,16000421.0
2022-04-08,878,云南铜业,SZ,11.37,11.85,11.18,11.73,22635533.0
2022-04-11,878,云南铜业,SZ,11.62,11.68,11.15,11.2,23434030.0
2022-04-12,878,云南铜业,SZ,11.2,11.51,11.04,11.48,14114402.0
2022-04-13,878,云南铜业,SZ,11.73,12.35,11.58,12.11,51164545.0
2022-04-14,878,云南铜业,SZ,12.17,12.3,11.97,12.16,34636057.0
2022-04-15,878,云南铜业,SZ,12.15,12.48,11.86,12.0,24614888.0
2022-04-18,878,云南铜业,SZ,11.9,11.95,11.7,11.79,16170630.0
2022-04-19,878,云南铜业,SZ,11.85,12.17,11.85,12.02,16393256.0
2022-04-20,878,云南铜业,SZ,12.03,12.11,11.7,11.73,16532279.0
2022-04-21,878,云南铜业,SZ,11.66,11.73,11.1,11.15,24472211.0
2022-04-22,878,云南铜业,SZ,11.09,11.31,10.9,11.21,15623424.0
2022-04-25,878,云南铜业,SZ,10.95,11.01,10.39,10.42,25074303.0
2022-04-26,878,云南铜业,SZ,10.41,10.52,10.01,10.02,21567681.0
2022-04-27,878,云南铜业,SZ,10.01,10.51,9.78,10.48,26136588.0
2022-04-28,878,云南铜业,SZ,10.25,10.34,10.0,10.16,19139315.0
2022-04-29,878,云南铜业,SZ,10.23,10.53,10.16,10.48,16338647.0
2022-05-05,878,云南铜业,SZ,10.41,10.67,10.35,10.64,17487046.0
2022-05-06,878,云南铜业,SZ,10.35,10.42,10.18,10.28,15232226.0
2022-05-09,878,云南铜业,SZ,10.23,10.37,10.16,10.28,9177364.0
2022-05-10,878,云南铜业,SZ,10.16,10.45,10.08,10.44,16204294.0
2022-05-11,878,云南铜业,SZ,10.4,10.75,10.38,10.49,17331907.0
2022-05-12,878,云南铜业,SZ,10.45,10.59,10.36,10.44,10701031.0
2022-05-13,878,云南铜业,SZ,10.48,10.59,10.38,10.55,9995102.0
2022-05-16,878,云南铜业,SZ,10.6,10.66,10.5,10.59,10981194.0
2022-05-17,878,云南铜业,SZ,10.59,10.7,10.52,10.7,10750383.0
2022-05-18,878,云南铜业,SZ,10.65,10.7,10.56,10.58,9722752.0
2022-05-19,878,云南铜业,SZ,10.39,10.6,10.35,10.6,10951800.0
2022-05-20,878,云南铜业,SZ,10.64,10.99,10.63,10.98,20369640.0
2022-05-23,878,云南铜业,SZ,11.0,11.22,10.88,11.2,16808688.0
2022-05-24,878,云南铜业,SZ,11.2,11.23,10.74,10.75,16775325.0
2022-05-25,878,云南铜业,SZ,10.77,10.97,10.74,10.84,12971963.0
2022-05-26,878,云南铜业,SZ,10.91,11.1,10.75,10.99,13463242.0
2022-05-27,878,云南铜业,SZ,11.0,11.16,10.93,11.03,12855237.0
2022-05-30,878,云南铜业,SZ,11.04,11.16,10.97,11.07,9585476.0
2022-05-31,878,云南铜业,SZ,10.99,11.14,10.92,11.13,12999000.0
2022-06-01,878,云南铜业,SZ,11.03,11.08,10.87,11.0,12618406.0
2022-06-02,878,云南铜业,SZ,10.96,11.18,10.91,11.17,15412859.0
2022-06-06,878,云南铜业,SZ,11.24,11.48,11.24,11.46,20952145.0
2022-06-07,878,云南铜业,SZ,11.4,11.5,11.35,11.45,15295095.0
2022-06-08,878,云南铜业,SZ,11.46,11.62,11.32,11.61,21206791.0
2022-06-09,878,云南铜业,SZ,11.61,11.83,11.47,11.69,22140553.0
2022-06-10,878,云南铜业,SZ,11.51,11.78,11.31,11.76,24422460.0
2022-06-13,878,云南铜业,SZ,11.59,11.82,11.53,11.8,19925294.0
2022-06-14,878,云南铜业,SZ,11.62,12.19,11.54,12.14,27154490.0
2022-06-15,878,云南铜业,SZ,12.12,12.3,11.95,11.96,26421093.0
2022-06-16,878,云南铜业,SZ,12.05,12.25,11.92,11.97,16963967.0
2022-06-17,878,云南铜业,SZ,11.89,12.1,11.82,12.05,15411933.0
2022-06-20,878,云南铜业,SZ,12.03,12.1,11.85,11.87,17385886.0
2022-06-21,878,云南铜业,SZ,11.86,11.9,11.42,11.55,23032629.0
2022-06-22,878,云南铜业,SZ,11.97,12.06,11.3,11.34,20064681.0
2022-06-23,878,云南铜业,SZ,11.35,11.59,11.24,11.55,17058052.0
2022-06-24,878,云南铜业,SZ,11.48,11.58,11.38,11.42,13483248.0
2022-06-27,878,云南铜业,SZ,11.43,11.67,11.36,11.46,16901799.0
2022-06-28,878,云南铜业,SZ,11.46,11.77,11.42,11.73,17301868.0
2022-06-29,878,云南铜业,SZ,11.83,11.83,11.43,11.46,15949536.0
2022-06-30,878,云南铜业,SZ,11.4,11.61,11.34,11.39,12862600.0
2022-07-01,878,云南铜业,SZ,11.35,11.42,11.24,11.32,13481544.0
2022-07-04,878,云南铜业,SZ,11.34,11.45,11.28,11.44,13178862.0
2022-07-05,878,云南铜业,SZ,11.45,11.69,11.34,11.48,18349992.0
2022-07-06,878,云南铜业,SZ,11.35,11.45,11.02,11.08,17721631.0
2022-07-07,878,云南铜业,SZ,11.22,11.53,11.06,11.39,16857555.0
2022-07-08,878,云南铜业,SZ,11.53,11.59,11.21,11.22,13113661.0
2022-07-11,878,云南铜业,SZ,11.2,11.22,10.88,11.01,14557098.0
2022-07-12,878,云南铜业,SZ,10.98,11.11,10.9,10.93,10134889.0
2022-07-13,878,云南铜业,SZ,11.05,11.1,10.83,10.93,11406951.0
2022-07-14,878,云南铜业,SZ,10.9,10.95,10.77,10.84,10735955.0
2022-07-15,878,云南铜业,SZ,10.82,10.82,10.56,10.57,14686054.0
2022-07-18,878,云南铜业,SZ,10.72,10.99,10.62,10.97,14205505.0
2022-07-19,878,云南铜业,SZ,11.03,11.35,10.98,11.14,18173301.0
2022-07-20,878,云南铜业,SZ,11.46,11.48,11.2,11.28,12292552.0
2022-07-21,878,云南铜业,SZ,11.22,11.38,11.17,11.24,12268606.0
2022-07-22,878,云南铜业,SZ,11.24,11.37,11.09,11.22,8857238.0
2022-07-25,878,云南铜业,SZ,11.22,11.33,11.13,11.17,9514428.0
2022-07-26,878,云南铜业,SZ,11.17,11.33,11.12,11.3,8518527.0
2022-07-27,878,云南铜业,SZ,11.24,11.36,11.23,11.32,8317737.0
2022-07-28,878,云南铜业,SZ,11.4,11.48,11.33,11.4,9747502.0
2022-07-29,878,云南铜业,SZ,11.43,11.5,11.3,11.49,13212794.0
2022-08-01,878,云南铜业,SZ,11.42,11.46,11.28,11.43,10483902.0
2022-08-02,878,云南铜业,SZ,11.29,11.33,10.96,11.18,18910870.0
2022-08-03,878,云南铜业,SZ,11.21,11.3,11.01,11.03,11969975.0
2022-08-04,878,云南铜业,SZ,11.05,11.11,10.83,11.01,10657900.0
2022-08-05,878,云南铜业,SZ,11.01,11.48,10.98,11.47,15668447.0
2022-08-08,878,云南铜业,SZ,11.47,11.6,11.39,11.54,12367556.0
2022-08-09,878,云南铜业,SZ,11.54,11.59,11.48,11.51,10582215.0
2022-08-10,878,云南铜业,SZ,11.52,11.73,11.47,11.63,13819231.0
2022-08-11,878,云南铜业,SZ,11.86,11.86,11.58,11.76,18326453.0
2022-08-12,878,云南铜业,SZ,11.71,11.95,11.67,11.86,18258069.0
2022-08-15,878,云南铜业,SZ,11.74,11.92,11.7,11.78,13243733.0
2022-08-16,878,云南铜业,SZ,11.78,11.8,11.59,11.7,10919609.0
2022-08-17,878,云南铜业,SZ,11.74,11.74,11.56,11.69,9683592.0
2022-08-18,878,云南铜业,SZ,11.66,11.78,11.59,11.66,9975414.0
2022-08-19,878,云南铜业,SZ,11.75,11.75,11.44,11.49,11950526.0
2022-08-22,878,云南铜业,SZ,11.48,11.68,11.37,11.64,12683971.0
2022-08-23,878,云南铜业,SZ,11.59,11.68,11.48,11.56,10909839.0
2022-08-24,878,云南铜业,SZ,11.61,11.83,11.28,11.29,18071008.0
2022-08-25,878,云南铜业,SZ,11.37,11.51,11.21,11.51,13853985.0
2022-08-26,878,云南铜业,SZ,11.58,11.68,11.48,11.56,13487405.0
2022-08-29,878,云南铜业,SZ,11.38,11.51,11.27,11.49,10736292.0
2022-08-30,878,云南铜业,SZ,11.47,11.57,11.27,11.39,12098879.0
2022-08-31,878,云南铜业,SZ,11.23,11.32,10.91,10.94,22349665.0
2022-09-01,878,云南铜业,SZ,10.9,10.96,10.72,10.73,17338350.0
2022-09-02,878,云南铜业,SZ,10.74,10.83,10.68,10.71,13114615.0
2022-09-05,878,云南铜业,SZ,10.72,10.79,10.65,10.78,11313894.0
2022-09-06,878,云南铜业,SZ,10.82,11.0,10.82,10.95,15443030.0
2022-09-07,878,云南铜业,SZ,10.92,11.3,10.85,11.27,20986055.0
2022-09-08,878,云南铜业,SZ,11.27,11.49,11.27,11.43,18110101.0
2022-09-09,878,云南铜业,SZ,11.48,11.81,11.45,11.72,24741647.0
2022-09-13,878,云南铜业,SZ,12.0,12.02,11.68,11.87,27828603.0
2022-09-14,878,云南铜业,SZ,11.56,11.73,11.48,11.51,17010895.0
2022-09-15,878,云南铜业,SZ,11.58,11.62,11.1,11.17,16628350.0
2022-09-16,878,云南铜业,SZ,11.19,11.23,10.65,10.67,27425985.0
2022-09-19,878,云南铜业,SZ,10.69,10.75,10.25,10.33,26839641.0
2022-09-20,878,云南铜业,SZ,10.45,10.53,10.33,10.39,17080675.0
2022-09-21,878,云南铜业,SZ,10.37,10.63,10.26,10.6,13141259.0
2022-09-22,878,云南铜业,SZ,10.44,10.74,10.42,10.62,11804395.0
2022-09-23,878,云南铜业,SZ,10.62,10.68,10.38,10.5,11092420.0
2022-09-26,878,云南铜业,SZ,10.4,10.4,10.03,10.07,15376240.0
2022-09-27,878,云南铜业,SZ,10.07,10.22,9.96,10.19,13388113.0
2022-09-28,878,云南铜业,SZ,10.12,10.12,9.8,9.8,15330706.0
2022-09-29,878,云南铜业,SZ,9.92,9.98,9.7,9.79,13727245.0
2022-09-30,878,云南铜业,SZ,9.75,9.92,9.74,9.83,11671892.0
2022-10-10,878,云南铜业,SZ,9.84,10.04,9.75,9.8,16636853.0
2022-10-11,878,云南铜业,SZ,9.85,10.0,9.78,9.95,9982633.0
2022-10-12,878,云南铜业,SZ,10.86,10.95,10.5,10.95,74484357.0
2022-10-13,878,云南铜业,SZ,10.83,11.23,10.77,11.06,49246459.0
2022-10-14,878,云南铜业,SZ,11.01,11.28,10.99,11.22,28671295.0
2022-10-17,878,云南铜业,SZ,11.06,11.3,11.06,11.23,21159569.0
2022-10-18,878,云南铜业,SZ,11.28,11.41,11.13,11.14,20998687.0
2022-10-19,878,云南铜业,SZ,11.2,11.28,10.91,10.93,22492917.0
2022-10-20,878,云南铜业,SZ,10.94,11.03,10.75,10.87,15878417.0
2022-10-21,878,云南铜业,SZ,10.99,11.03,10.75,10.77,14457735.0
2022-10-24,878,云南铜业,SZ,10.95,11.1,10.67,10.75,20098417.0
2022-10-25,878,云南铜业,SZ,10.63,10.82,10.45,10.72,19554020.0
2022-10-26,878,云南铜业,SZ,10.73,10.87,10.64,10.78,16475525.0
2022-10-27,878,云南铜业,SZ,10.94,11.12,10.85,10.9,20866206.0
2022-10-28,878,云南铜业,SZ,10.81,10.83,10.32,10.37,27707779.0
2022-10-31,878,云南铜业,SZ,10.41,11.18,10.41,11.0,51099892.0
2022-11-01,878,云南铜业,SZ,11.0,11.26,10.92,11.24,31360982.0
2022-11-02,878,云南铜业,SZ,11.14,11.63,11.12,11.48,28740129.0
2022-11-03,878,云南铜业,SZ,11.35,11.64,11.3,11.5,20424778.0
2022-11-04,878,云南铜业,SZ,11.48,11.79,11.48,11.7,24484625.0
2022-11-07,878,云南铜业,SZ,12.13,12.7,12.08,12.54,66220650.0
2022-11-08,878,云南铜业,SZ,12.3,12.63,12.23,12.5,38914805.0
2022-11-09,878,云南铜业,SZ,12.83,12.83,12.4,12.55,33464917.0
2022-11-10,878,云南铜业,SZ,12.42,12.61,12.3,12.52,23892145.0
2022-11-11,878,云南铜业,SZ,12.97,13.07,12.69,12.69,35940484.0
2022-11-14,878,云南铜业,SZ,12.74,12.9,12.36,12.45,31705701.0
2022-11-15,878,云南铜业,SZ,12.33,12.61,12.22,12.56,29936626.0
2022-11-16,878,云南铜业,SZ,12.55,12.56,12.28,12.44,19213351.0
2022-11-17,878,云南铜业,SZ,12.25,12.49,12.2,12.34,18458592.0
2022-11-18,878,云南铜业,SZ,12.28,12.28,12.04,12.14,17396896.0
2022-11-21,878,云南铜业,SZ,12.0,12.06,11.83,12.04,17201097.0
2022-11-22,878,云南铜业,SZ,12.09,12.23,11.93,12.01,16475326.0
2022-11-23,878,云南铜业,SZ,12.04,12.3,11.99,12.04,17597559.0
2022-11-24,878,云南铜业,SZ,12.14,12.23,12.04,12.12,11470791.0
2022-11-25,878,云南铜业,SZ,12.09,12.22,11.95,12.12,14520619.0
2022-11-28,878,云南铜业,SZ,11.8,11.93,11.57,11.9,23639396.0
2022-11-29,878,云南铜业,SZ,11.89,12.23,11.85,12.19,16947698.0
2022-11-30,878,云南铜业,SZ,12.17,12.24,11.92,11.97,17001927.0
2022-12-01,878,云南铜业,SZ,12.27,12.37,12.15,12.19,20386244.0
2022-12-02,878,云南铜业,SZ,12.18,12.27,11.98,12.06,12961694.0
2022-12-05,878,云南铜业,SZ,12.2,12.6,12.12,12.49,28167562.0
2022-12-06,878,云南铜业,SZ,12.39,12.52,12.26,12.48,19146558.0
2022-12-07,878,云南铜业,SZ,12.4,12.55,12.26,12.29,19412298.0
2022-12-08,878,云南铜业,SZ,12.29,12.37,12.21,12.33,10879670.0
2022-12-09,878,云南铜业,SZ,12.29,12.8,12.29,12.77,30383021.0
2022-12-12,878,云南铜业,SZ,12.63,12.66,12.16,12.19,28506343.0
2022-12-13,878,云南铜业,SZ,12.12,12.44,12.12,12.39,16201819.0
2022-12-14,878,云南铜业,SZ,12.42,12.64,12.38,12.5,16114047.0
2022-12-15,878,云南铜业,SZ,12.38,12.44,12.2,12.3,12543955.0
2022-12-16,878,云南铜业,SZ,12.14,12.3,12.08,12.2,12934249.0
2022-12-19,878,云南铜业,SZ,12.2,12.35,11.91,12.0,14993418.0
2022-12-20,878,云南铜业,SZ,12.04,12.1,11.75,11.95,10364338.0
2022-12-21,878,云南铜业,SZ,12.07,12.13,11.9,11.95,9704536.0
2022-12-22,878,云南铜业,SZ,12.04,12.16,11.75,11.8,10439611.0
2022-12-23,878,云南铜业,SZ,11.62,11.83,11.6,11.81,7082998.0
2022-12-26,878,云南铜业,SZ,11.8,11.82,11.51,11.71,16239146.0
2022-12-27,878,云南铜业,SZ,11.75,12.04,11.75,11.97,12538960.0
2022-12-28,878,云南铜业,SZ,11.9,12.19,11.84,12.05,13794524.0
2022-12-29,878,云南铜业,SZ,11.95,12.04,11.72,11.76,13197368.0
2022-12-30,878,云南铜业,SZ,11.81,11.87,11.66,11.75,9931850.0
2023-01-03,878,云南铜业,SZ,11.71,11.94,11.55,11.91,13326734.0
2023-01-04,878,云南铜业,SZ,11.85,11.9,11.65,11.71,10472796.0
2023-01-05,878,云南铜业,SZ,11.68,11.76,11.53,11.62,17600976.0
2023-01-06,878,云南铜业,SZ,11.7,11.79,11.63,11.68,13050624.0
2023-01-09,878,云南铜业,SZ,11.82,12.22,11.8,12.14,31310607.0
2023-01-10,878,云南铜业,SZ,12.18,12.27,12.02,12.13,16680150.0
2023-01-11,878,云南铜业,SZ,12.3,12.47,12.21,12.27,23451495.0
2023-01-12,878,云南铜业,SZ,12.46,12.52,12.21,12.23,19586522.0
2023-01-13,878,云南铜业,SZ,12.32,12.44,12.1,12.22,14957336.0
2023-01-16,878,云南铜业,SZ,12.27,12.43,12.15,12.38,20802170.0
2023-01-17,878,云南铜业,SZ,12.3,12.52,12.28,12.33,14001227.0
2023-01-18,878,云南铜业,SZ,12.57,12.8,12.44,12.72,27856698.0
2023-01-19,878,云南铜业,SZ,12.62,12.98,12.59,12.94,25698022.0
2023-01-20,878,云南铜业,SZ,12.93,13.49,12.93,13.4,36906870.0
2023-01-30,878,云南铜业,SZ,13.5,13.6,13.18,13.22,38686658.0
2023-01-31,878,云南铜业,SZ,13.05,13.35,13.02,13.16,33872678.0
2023-02-01,878,云南铜业,SZ,13.21,13.65,13.2,13.42,39577377.0
2023-02-02,878,云南铜业,SZ,13.26,13.29,13.07,13.18,37518227.0
2023-02-03,878,云南铜业,SZ,13.04,13.15,12.79,13.01,25457241.0
2023-02-06,878,云南铜业,SZ,12.79,12.86,12.66,12.79,22139087.0
2023-02-07,878,云南铜业,SZ,12.86,12.9,12.68,12.8,17956461.0
2023-02-08,878,云南铜业,SZ,12.84,12.91,12.72,12.74,16861688.0
2023-02-09,878,云南铜业,SZ,12.69,12.89,12.67,12.88,18027467.0
2023-02-10,878,云南铜业,SZ,12.73,12.78,12.62,12.66,20405159.0
2023-02-13,878,云南铜业,SZ,12.61,12.77,12.6,12.68,17925802.0
2023-02-14,878,云南铜业,SZ,12.92,13.73,12.91,13.31,73248448.0
2023-02-15,878,云南铜业,SZ,13.31,13.79,13.2,13.34,50118006.0
2023-02-16,878,云南铜业,SZ,13.29,13.3,12.67,12.82,41261393.0
2023-02-17,878,云南铜业,SZ,12.92,13.2,12.79,12.8,34110935.0
2023-02-20,878,云南铜业,SZ,12.8,13.16,12.74,13.13,34445920.0
2023-02-21,878,云南铜业,SZ,13.2,13.44,13.16,13.29,37919390.0
2023-02-22,878,云南铜业,SZ,13.24,13.4,13.09,13.2,24676965.0
2023-02-23,878,云南铜业,SZ,13.19,13.25,13.0,13.1,21310405.0
2023-02-24,878,云南铜业,SZ,12.97,13.0,12.78,12.89,21576970.0
2023-02-27,878,云南铜业,SZ,12.76,12.91,12.68,12.71,19057925.0
2023-02-28,878,云南铜业,SZ,12.79,12.79,12.6,12.74,19948373.0
2023-03-01,878,云南铜业,SZ,12.98,13.23,12.74,13.23,40866084.0
2023-03-02,878,云南铜业,SZ,13.23,13.41,13.15,13.2,32322336.0
2023-03-03,878,云南铜业,SZ,13.22,13.22,12.96,13.07,23722052.0
2023-03-06,878,云南铜业,SZ,13.09,13.18,12.98,13.05,20515137.0
2023-03-07,878,云南铜业,SZ,13.0,13.27,12.88,12.9,26758572.0
2023-03-08,878,云南铜业,SZ,12.71,12.74,12.4,12.53,38773611.0
2023-03-09,878,云南铜业,SZ,12.54,12.59,12.37,12.49,15933097.0
2023-03-10,878,云南铜业,SZ,12.37,12.44,12.18,12.2,22831978.0
2023-03-13,878,云南铜业,SZ,12.2,12.57,12.2,12.49,27410505.0
2023-03-14,878,云南铜业,SZ,12.54,13.0,12.48,12.61,40334709.0
2023-03-15,878,云南铜业,SZ,12.62,12.88,12.62,12.67,20414983.0
2023-03-16,878,云南铜业,SZ,12.4,12.43,12.05,12.05,34185235.0
2023-03-17,878,云南铜业,SZ,12.18,12.43,12.11,12.33,24734731.0
2023-03-20,878,云南铜业,SZ,12.35,12.51,12.28,12.36,17267410.0
2023-03-21,878,云南铜业,SZ,12.44,12.61,12.4,12.57,18804187.0
2023-03-22,878,云南铜业,SZ,12.63,12.77,12.46,12.58,17782578.0
2023-03-23,878,云南铜业,SZ,12.59,12.79,12.49,12.72,19214295.0
2023-03-24,878,云南铜业,SZ,12.78,13.02,12.71,12.9,27743545.0
2023-03-27,878,云南铜业,SZ,12.91,13.02,12.74,13.02,26917107.0
2023-03-28,878,云南铜业,SZ,13.0,13.26,12.87,12.88,21396613.0
2023-03-29,878,云南铜业,SZ,13.02,13.04,12.73,12.76,14995134.0
2023-03-30,878,云南铜业,SZ,12.76,12.87,12.56,12.85,16208653.0
2023-03-31,878,云南铜业,SZ,12.84,12.99,12.8,12.89,15179334.0
2023-04-03,878,云南铜业,SZ,12.88,13.0,12.78,12.88,17444594.0
2023-04-04,878,云南铜业,SZ,12.88,12.88,12.68,12.77,14741070.0
2023-04-06,878,云南铜业,SZ,12.77,13.03,12.76,12.97,22709851.0
2023-04-07,878,云南铜业,SZ,12.88,12.89,12.74,12.81,17287917.0
2023-04-10,878,云南铜业,SZ,12.82,13.32,12.75,13.04,38262161.0
2023-04-11,878,云南铜业,SZ,12.94,13.28,12.87,13.23,29551799.0
2023-04-12,878,云南铜业,SZ,13.25,13.67,13.2,13.47,42845552.0
2023-04-13,878,云南铜业,SZ,13.52,13.8,13.3,13.4,37134365.0
2023-04-14,878,云南铜业,SZ,13.66,13.83,13.57,13.74,35512908.0
2023-04-17,878,云南铜业,SZ,13.61,13.77,13.46,13.76,34329296.0
2023-04-18,878,云南铜业,SZ,13.68,13.7,13.42,13.57,29423601.0
2023-04-19,878,云南铜业,SZ,13.65,13.91,13.59,13.61,27893876.0
2023-04-20,878,云南铜业,SZ,13.58,13.69,13.41,13.55,24935677.0
2023-04-21,878,云南铜业,SZ,13.61,13.65,13.26,13.28,24269950.0
2023-04-24,878,云南铜业,SZ,13.38,13.39,12.88,12.95,23300115.0
2023-04-25,878,云南铜业,SZ,13.18,13.18,12.48,12.69,23575525.0
2023-04-26,878,云南铜业,SZ,12.5,12.56,12.07,12.42,31301401.0
2023-04-27,878,云南铜业,SZ,12.3,12.37,12.1,12.28,36720372.0
2023-04-28,878,云南铜业,SZ,12.25,12.59,12.25,12.59,29079359.0
2023-05-04,878,云南铜业,SZ,12.4,12.59,12.35,12.53,26177885.0
2023-05-05,878,云南铜业,SZ,12.49,12.55,12.24,12.36,22827016.0
2023-05-08,878,云南铜业,SZ,12.37,12.72,12.36,12.64,27329788.0
2023-05-09,878,云南铜业,SZ,12.68,13.04,12.6,12.71,34947351.0
2023-05-10,878,云南铜业,SZ,12.61,12.74,12.41,12.51,21159414.0
2023-05-11,878,云南铜业,SZ,12.47,12.48,12.25,12.25,19618331.0
2023-05-12,878,云南铜业,SZ,12.01,12.01,11.58,11.6,41426453.0
2023-05-15,878,云南铜业,SZ,11.59,11.84,11.51,11.83,22960643.0
2023-05-16,878,云南铜业,SZ,11.83,11.88,11.7,11.73,15643529.0
2023-05-17,878,云南铜业,SZ,11.69,11.74,11.64,11.71,13192924.0
2023-05-18,878,云南铜业,SZ,11.86,11.93,11.66,11.73,16319449.0
2023-05-19,878,云南铜业,SZ,11.67,11.7,11.56,11.66,11946695.0
2023-05-22,878,云南铜业,SZ,11.66,11.67,11.51,11.55,15706652.0
2023-05-23,878,云南铜业,SZ,11.52,11.52,11.33,11.35,16571498.0
2023-05-24,878,云南铜业,SZ,10.97,11.1,10.88,10.95,14042701.0
2023-05-25,878,云南铜业,SZ,10.87,10.95,10.74,10.91,15187992.0
2023-05-26,878,云南铜业,SZ,10.88,11.01,10.77,10.99,12778978.0
2023-05-29,878,云南铜业,SZ,10.87,10.88,10.3,10.62,67683805.0
2023-05-30,878,云南铜业,SZ,10.64,10.85,10.53,10.84,34676220.0
2023-05-31,878,云南铜业,SZ,10.81,10.95,10.77,10.9,24915857.0
2023-06-01,878,云南铜业,SZ,10.9,11.08,10.85,10.96,22417992.0
2023-06-02,878,云南铜业,SZ,11.01,11.18,10.99,11.16,21550069.0
2023-06-05,878,云南铜业,SZ,11.05,11.15,10.97,11.09,18928492.0
2023-06-06,878,云南铜业,SZ,11.16,11.18,10.86,10.9,20174172.0
2023-06-07,878,云南铜业,SZ,10.95,11.04,10.9,10.96,10125871.0
2023-06-08,878,云南铜业,SZ,10.92,11.1,10.87,11.06,13257671.0
2023-06-09,878,云南铜业,SZ,11.09,11.1,10.98,11.02,13616318.0
2023-06-12,878,云南铜业,SZ,11.04,11.08,10.95,11.06,12403890.0
2023-06-13,878,云南铜业,SZ,11.02,11.08,10.97,11.04,10296519.0
2023-06-14,878,云南铜业,SZ,11.13,11.21,11.07,11.1,17912961.0
2023-06-15,878,云南铜业,SZ,11.09,11.18,11.03,11.17,14217449.0
2023-06-16,878,云南铜业,SZ,11.26,11.33,11.21,11.28,17504569.0
2023-06-19,878,云南铜业,SZ,11.25,11.25,11.03,11.06,19766844.0
2023-06-20,878,云南铜业,SZ,11.09,11.12,10.94,10.97,12197426.0
2023-06-21,878,云南铜业,SZ,10.97,11.06,10.9,10.91,12074578.0
2023-06-26,878,云南铜业,SZ,10.77,10.92,10.65,10.74,16819885.0
2023-06-27,878,云南铜业,SZ,10.84,11.04,10.74,10.98,14504297.0
2023-06-28,878,云南铜业,SZ,11.11,11.12,10.89,11.01,16020219.0
2023-06-29,878,云南铜业,SZ,10.96,10.99,10.91,10.92,10498422.0
2023-06-30,878,云南铜业,SZ,10.93,11.07,10.9,11.05,17910766.0
2023-07-03,878,云南铜业,SZ,11.08,11.38,11.07,11.26,27437089.0
2023-07-04,878,云南铜业,SZ,11.4,11.44,11.24,11.29,21240856.0
2023-07-05,878,云南铜业,SZ,11.25,11.45,11.2,11.4,25691426.0
2023-07-06,878,云南铜业,SZ,11.41,11.42,11.25,11.34,18993813.0
2023-07-07,878,云南铜业,SZ,11.27,11.44,11.16,11.34,17480520.0
2023-07-10,878,云南铜业,SZ,11.43,11.45,11.3,11.37,16224033.0
2023-07-11,878,云南铜业,SZ,11.4,11.44,11.24,11.39,13122485.0
2023-07-12,878,云南铜业,SZ,11.36,11.38,11.27,11.29,10365613.0
2023-07-13,878,云南铜业,SZ,11.4,11.72,11.39,11.57,27100406.0
2023-07-14,878,云南铜业,SZ,11.66,11.73,11.55,11.57,22008574.0
2023-07-17,878,云南铜业,SZ,11.48,11.53,11.39,11.46,12255832.0
2023-07-18,878,云南铜业,SZ,11.43,11.48,11.32,11.43,13065262.0
2023-07-19,878,云南铜业,SZ,11.45,11.54,11.38,11.47,8951070.0
2023-07-20,878,云南铜业,SZ,11.45,11.55,11.38,11.4,13517415.0
2023-07-21,878,云南铜业,SZ,11.4,11.46,11.34,11.39,9870899.0
2023-07-24,878,云南铜业,SZ,11.34,11.39,11.26,11.29,8810441.0
2023-07-25,878,云南铜业,SZ,11.4,11.6,11.39,11.59,23598389.0
2023-07-26,878,云南铜业,SZ,11.64,11.69,11.51,11.6,16390124.0
2023-07-27,878,云南铜业,SZ,11.58,11.69,11.55,11.57,16516959.0
2023-07-28,878,云南铜业,SZ,11.48,11.8,11.47,11.77,22770191.0
2023-07-31,878,云南铜业,SZ,11.87,12.19,11.85,12.1,41734801.0
2023-08-01,878,云南铜业,SZ,12.17,12.29,11.99,12.17,35410193.0
2023-08-02,878,云南铜业,SZ,12.12,12.26,12.05,12.18,27230249.0
2023-08-03,878,云南铜业,SZ,12.05,12.07,11.88,12.0,18838891.0
2023-08-04,878,云南铜业,SZ,12.05,12.15,11.96,12.06,20966540.0
2023-08-07,878,云南铜业,SZ,11.98,12.03,11.86,11.94,17524770.0
2023-08-08,878,云南铜业,SZ,11.92,12.04,11.85,11.99,17431708.0
2023-08-09,878,云南铜业,SZ,11.91,11.93,11.77,11.8,15938836.0
2023-08-10,878,云南铜业,SZ,11.8,11.88,11.75,11.85,12132413.0
2023-08-11,878,云南铜业,SZ,11.82,11.88,11.52,11.52,19174813.0
2023-08-14,878,云南铜业,SZ,11.48,11.59,11.35,11.5,17683040.0
2023-08-15,878,云南铜业,SZ,11.48,11.54,11.23,11.36,16567115.0
2023-08-16,878,云南铜业,SZ,11.28,11.37,11.18,11.26,11378467.0
2023-08-17,878,云南铜业,SZ,11.2,11.31,11.08,11.28,14502612.0
2023-08-18,878,云南铜业,SZ,11.27,11.31,11.07,11.07,16080740.0
2023-08-21,878,云南铜业,SZ,11.03,11.23,10.98,10.99,16691370.0
2023-08-22,878,云南铜业,SZ,11.04,11.18,10.97,11.14,16170083.0
2023-08-23,878,云南铜业,SZ,11.44,11.48,11.23,11.24,31051153.0
2023-08-24,878,云南铜业,SZ,11.36,11.53,11.24,11.29,29329908.0
2023-08-25,878,云南铜业,SZ,11.32,11.45,11.25,11.31,23134040.0
2023-08-28,878,云南铜业,SZ,12.0,12.03,11.43,11.47,35316550.0
2023-08-29,878,云南铜业,SZ,11.47,11.62,11.36,11.6,29341461.0
2023-08-30,878,云南铜业,SZ,11.57,11.85,11.53,11.59,25776952.0
2023-08-31,878,云南铜业,SZ,11.61,11.7,11.56,11.62,22153724.0
2023-09-01,878,云南铜业,SZ,11.69,11.96,11.65,11.88,32939280.0
2023-09-04,878,云南铜业,SZ,11.87,12.4,11.87,12.29,54203751.0
2023-09-05,878,云南铜业,SZ,12.19,12.29,12.14,12.24,32967238.0
2023-09-06,878,云南铜业,SZ,12.2,12.22,12.01,12.07,20767901.0
2023-09-07,878,云南铜业,SZ,12.02,12.04,11.85,11.89,17914461.0
2023-09-08,878,云南铜业,SZ,11.84,11.9,11.73,11.75,13537106.0
2023-09-11,878,云南铜业,SZ,11.9,12.11,11.78,12.0,25131529.0
2023-09-12,878,云南铜业,SZ,12.06,12.13,11.97,12.01,17510269.0
2023-09-13,878,云南铜业,SZ,12.0,12.09,11.9,12.01,17092848.0
2023-09-14,878,云南铜业,SZ,12.02,12.17,11.98,12.13,21268400.0
2023-09-15,878,云南铜业,SZ,12.2,12.35,12.13,12.2,29087939.0
2023-09-18,878,云南铜业,SZ,12.12,12.14,11.98,12.1,16793278.0
2023-09-19,878,云南铜业,SZ,12.09,12.18,12.0,12.11,14332415.0
2023-09-20,878,云南铜业,SZ,12.01,12.25,12.01,12.05,10468100.0
2023-09-21,878,云南铜业,SZ,12.01,12.04,11.9,11.9,14601641.0
2023-09-22,878,云南铜业,SZ,11.84,11.91,11.74,11.88,18042113.0
2023-09-25,878,云南铜业,SZ,11.85,12.0,11.78,11.84,15050597.0
2023-09-26,878,云南铜业,SZ,11.86,11.9,11.78,11.79,10002302.0
2023-09-27,878,云南铜业,SZ,11.77,11.88,11.74,11.79,9441187.0
2023-09-28,878,云南铜业,SZ,11.84,11.89,11.74,11.77,11587839.0
2023-10-09,878,云南铜业,SZ,11.72,11.73,11.44,11.66,18230388.0
2023-10-10,878,云南铜业,SZ,11.69,11.73,11.55,11.58,10808401.0
2023-10-11,878,云南铜业,SZ,11.6,11.65,11.47,11.51,12587186.0
2023-10-12,878,云南铜业,SZ,11.62,11.77,11.56,11.73,15040334.0
2023-10-13,878,云南铜业,SZ,11.75,11.77,11.33,11.38,25663099.0
2023-10-16,878,云南铜业,SZ,11.39,11.51,11.36,11.4,13747778.0
2023-10-17,878,云南铜业,SZ,11.4,11.47,11.32,11.43,11675646.0
2023-10-18,878,云南铜业,SZ,11.4,11.45,11.19,11.23,16227609.0
2023-10-19,878,云南铜业,SZ,11.22,11.27,11.11,11.12,12551726.0
2023-10-20,878,云南铜业,SZ,11.09,11.19,11.05,11.09,11637403.0
2023-10-23,878,云南铜业,SZ,11.04,11.05,10.74,10.79,15223707.0
2023-10-24,878,云南铜业,SZ,10.79,11.05,10.78,11.01,15090686.0
2023-10-25,878,云南铜业,SZ,11.16,11.28,11.1,11.12,14922743.0
2023-10-26,878,云南铜业,SZ,11.01,11.17,10.98,11.16,11980276.0
2023-10-27,878,云南铜业,SZ,11.0,11.06,10.86,11.01,42211119.0
2023-10-30,878,云南铜业,SZ,10.98,11.09,10.96,11.04,28900342.0
2023-10-31,878,云南铜业,SZ,11.05,11.16,10.96,11.04,22257539.0
2023-11-01,878,云南铜业,SZ,11.03,11.07,10.89,10.96,21020733.0
2023-11-02,878,云南铜业,SZ,10.98,11.06,10.86,10.86,20373608.0
2023-11-03,878,云南铜业,SZ,10.88,10.94,10.83,10.88,21454647.0
2023-11-06,878,云南铜业,SZ,10.9,11.02,10.84,11.0,28088224.0
2023-11-07,878,云南铜业,SZ,10.96,10.98,10.78,10.87,32725310.0
2023-11-08,878,云南铜业,SZ,10.8,10.82,10.67,10.71,32053500.0
2023-11-09,878,云南铜业,SZ,10.67,10.75,10.66,10.72,19831140.0
2023-11-10,878,云南铜业,SZ,10.68,10.7,10.57,10.59,23055405.0
2023-11-13,878,云南铜业,SZ,10.59,10.76,10.56,10.76,25307218.0
2023-11-14,878,云南铜业,SZ,10.77,10.8,10.71,10.75,21172336.0
2023-11-15,878,云南铜业,SZ,10.85,11.02,10.85,10.92,35196278.0
2023-11-16,878,云南铜业,SZ,10.92,10.92,10.78,10.84,18509566.0
2023-11-17,878,云南铜业,SZ,10.79,10.86,10.74,10.84,13669701.0
2023-11-20,878,云南铜业,SZ,10.84,10.92,10.76,10.86,15250184.0
2023-11-21,878,云南铜业,SZ,10.93,10.99,10.87,10.89,26608683.0
2023-11-22,878,云南铜业,SZ,10.86,10.87,10.73,10.73,18730600.0
2023-11-23,878,云南铜业,SZ,10.72,10.82,10.68,10.82,11843313.0
2023-11-24,878,云南铜业,SZ,10.82,10.83,10.74,10.79,11122021.0
2023-11-27,878,云南铜业,SZ,10.79,10.8,10.69,10.76,12204992.0
2023-11-28,878,云南铜业,SZ,10.72,10.77,10.65,10.75,11403578.0
2023-11-29,878,云南铜业,SZ,10.85,10.87,10.74,10.76,16910625.0
2023-11-30,878,云南铜业,SZ,10.72,10.76,10.58,10.66,16088100.0
2023-12-01,878,云南铜业,SZ,10.69,10.75,10.61,10.71,12709777.0
2023-12-04,878,云南铜业,SZ,10.85,10.91,10.78,10.8,27554737.0
2023-12-05,878,云南铜业,SZ,10.72,10.73,10.54,10.55,22184101.0
2023-12-06,878,云南铜业,SZ,10.51,10.64,10.45,10.59,16209440.0
2023-12-07,878,云南铜业,SZ,10.57,10.61,10.47,10.59,14462146.0
2023-12-08,878,云南铜业,SZ,10.6,10.66,10.55,10.58,11723805.0
2023-12-11,878,云南铜业,SZ,10.53,10.62,10.33,10.61,19362937.0
2023-12-12,878,云南铜业,SZ,10.56,10.59,10.51,10.58,11597437.0
2023-12-13,878,云南铜业,SZ,10.56,10.58,10.47,10.47,11954426.0
2023-12-14,878,云南铜业,SZ,10.58,10.64,10.48,10.48,13219400.0
2023-12-15,878,云南铜业,SZ,10.6,10.68,10.5,10.54,16570433.0
2023-12-18,878,云南铜业,SZ,10.49,10.54,10.38,10.43,16765716.0
2023-12-19,878,云南铜业,SZ,10.4,10.43,10.23,10.31,14075192.0
2023-12-20,878,云南铜业,SZ,10.35,10.5,10.34,10.36,15685224.0
2023-12-21,878,云南铜业,SZ,10.3,10.45,10.23,10.44,12223700.0
2023-12-22,878,云南铜业,SZ,10.43,10.64,10.39,10.6,21294135.0
2023-12-25,878,云南铜业,SZ,10.58,10.64,10.49,10.62,14289529.0
2023-12-26,878,云南铜业,SZ,10.57,10.63,10.46,10.51,12096536.0
2023-12-27,878,云南铜业,SZ,10.5,10.75,10.45,10.75,23350067.0
2023-12-28,878,云南铜业,SZ,10.75,10.9,10.73,10.86,36076222.0
2023-12-29,878,云南铜业,SZ,10.79,10.91,10.77,10.89,26591538.0
2024-01-02,878,云南铜业,SZ,10.85,11.01,10.84,10.95,25889697.0
2024-01-03,878,云南铜业,SZ,10.91,11.01,10.86,10.95,21320527.0
2024-01-04,878,云南铜业,SZ,10.92,10.99,10.84,10.93,20384934.0
2024-01-05,878,云南铜业,SZ,10.92,11.11,10.85,10.92,25801117.0
2024-01-08,878,云南铜业,SZ,10.89,11.05,10.81,10.91,31592798.0
2024-01-09,878,云南铜业,SZ,10.89,11.12,10.8,11.03,29069847.0
2024-01-10,878,云南铜业,SZ,10.95,11.06,10.77,10.8,24782115.0
2024-01-11,878,云南铜业,SZ,10.78,10.93,10.73,10.86,20565600.0
2024-01-12,878,云南铜业,SZ,10.81,11.02,10.81,10.9,14118330.0
2024-01-15,878,云南铜业,SZ,10.85,10.92,10.79,10.83,14013999.0
2024-01-16,878,云南铜业,SZ,10.84,10.86,10.51,10.68,21795089.0
2024-01-17,878,云南铜业,SZ,10.66,10.68,10.41,10.43,15012431.0
2024-01-18,878,云南铜业,SZ,10.33,10.34,9.9,10.23,41066408.0
2024-01-19,878,云南铜业,SZ,10.16,10.23,10.1,10.17,16952484.0
2024-01-22,878,云南铜业,SZ,10.12,10.15,9.6,9.68,26318049.0
2024-01-23,878,云南铜业,SZ,9.59,9.85,9.45,9.8,17450647.0
2024-01-24,878,云南铜业,SZ,9.84,10.05,9.67,10.03,17895303.0
2024-01-25,878,云南铜业,SZ,10.09,10.47,10.04,10.45,29266446.0
2024-01-26,878,云南铜业,SZ,10.44,10.73,10.42,10.63,29876493.0
2024-01-29,878,云南铜业,SZ,10.68,10.8,10.46,10.51,22309003.0
2024-01-30,878,云南铜业,SZ,10.45,10.55,10.25,10.29,20582386.0
2024-01-31,878,云南铜业,SZ,10.29,10.45,10.06,10.1,22115957.0
2024-02-01,878,云南铜业,SZ,9.91,10.2,9.86,9.94,25916112.0
2024-02-02,878,云南铜业,SZ,9.98,10.23,9.5,9.73,31686948.0
2024-02-05,878,云南铜业,SZ,9.6,9.92,9.2,9.61,36127673.0
2024-02-06,878,云南铜业,SZ,9.54,10.45,9.49,10.38,39278210.0
2024-02-07,878,云南铜业,SZ,10.33,10.82,10.33,10.81,52024671.0
2024-02-08,878,云南铜业,SZ,10.85,11.08,10.66,10.71,47410437.0
2024-02-19,878,云南铜业,SZ,10.85,10.98,10.67,10.87,37454460.0
2024-02-20,878,云南铜业,SZ,10.79,11.02,10.67,10.92,30512476.0
2024-02-21,878,云南铜业,SZ,10.88,11.12,10.84,10.91,34959848.0
2024-02-22,878,云南铜业,SZ,10.91,11.13,10.89,11.13,33560100.0
2024-02-23,878,云南铜业,SZ,11.19,11.4,11.13,11.25,47979424.0
2024-02-26,878,云南铜业,SZ,11.19,11.28,10.92,10.97,45839343.0
2024-02-27,878,云南铜业,SZ,10.92,11.05,10.9,11.05,26703305.0
2024-02-28,878,云南铜业,SZ,11.05,11.15,10.87,10.87,37355256.0
2024-02-29,878,云南铜业,SZ,10.81,11.08,10.8,11.08,27198625.0
2024-03-01,878,云南铜业,SZ,11.07,11.3,11.03,11.26,39686237.0
2024-03-04,878,云南铜业,SZ,11.31,11.34,11.06,11.15,31872322.0
2024-03-05,878,云南铜业,SZ,11.16,11.28,11.11,11.18,29707885.0
2024-03-06,878,云南铜业,SZ,11.15,11.33,11.11,11.25,33648152.0
2024-03-07,878,云南铜业,SZ,11.31,12.04,11.31,11.65,84102980.0
2024-03-08,878,云南铜业,SZ,11.76,11.93,11.64,11.89,60598067.0
2024-03-11,878,云南铜业,SZ,11.82,11.98,11.79,11.94,49138979.0
2024-03-12,878,云南铜业,SZ,11.89,11.91,11.49,11.56,52336445.0
2024-03-13,878,云南铜业,SZ,11.55,11.68,11.45,11.63,36356137.0
2024-03-14,878,云南铜业,SZ,12.3,12.49,11.91,11.99,100183293.0
2024-03-15,878,云南铜业,SZ,12.07,12.94,11.93,12.9,122861049.0
2024-03-18,878,云南铜业,SZ,13.1,13.52,13.0,13.23,158678604.0
2024-03-19,878,云南铜业,SZ,13.2,13.85,13.18,13.31,118643752.0
2024-03-20,878,云南铜业,SZ,13.35,13.66,13.02,13.38,107601720.0
2024-03-21,878,云南铜业,SZ,13.58,13.75,13.26,13.47,97916666.0
2024-03-22,878,云南铜业,SZ,13.05,13.24,12.8,12.97,94103256.0
2024-03-25,878,云南铜业,SZ,13.05,13.4,12.95,13.02,76727027.0
2024-03-26,878,云南铜业,SZ,12.99,13.04,12.64,12.84,64567850.0
2024-03-27,878,云南铜业,SZ,12.78,13.02,12.66,12.72,52359607.0
2024-03-28,878,云南铜业,SZ,12.56,13.02,12.56,12.99,63115951.0
2024-03-29,878,云南铜业,SZ,12.86,13.37,12.69,13.3,97992726.0
2024-04-01,878,云南铜业,SZ,13.43,13.65,13.06,13.26,98214753.0
2024-04-02,878,云南铜业,SZ,13.12,13.65,13.1,13.47,99851246.0
2024-04-03,878,云南铜业,SZ,13.48,14.16,13.26,14.14,160939145.0
2024-04-08,878,云南铜业,SZ,14.25,15.55,14.15,14.53,202093738.0
2024-04-09,878,云南铜业,SZ,14.63,14.78,14.14,14.39,110258364.0
2024-04-10,878,云南铜业,SZ,14.4,14.8,14.07,14.62,119216038.0
2024-04-11,878,云南铜业,SZ,14.1,14.62,13.83,14.1,105537281.0
2024-04-12,878,云南铜业,SZ,14.2,14.45,13.91,14.31,86241502.0
2024-04-15,878,云南铜业,SZ,14.01,14.44,13.54,14.41,85552723.0
2024-04-16,878,云南铜业,SZ,14.24,14.36,13.38,13.44,89431901.0
2024-04-17,878,云南铜业,SZ,13.4,14.19,13.39,14.13,74823265.0
2024-04-18,878,云南铜业,SZ,14.11,14.75,14.0,14.67,97570810.0
2024-04-19,878,云南铜业,SZ,14.59,15.33,14.37,14.65,101140693.0
2024-04-22,878,云南铜业,SZ,14.88,15.16,14.12,14.14,84862905.0
2024-04-23,878,云南铜业,SZ,13.69,13.79,13.17,13.29,101949020.0
2024-04-24,878,云南铜业,SZ,13.29,13.84,13.18,13.82,59984949.0
2024-04-25,878,云南铜业,SZ,13.55,13.82,13.39,13.74,45897992.0
2024-04-26,878,云南铜业,SZ,13.75,14.2,13.71,14.17,77367745.0
2024-04-29,878,云南铜业,SZ,14.06,14.13,13.79,14.05,63940941.0
2024-04-30,878,云南铜业,SZ,14.27,14.38,13.92,14.06,53584634.0
2024-05-06,878,云南铜业,SZ,13.85,14.25,13.66,14.22,57315897.0
2024-05-07,878,云南铜业,SZ,14.28,14.5,14.1,14.14,55785946.0
2024-05-08,878,云南铜业,SZ,13.92,14.12,13.81,13.88,34929020.0
2024-05-09,878,云南铜业,SZ,13.85,14.33,13.85,14.13,42688006.0
2024-05-10,878,云南铜业,SZ,14.33,14.4,13.94,14.35,51590578.0
2024-05-13,878,云南铜业,SZ,14.11,14.28,13.93,14.22,40554683.0
2024-05-14,878,云南铜业,SZ,14.37,14.74,14.16,14.6,74595069.0
2024-05-15,878,云南铜业,SZ,14.41,14.73,14.26,14.4,56944181.0
2024-05-16,878,云南铜业,SZ,14.55,14.71,14.13,14.2,51870436.0
2024-05-17,878,云南铜业,SZ,14.19,14.55,13.96,14.53,49371162.0
2024-05-20,878,云南铜业,SZ,15.19,15.8,14.92,15.65,132249013.0
2024-05-21,878,云南铜业,SZ,15.68,15.87,14.9,15.02,99624986.0
2024-05-22,878,云南铜业,SZ,14.92,15.15,14.61,14.77,58822709.0
2024-05-23,878,云南铜业,SZ,13.88,14.01,13.64,13.74,64314049.0
2024-05-24,878,云南铜业,SZ,13.65,13.89,13.61,13.71,38593082.0
2024-05-27,878,云南铜业,SZ,13.65,13.9,13.65,13.84,33431465.0
2024-05-28,878,云南铜业,SZ,13.98,14.29,13.9,13.94,55044940.0
2024-05-29,878,云南铜业,SZ,13.86,14.42,13.81,14.33,57930366.0
2024-05-30,878,云南铜业,SZ,14.17,14.25,13.61,13.67,55979647.0
2024-05-31,878,云南铜业,SZ,13.58,13.75,13.49,13.61,30668321.0
2024-06-03,878,云南铜业,SZ,13.5,13.58,13.2,13.36,42701099.0
2024-06-04,878,云南铜业,SZ,13.38,13.66,13.34,13.56,30289401.0
2024-06-05,878,云南铜业,SZ,13.27,13.36,13.11,13.16,32063846.0
2024-06-06,878,云南铜业,SZ,13.4,13.53,13.24,13.3,38907302.0
2024-06-07,878,云南铜业,SZ,13.51,13.55,13.18,13.35,25338800.0
2024-06-11,878,云南铜业,SZ,13.0,13.16,12.85,13.11,33466008.0
2024-06-12,878,云南铜业,SZ,13.08,13.32,13.04,13.24,21592565.0
2024-06-13,878,云南铜业,SZ,13.16,13.21,12.87,13.01,28639032.0
2024-06-14,878,云南铜业,SZ,12.9,13.1,12.87,13.03,22076222.0
2024-06-17,878,云南铜业,SZ,12.95,13.11,12.74,12.76,26638525.0
2024-06-18,878,云南铜业,SZ,12.83,13.02,12.75,12.95,21937115.0
2024-06-19,878,云南铜业,SZ,13.0,13.21,12.99,13.02,22825691.0
2024-06-20,878,云南铜业,SZ,13.08,13.23,12.89,12.92,23706893.0
2024-06-21,878,云南铜业,SZ,12.99,13.12,12.9,12.9,17254576.0
2024-06-24,878,云南铜业,SZ,12.67,12.75,12.5,12.57,26150360.0
2024-06-25,878,云南铜业,SZ,12.6,12.78,12.54,12.61,18678280.0
2024-06-26,878,云南铜业,SZ,12.5,12.67,12.37,12.67,24635550.0
2024-06-27,878,云南铜业,SZ,12.6,12.66,12.27,12.27,22186857.0
2024-06-28,878,云南铜业,SZ,12.28,12.62,12.28,12.46,29508410.0
2024-07-01,878,云南铜业,SZ,12.46,12.75,12.44,12.72,20801400.0
2024-07-02,878,云南铜业,SZ,12.7,12.74,12.47,12.54,19428119.0
2024-07-03,878,云南铜业,SZ,12.55,12.63,12.4,12.55,17033500.0
2024-07-04,878,云南铜业,SZ,12.75,12.85,12.31,12.33,29442619.0
2024-07-05,878,云南铜业,SZ,12.31,12.76,12.24,12.71,29642642.0
2024-07-08,878,云南铜业,SZ,12.76,12.89,12.53,12.59,34601550.0
2024-07-09,878,云南铜业,SZ,12.5,12.96,12.49,12.95,34406195.0
2024-07-10,878,云南铜业,SZ,12.86,13.03,12.49,12.52,36444946.0
2024-07-11,878,云南铜业,SZ,12.68,13.22,12.6,13.17,51168293.0
2024-07-12,878,云南铜业,SZ,13.04,13.15,12.75,12.89,42332518.0
2024-07-15,878,云南铜业,SZ,12.81,12.94,12.61,12.78,29662152.0
2024-07-16,878,云南铜业,SZ,12.69,12.76,12.55,12.74,26473652.0
2024-07-17,878,云南铜业,SZ,12.7,12.82,12.38,12.41,40664318.0
2024-07-18,878,云南铜业,SZ,12.22,12.31,11.98,12.26,40899692.0
2024-07-19,878,云南铜业,SZ,11.95,12.03,11.8,11.98,32633300.0
2024-07-22,878,云南铜业,SZ,11.91,11.99,11.74,11.87,26794764.0
2024-07-23,878,云南铜业,SZ,11.87,11.92,11.36,11.36,40021864.0
2024-07-24,878,云南铜业,SZ,11.35,11.4,11.22,11.28,24375523.0
2024-07-25,878,云南铜业,SZ,11.09,11.17,10.84,10.92,44171043.0
2024-07-26,878,云南铜业,SZ,10.97,11.32,10.96,11.15,34251033.0
2024-07-29,878,云南铜业,SZ,11.2,11.24,11.04,11.12,19368282.0
2024-07-30,878,云南铜业,SZ,11.11,11.11,10.87,10.97,23657564.0
2024-07-31,878,云南铜业,SZ,11.08,11.39,11.01,11.39,35123407.0
2024-08-01,878,云南铜业,SZ,11.57,11.65,11.33,11.38,31235173.0
2024-08-02,878,云南铜业,SZ,11.16,11.23,11.08,11.17,27644803.0
2024-08-05,878,云南铜业,SZ,11.1,11.27,10.9,10.9,28425520.0
2024-08-06,878,云南铜业,SZ,10.99,11.06,10.86,10.99,20355801.0
2024-08-07,878,云南铜业,SZ,10.94,11.18,10.89,11.03,21821941.0
2024-08-08,878,云南铜业,SZ,10.95,11.04,10.83,10.99,18737327.0
2024-08-09,878,云南铜业,SZ,11.18,11.25,11.06,11.07,23920602.0
2024-08-12,878,云南铜业,SZ,11.02,11.13,10.96,11.01,14934260.0
2024-08-13,878,云南铜业,SZ,11.07,11.12,10.9,11.04,14856773.0
2024-08-14,878,云南铜业,SZ,11.01,11.04,10.86,10.87,13891868.0
2024-08-15,878,云南铜业,SZ,10.85,11.06,10.81,11.03,19431401.0
2024-08-16,878,云南铜业,SZ,11.11,11.2,10.96,11.03,20517134.0
2024-08-19,878,云南铜业,SZ,11.01,11.29,11.01,11.18,25342087.0
2024-08-20,878,云南铜业,SZ,11.22,11.25,10.9,10.94,21987100.0
2024-08-21,878,云南铜业,SZ,10.88,11.04,10.84,11.01,13350000.0
2024-08-22,878,云南铜业,SZ,10.96,11.02,10.81,10.83,13884200.0
2024-08-23,878,云南铜业,SZ,10.77,10.89,10.68,10.87,11606901.0
2024-08-26,878,云南铜业,SZ,10.97,11.18,10.95,11.15,21966183.0
2024-08-27,878,云南铜业,SZ,11.09,11.11,10.89,10.98,16581200.0
2024-08-28,878,云南铜业,SZ,10.98,11.16,10.85,10.89,22257949.0
2024-08-29,878,云南铜业,SZ,10.82,11.06,10.75,11.02,18901520.0
2024-08-30,878,云南铜业,SZ,11.1,11.39,10.96,11.24,34535001.0
2024-09-02,878,云南铜业,SZ,11.2,11.29,11.0,11.01,25190601.0
2024-09-03,878,云南铜业,SZ,11.04,11.28,11.02,11.15,25487308.0
2024-09-04,878,云南铜业,SZ,11.03,11.05,10.78,10.81,30260965.0
2024-09-05,878,云南铜业,SZ,10.85,10.96,10.7,10.76,20831661.0
2024-09-06,878,云南铜业,SZ,10.8,10.88,10.7,10.73,16975800.0
2024-09-09,878,云南铜业,SZ,10.62,10.66,10.48,10.65,21042127.0
2024-09-10,878,云南铜业,SZ,10.67,10.73,10.49,10.69,16201389.0
2024-09-11,878,云南铜业,SZ,10.63,10.73,10.59,10.68,13895462.0
2024-09-12,878,云南铜业,SZ,10.72,10.87,10.67,10.74,15749964.0
2024-09-13,878,云南铜业,SZ,10.9,10.94,10.67,10.68,15620500.0
2024-09-18,878,云南铜业,SZ,10.71,10.9,10.61,10.89,22486556.0
2024-09-19,878,云南铜业,SZ,10.9,11.34,10.77,11.34,42408481.0
2024-09-20,878,云南铜业,SZ,11.27,11.5,11.25,11.5,33317001.0
2024-09-23,878,云南铜业,SZ,11.4,11.59,11.38,11.41,24037184.0
2024-09-24,878,云南铜业,SZ,11.52,11.88,11.47,11.84,39689001.0
2024-09-25,878,云南铜业,SZ,12.07,12.29,11.87,11.9,50080614.0
2024-09-26,878,云南铜业,SZ,11.87,12.39,11.87,12.39,41615668.0
2024-09-27,878,云南铜业,SZ,12.65,12.92,12.43,12.77,72227864.0
2024-09-30,878,云南铜业,SZ,13.2,13.95,13.07,13.92,100761588.0
2024-10-08,878,云南铜业,SZ,15.31,15.31,13.58,14.2,134845171.0
2024-10-09,878,云南铜业,SZ,13.73,13.84,13.1,13.2,85338884.0
2024-10-10,878,云南铜业,SZ,13.23,13.94,13.2,13.57,61682047.0
2024-10-11,878,云南铜业,SZ,13.68,13.69,13.16,13.31,39422721.0
2024-10-14,878,云南铜业,SZ,13.36,13.69,13.3,13.54,43217749.0
2024-10-15,878,云南铜业,SZ,13.45,13.57,13.14,13.14,38132034.0
2024-10-16,878,云南铜业,SZ,12.96,13.43,12.95,13.27,29417415.0
2024-10-17,878,云南铜业,SZ,13.33,13.47,13.07,13.07,27385678.0
2024-10-18,878,云南铜业,SZ,13.1,13.52,13.03,13.28,45591034.0
2024-10-21,878,云南铜业,SZ,13.42,13.64,13.31,13.41,48765276.0
2024-10-22,878,云南铜业,SZ,13.35,13.66,13.3,13.53,37516840.0
2024-10-23,878,云南铜业,SZ,13.53,13.65,13.4,13.53,38412196.0
2024-10-24,878,云南铜业,SZ,13.44,13.52,13.29,13.5,25832392.0
2024-10-25,878,云南铜业,SZ,13.49,13.6,13.4,13.45,30566900.0
2024-10-28,878,云南铜业,SZ,13.4,13.56,13.33,13.48,40796984.0
2024-10-29,878,云南铜业,SZ,13.49,13.54,13.25,13.26,37826876.0
2024-10-30,878,云南铜业,SZ,13.23,13.37,12.98,13.1,38185814.0
2024-10-31,878,云南铜业,SZ,13.08,13.22,13.02,13.12,31041123.0
2024-11-01,878,云南铜业,SZ,13.05,14.1,13.04,13.7,116379420.0
2024-11-04,878,云南铜业,SZ,13.83,13.97,13.45,13.97,66934119.0
2024-11-05,878,云南铜业,SZ,13.89,14.28,13.8,14.22,79887839.0
2024-11-06,878,云南铜业,SZ,14.23,14.35,14.01,14.09,75363677.0
2024-11-07,878,云南铜业,SZ,13.7,14.17,13.62,14.17,59553828.0
2024-11-08,878,云南铜业,SZ,14.52,14.64,13.91,14.05,69564510.0
2024-11-11,878,云南铜业,SZ,13.85,13.92,13.65,13.89,45748851.0
2024-11-12,878,云南铜业,SZ,13.8,14.01,13.45,13.57,48934807.0
2024-11-13,878,云南铜业,SZ,13.5,13.71,13.47,13.57,30063182.0
2024-11-14,878,云南铜业,SZ,13.55,13.68,13.22,13.27,35703354.0
2024-11-15,878,云南铜业,SZ,13.32,13.41,13.05,13.05,28619130.0
2024-11-18,878,云南铜业,SZ,13.08,13.24,12.83,12.92,38577296.0
2024-11-19,878,云南铜业,SZ,12.95,13.14,12.84,13.03,26106227.0
2024-11-20,878,云南铜业,SZ,13.05,13.14,12.98,13.06,25269200.0
2024-11-21,878,云南铜业,SZ,13.0,13.1,12.9,13.02,23824156.0
2024-11-22,878,云南铜业,SZ,13.02,13.05,12.58,12.59,33142715.0
2024-11-25,878,云南铜业,SZ,12.64,12.74,12.44,12.57,24250202.0
2024-11-26,878,云南铜业,SZ,12.52,12.65,12.45,12.46,23538112.0
2024-11-27,878,云南铜业,SZ,12.43,12.62,12.22,12.62,26326948.0
2024-11-28,878,云南铜业,SZ,12.57,12.63,12.48,12.5,21637428.0
2024-11-29,878,云南铜业,SZ,12.5,12.72,12.45,12.67,26581000.0
2024-12-02,878,云南铜业,SZ,12.63,12.86,12.6,12.8,29506990.0
2024-12-03,878,云南铜业,SZ,12.83,12.83,12.67,12.81,20036201.0
2024-12-04,878,云南铜业,SZ,12.83,12.88,12.66,12.73,23039411.0
2024-12-05,878,云南铜业,SZ,12.65,12.7,12.59,12.67,20406126.0
2024-12-06,878,云南铜业,SZ,12.66,12.94,12.64,12.9,30054687.0
2024-12-09,878,云南铜业,SZ,12.9,13.16,12.84,12.94,32215000.0
2024-12-10,878,云南铜业,SZ,13.3,13.33,12.91,12.92,39047770.0
2024-12-11,878,云南铜业,SZ,12.93,13.45,12.93,13.25,47920352.0
2024-12-12,878,云南铜业,SZ,13.25,13.35,13.18,13.3,26298398.0
2024-12-13,878,云南铜业,SZ,13.13,13.18,12.87,12.9,38697545.0
2024-12-16,878,云南铜业,SZ,12.88,12.94,12.67,12.74,21381874.0
2024-12-17,878,云南铜业,SZ,12.72,12.83,12.64,12.7,19559851.0
2024-12-18,878,云南铜业,SZ,12.74,12.78,12.63,12.68,16095265.0
2024-12-19,878,云南铜业,SZ,12.55,12.72,12.41,12.68,17631065.0
2024-12-20,878,云南铜业,SZ,12.63,12.69,12.51,12.53,20072156.0
2024-12-23,878,云南铜业,SZ,12.56,12.72,12.5,12.54,21070038.0
2024-12-24,878,云南铜业,SZ,12.53,12.7,12.49,12.68,18166850.0
2024-12-25,878,云南铜业,SZ,12.74,12.74,12.49,12.54,20885800.0
2024-12-26,878,云南铜业,SZ,12.53,12.71,12.49,12.61,15232030.0
2024-12-27,878,云南铜业,SZ,12.64,12.74,12.6,12.61,18713622.0
2024-12-30,878,云南铜业,SZ,12.61,12.66,12.56,12.65,16598243.0
2024-12-31,878,云南铜业,SZ,12.63,12.63,12.18,12.19,32912702.0
2025-01-02,878,云南铜业,SZ,12.21,12.36,11.88,11.98,26354437.0
2025-01-03,878,云南铜业,SZ,12.02,12.48,12.02,12.05,42497965.0
2025-01-06,878,云南铜业,SZ,12.08,12.46,11.9,12.28,32405084.0
2025-01-07,878,云南铜业,SZ,12.28,12.43,12.14,12.42,25351462.0
2025-01-08,878,云南铜业,SZ,12.32,12.37,11.9,12.13,30811015.0
2025-01-09,878,云南铜业,SZ,12.13,12.25,12.06,12.19,16918100.0
2025-01-10,878,云南铜业,SZ,12.19,12.39,12.1,12.12,21767666.0
2025-01-13,878,云南铜业,SZ,12.0,12.59,11.95,12.55,52585886.0
2025-01-14,878,云南铜业,SZ,12.5,12.74,12.43,12.7,44379364.0
2025-01-15,878,云南铜业,SZ,12.6,12.73,12.45,12.56,26197214.0
2025-01-16,878,云南铜业,SZ,12.7,12.89,12.59,12.72,38915361.0
2025-01-17,878,云南铜业,SZ,12.65,12.79,12.6,12.74,24430533.0
2025-01-20,878,云南铜业,SZ,12.74,12.76,12.61,12.64,20481200.0
2025-01-21,878,云南铜业,SZ,12.68,12.71,12.5,12.69,19822187.0
2025-01-22,878,云南铜业,SZ,12.67,12.7,12.51,12.59,17233973.0
2025-01-23,878,云南铜业,SZ,12.64,12.76,12.45,12.46,26191729.0
2025-01-24,878,云南铜业,SZ,12.52,12.72,12.46,12.69,26031442.0
2025-01-27,878,云南铜业,SZ,12.7,12.83,12.66,12.71,24998656.0
2025-02-05,878,云南铜业,SZ,12.78,12.8,12.56,12.64,22504069.0
2025-02-06,878,云南铜业,SZ,12.68,12.79,12.63,12.79,27787402.0
2025-02-07,878,云南铜业,SZ,12.74,13.12,12.69,13.1,43160582.0
2025-02-10,878,云南铜业,SZ,13.15,13.23,12.99,13.05,37987432.0
2025-02-11,878,云南铜业,SZ,13.03,13.46,13.0,13.22,55000956.0
2025-02-12,878,云南铜业,SZ,13.09,13.15,12.93,13.04,39076858.0
2025-02-13,878,云南铜业,SZ,13.05,13.22,12.99,13.0,29911768.0
2025-02-14,878,云南铜业,SZ,13.03,13.2,12.93,13.15,35391851.0
2025-02-17,878,云南铜业,SZ,12.99,12.99,12.74,12.81,44176803.0
2025-02-18,878,云南铜业,SZ,12.8,12.84,12.63,12.66,22889104.0
2025-02-19,878,云南铜业,SZ,12.66,12.77,12.63,12.76,21248992.0
2025-02-20,878,云南铜业,SZ,12.72,12.78,12.63,12.72,21682867.0
2025-02-21,878,云南铜业,SZ,12.74,12.95,12.71,12.76,31753359.0
2025-02-24,878,云南铜业,SZ,12.7,12.86,12.65,12.76,24125364.0
2025-02-25,878,云南铜业,SZ,12.7,12.75,12.5,12.53,24577941.0
2025-02-26,878,云南铜业,SZ,12.64,12.94,12.64,12.8,39333636.0
2025-02-27,878,云南铜业,SZ,12.85,13.02,12.62,12.72,28589867.0
2025-02-28,878,云南铜业,SZ,12.65,12.69,12.43,12.45,24556100.0
2025-03-03,878,云南铜业,SZ,12.46,12.74,12.46,12.61,25408062.0
2025-03-04,878,云南铜业,SZ,12.56,12.68,12.53,12.62,13520930.0
2025-03-05,878,云南铜业,SZ,12.62,12.86,12.5,12.85,28370147.0
2025-03-06,878,云南铜业,SZ,13.13,13.45,13.1,13.2,75594517.0
2025-03-07,878,云南铜业,SZ,13.23,13.61,13.23,13.47,65520298.0
2025-03-10,878,云南铜业,SZ,13.53,13.6,13.26,13.42,40547497.0
2025-03-11,878,云南铜业,SZ,13.18,13.45,13.13,13.45,31106021.0
2025-03-12,878,云南铜业,SZ,13.6,13.7,13.46,13.62,46899798.0
2025-03-13,878,云南铜业,SZ,13.61,13.77,13.49,13.63,40997941.0
2025-03-14,878,云南铜业,SZ,13.9,13.98,13.64,13.78,56506298.0
2025-03-17,878,云南铜业,SZ,13.7,13.82,13.6,13.63,32376450.0
2025-03-18,878,云南铜业,SZ,13.71,13.95,13.64,13.72,46792137.0
2025-03-19,878,云南铜业,SZ,13.69,13.74,13.53,13.71,26443268.0
2025-03-20,878,云南铜业,SZ,13.97,14.05,13.7,13.72,42833331.0
2025-03-21,878,云南铜业,SZ,13.6,14.0,13.57,13.66,51854788.0
2025-03-24,878,云南铜业,SZ,13.72,14.58,13.66,14.26,125193926.0
2025-03-25,878,云南铜业,SZ,14.3,14.86,14.18,14.38,136759390.0
2025-03-26,878,云南铜业,SZ,14.29,14.88,13.92,13.95,178118966.0
2025-03-27,878,云南铜业,SZ,13.6,13.77,13.35,13.38,106353428.0
2025-03-28,878,云南铜业,SZ,13.29,13.48,13.06,13.19,61965042.0
2025-03-31,878,云南铜业,SZ,13.14,13.17,12.77,12.93,54702373.0
2025-04-01,878,云南铜业,SZ,12.97,13.08,12.9,13.0,38364226.0
2025-04-02,878,云南铜业,SZ,13.01,13.23,12.9,12.95,43304261.0
2025-04-03,878,云南铜业,SZ,12.74,12.88,12.66,12.73,41044245.0
2025-04-07,878,云南铜业,SZ,11.48,11.57,11.46,11.46,47051700.0
2025-04-08,878,云南铜业,SZ,11.2,11.27,10.78,10.98,79710865.0
2025-04-09,878,云南铜业,SZ,10.73,11.12,10.48,11.07,58817170.0
2025-04-10,878,云南铜业,SZ,11.35,11.55,11.22,11.39,59113386.0
2025-04-11,878,云南铜业,SZ,11.28,11.45,11.23,11.37,33588285.0
2025-04-14,878,云南铜业,SZ,11.53,11.72,11.48,11.56,43340688.0
2025-04-15,878,云南铜业,SZ,11.56,11.6,11.4,11.48,22031500.0
2025-04-16,878,云南铜业,SZ,11.44,11.51,11.21,11.32,27660845.0
2025-04-17,878,云南铜业,SZ,11.44,11.49,11.3,11.31,25346070.0
2025-04-18,878,云南铜业,SZ,11.3,11.4,11.22,11.37,19400754.0
2025-04-21,878,云南铜业,SZ,11.36,11.7,11.33,11.67,32789679.0
2025-04-22,878,云南铜业,SZ,11.65,11.81,11.61,11.73,30544882.0
2025-04-23,878,云南铜业,SZ,11.84,11.88,11.69,11.72,29015300.0
2025-04-24,878,云南铜业,SZ,11.73,11.78,11.58,11.61,23165600.0
2025-04-25,878,云南铜业,SZ,11.71,11.94,11.7,11.77,40661649.0
2025-04-28,878,云南铜业,SZ,11.74,11.77,11.6,11.72,19125311.0
2025-04-29,878,云南铜业,SZ,11.69,11.76,11.63,11.68,15389418.0
2025-04-30,878,云南铜业,SZ,11.67,11.74,11.63,11.64,16965308.0
2025-05-06,878,云南铜业,SZ,11.67,11.85,11.67,11.85,25580712.0
2025-05-07,878,云南铜业,SZ,11.96,12.03,11.83,11.92,27533120.0
2025-05-08,878,云南铜业,SZ,11.84,12.02,11.81,11.98,20037800.0
2025-05-09,878,云南铜业,SZ,11.97,12.01,11.86,11.93,17743028.0
2025-05-12,878,云南铜业,SZ,11.99,12.11,11.96,12.1,20711443.0
2025-05-13,878,云南铜业,SZ,12.1,12.1,12.1,12.1,
2025-05-14,878,云南铜业,SZ,12.1,12.1,12.1,12.1,
2025-05-15,878,云南铜业,SZ,12.1,12.1,12.1,12.1,
2025-05-16,878,云南铜业,SZ,12.1,12.1,12.1,12.1,
2025-05-19,878,云南铜业,SZ,12.1,12.1,12.1,12.1,
2025-05-20,878,云南铜业,SZ,12.1,12.1,12.1,12.1,
2025-05-21,878,云南铜业,SZ,12.1,12.1,12.1,12.1,
2025-05-22,878,云南铜业,SZ,12.1,12.1,12.1,12.1,
2025-05-23,878,云南铜业,SZ,12.1,12.1,12.1,12.1,
2025-05-26,878,云南铜业,SZ,12.5,12.5,11.52,11.93,74991096.0
2025-05-27,878,云南铜业,SZ,11.93,11.96,11.64,11.72,38019536.0
2025-05-28,878,云南铜业,SZ,11.71,11.85,11.69,11.71,22406687.0
2025-05-29,878,云南铜业,SZ,11.73,11.9,11.69,11.89,23230048.0
2025-05-30,878,云南铜业,SZ,11.68,11.68,11.49,11.53,19750300.0
2025-06-03,878,云南铜业,SZ,11.53,11.65,11.53,11.62,19896544.0
2025-06-04,878,云南铜业,SZ,11.62,11.92,11.62,11.89,27279598.0
2025-06-05,878,云南铜业,SZ,11.89,11.91,11.78,11.82,17001035.0
2025-06-06,878,云南铜业,SZ,11.89,12.06,11.89,11.97,28471856.0
2025-06-09,878,云南铜业,SZ,11.94,12.07,11.85,12.02,23999704.0
2025-06-10,878,云南铜业,SZ,12.02,12.06,11.86,11.95,27707853.0
2025-06-11,878,云南铜业,SZ,11.95,12.16,11.94,12.09,31822674.0
2025-06-12,878,云南铜业,SZ,12.07,12.13,12.01,12.09,23100518.0
2025-06-13,878,云南铜业,SZ,12.1,12.17,11.97,12.02,32246853.0
2025-06-16,878,云南铜业,SZ,11.96,12.07,11.93,11.97,20835755.0
2025-06-17,878,云南铜业,SZ,11.97,12.01,11.91,11.95,13694254.0
2025-06-18,878,云南铜业,SZ,11.97,11.97,11.81,11.94,18088500.0
2025-06-19,878,云南铜业,SZ,11.86,11.91,11.7,11.74,21105267.0
2025-06-20,878,云南铜业,SZ,11.74,11.8,11.68,11.68,13583200.0
2025-06-23,878,云南铜业,SZ,11.67,11.78,11.66,11.74,14292043.0
2025-06-24,878,云南铜业,SZ,11.78,11.99,11.74,11.93,22782436.0
2025-06-25,878,云南铜业,SZ,11.98,12.08,11.92,12.06,25330272.0
2025-06-26,878,云南铜业,SZ,12.04,12.19,12.02,12.08,26644091.0
2025-06-27,878,云南铜业,SZ,12.26,12.79,12.26,12.62,78838994.0
2025-06-30,878,云南铜业,SZ,12.89,12.99,12.63,12.72,73517404.0
2025-07-01,878,云南铜业,SZ,12.66,12.99,12.48,12.99,70920497.0
2025-07-02,878,云南铜业,SZ,12.81,13.64,12.76,13.25,126928173.0
2025-07-03,878,云南铜业,SZ,13.25,13.44,13.09,13.19,68279680.0
2025-07-04,878,云南铜业,SZ,13.07,13.12,12.81,12.84,67917631.0
2025-07-07,878,云南铜业,SZ,12.76,12.89,12.68,12.78,28887348.0
2025-07-08,878,云南铜业,SZ,12.78,12.89,12.77,12.83,32479179.0
2025-07-09,878,云南铜业,SZ,13.2,13.2,12.66,12.71,68802784.0
2025-07-10,878,云南铜业,SZ,12.67,12.83,12.66,12.81,40291081.0
2025-07-11,878,云南铜业,SZ,12.8,13.2,12.76,13.03,74757456.0
2025-07-14,878,云南铜业,SZ,13.03,13.2,13.03,13.05,49392569.0
2025-07-15,878,云南铜业,SZ,12.93,13.1,12.83,12.92,38966214.0
2025-07-16,878,云南铜业,SZ,12.89,12.96,12.72,12.79,24517934.0
2025-07-17,878,云南铜业,SZ,12.78,12.83,12.71,12.81,22599969.0
2025-07-18,878,云南铜业,SZ,12.88,13.07,12.84,12.97,41068181.0
2025-07-21,878,云南铜业,SZ,13.08,13.53,13.06,13.51,74454429.0
2025-07-22,878,云南铜业,SZ,13.4,13.95,13.35,13.94,93447814.0
2025-07-23,878,云南铜业,SZ,13.87,13.87,13.6,13.62,66349849.0
2025-07-24,878,云南铜业,SZ,13.6,14.09,13.59,14.05,82395624.0
2025-07-25,878,云南铜业,SZ,13.92,13.95,13.74,13.79,51108690.0
2025-07-28,878,云南铜业,SZ,13.68,13.83,13.48,13.76,48837042.0
2025-07-29,878,云南铜业,SZ,13.71,13.75,13.51,13.64,33707072.0
2025-07-30,878,云南铜业,SZ,13.65,13.76,13.37,13.5,41606968.0
2025-07-31,878,云南铜业,SZ,13.2,13.28,12.9,12.95,64125527.0
2025-08-01,878,云南铜业,SZ,12.97,13.1,12.91,12.97,27565398.0
2025-08-04,878,云南铜业,SZ,12.92,13.08,12.92,13.06,26281136.0
2025-08-05,878,云南铜业,SZ,13.09,13.28,13.02,13.19,33408149.0
2025-08-06,878,云南铜业,SZ,13.11,13.65,13.09,13.53,63817906.0
2025-08-07,878,云南铜业,SZ,13.5,13.56,13.24,13.43,35676240.0
2025-08-08,878,云南铜业,SZ,13.35,13.63,13.35,13.58,35816746.0
2025-08-11,878,云南铜业,SZ,13.64,13.7,13.52,13.65,36987732.0
2025-08-12,878,云南铜业,SZ,13.55,13.65,13.46,13.62,39557157.0
2025-08-13,878,云南铜业,SZ,13.65,13.96,13.65,13.85,59958052.0
2025-08-14,878,云南铜业,SZ,13.76,14.22,13.67,13.71,65782526.0
2025-08-15,878,云南铜业,SZ,13.65,14.24,13.62,14.08,70451985.0
2025-08-18,878,云南铜业,SZ,14.08,14.12,13.81,13.89,68376270.0
2025-08-19,878,云南铜业,SZ,13.87,13.95,13.64,13.76,59570458.0
2025-08-20,878,云南铜业,SZ,13.66,14.0,13.66,13.88,46480558.0
2025-08-21,878,云南铜业,SZ,13.87,14.02,13.68,13.75,42119208.0
2025-08-22,878,云南铜业,SZ,13.7,13.88,13.66,13.86,41977570.0
2025-08-25,878,云南铜业,SZ,14.12,15.0,14.12,14.7,146801814.0
2025-08-26,878,云南铜业,SZ,14.8,15.07,14.7,14.83,96547526.0
2025-08-27,878,云南铜业,SZ,14.74,15.02,14.32,14.35,78299988.0
2025-08-28,878,云南铜业,SZ,14.31,14.48,13.97,14.39,66359078.0
2025-08-29,878,云南铜业,SZ,14.51,15.28,14.5,14.86,103903107.0
2025-09-01,878,云南铜业,SZ,15.26,15.3,14.9,15.23,124871675.0
2025-09-02,878,云南铜业,SZ,15.42,15.56,14.97,15.16,119828746.0
2025-09-03,878,云南铜业,SZ,15.5,15.77,14.76,14.94,111050150.0
2025-09-04,878,云南铜业,SZ,14.94,15.34,14.3,14.57,102639803.0
2025-09-05,878,云南铜业,SZ,14.53,15.19,14.51,15.13,75773036.0
2025-09-08,878,云南铜业,SZ,15.18,15.25,14.82,14.91,72838951.0
2025-09-09,878,云南铜业,SZ,14.89,15.55,14.83,15.15,104877183.0
2025-09-10,878,云南铜业,SZ,14.98,15.18,14.78,15.12,61108389.0
2025-09-11,878,云南铜业,SZ,15.2,15.4,15.07,15.35,82282478.0
2025-09-12,878,云南铜业,SZ,15.69,16.89,15.67,16.69,223792488.0
2025-09-15,878,云南铜业,SZ,16.58,16.9,16.36,16.39,139387058.0
2025-09-16,878,云南铜业,SZ,16.64,16.75,15.5,15.96,154444358.0
2025-09-17,878,云南铜业,SZ,15.8,16.78,15.68,16.54,147974620.0
2025-09-18,878,云南铜业,SZ,15.96,15.96,15.3,15.51,149033630.0
2025-09-19,878,云南铜业,SZ,15.41,15.65,15.25,15.58,70247771.0
2025-09-22,878,云南铜业,SZ,15.66,15.74,15.08,15.38,66646807.0
2025-09-23,878,云南铜业,SZ,15.31,15.57,14.77,15.05,68252484.0
2025-09-24,878,云南铜业,SZ,14.95,15.17,14.86,15.16,52416251.0
2025-09-25,878,云南铜业,SZ,16.05,16.25,15.62,15.79,156369482.0
2025-09-26,878,云南铜业,SZ,15.76,16.66,15.76,16.01,131519688.0
2025-09-29,878,云南铜业,SZ,16.26,16.34,15.83,16.27,111490803.0
2025-09-30,878,云南铜业,SZ,16.62,17.67,16.5,17.48,165073807.0
2025-10-09,878,云南铜业,SZ,18.85,19.23,18.36,19.23,152400071.0
2025-10-10,878,云南铜业,SZ,19.4,20.82,19.23,19.58,261984912.0
2025-10-13,878,云南铜业,SZ,18.79,19.42,18.36,19.05,208466369.0
2025-10-14,878,云南铜业,SZ,19.65,19.8,18.18,18.29,171095103.0
2025-10-15,878,云南铜业,SZ,18.63,18.7,18.07,18.56,95928836.0
2025-10-16,878,云南铜业,SZ,18.51,18.95,18.2,18.34,98950434.0
2025-10-17,878,云南铜业,SZ,18.6,18.71,17.77,17.82,89081341.0
2025-10-20,878,云南铜业,SZ,18.14,18.4,17.67,17.94,75341023.0
2025-10-21,878,云南铜业,SZ,18.1,18.43,17.95,18.19,71213174.0
2025-10-22,878,云南铜业,SZ,17.33,17.84,17.25,17.73,70077960.0
2025-10-23,878,云南铜业,SZ,17.68,17.94,17.23,17.91,58121073.0
2025-10-24,878,云南铜业,SZ,18.18,18.6,18.05,18.59,85589264.0
2025-10-27,878,云南铜业,SZ,18.56,19.04,18.39,18.64,151243736.0
2025-10-28,878,云南铜业,SZ,18.3,18.33,17.57,17.59,105489584.0
2025-10-29,878,云南铜业,SZ,17.75,18.62,17.75,18.51,100694058.0
2025-10-30,878,云南铜业,SZ,18.33,19.0,18.16,18.57,118441547.0
2025-10-31,878,云南铜业,SZ,18.22,18.48,18.01,18.04,72111601.0
2025-11-03,878,云南铜业,SZ,17.99,18.0,16.83,17.37,96110466.0
2025-11-04,878,云南铜业,SZ,17.16,17.25,16.65,16.81,61469315.0
2025-11-05,878,云南铜业,SZ,16.5,17.02,16.4,16.91,49454650.0
2025-11-06,878,云南铜业,SZ,16.91,17.64,16.91,17.63,73443833.0
2025-11-07,878,云南铜业,SZ,17.4,17.6,17.26,17.42,40689343.0
2025-11-10,878,云南铜业,SZ,17.6,17.8,17.3,17.48,53491131.0
2025-11-11,878,云南铜业,SZ,17.69,17.74,17.22,17.27,44374208.0
2025-11-12,878,云南铜业,SZ,17.17,17.65,16.95,17.33,53472015.0
2025-11-13,878,云南铜业,SZ,17.45,18.11,17.4,17.98,90955028.0
2025-11-14,878,云南铜业,SZ,17.7,17.88,17.5,17.64,47084656.0
2025-11-17,878,云南铜业,SZ,17.5,17.55,17.15,17.37,46425160.0
2025-11-18,878,云南铜业,SZ,17.26,17.3,16.82,16.96,49653860.0
2025-11-19,878,云南铜业,SZ,16.96,17.26,16.81,17.1,42142341.0
2025-11-20,878,云南铜业,SZ,17.2,17.5,16.96,16.98,45326413.0
2025-11-21,878,云南铜业,SZ,16.66,16.69,15.95,15.95,68265480.0
2025-11-24,878,云南铜业,SZ,16.1,16.27,15.88,16.18,35803646.0
2025-11-25,878,云南铜业,SZ,16.3,16.49,16.25,16.32,35465328.0
2025-11-26,878,云南铜业,SZ,16.32,16.59,16.27,16.33,36772419.0
2025-11-27,878,云南铜业,SZ,16.51,16.76,16.28,16.34,36208489.0
2025-11-28,878,云南铜业,SZ,16.36,16.63,16.3,16.62,33601155.0
2025-12-01,878,云南铜业,SZ,17.4,18.12,17.4,17.84,108485225.0
2025-12-02,878,云南铜业,SZ,17.71,17.84,17.48,17.83,52049124.0
2025-12-03,878,云南铜业,SZ,17.8,18.1,17.61,17.82,55122254.0
2025-12-04,878,云南铜业,SZ,18.36,18.46,17.9,17.95,80330766.0
2025-12-05,878,云南铜业,SZ,17.81,18.49,17.8,18.49,94167995.0
2025-12-08,878,云南铜业,SZ,18.5,18.77,18.1,18.61,98709324.0
2025-12-09,878,云南铜业,SZ,18.31,18.35,17.69,17.8,77250282.0
2025-12-10,878,云南铜业,SZ,17.93,18.0,17.58,17.81,47988335.0
2025-12-11,878,云南铜业,SZ,17.96,18.05,17.35,17.39,55430944.0
2025-12-12,878,云南铜业,SZ,17.7,17.77,17.52,17.65,44833080.0
2025-12-15,878,云南铜业,SZ,17.3,17.64,17.25,17.36,36831455.0
2025-12-16,878,云南铜业,SZ,17.32,17.4,16.65,16.76,47238734.0
2025-12-17,878,云南铜业,SZ,16.82,17.4,16.73,17.26,46705652.0
2025-12-18,878,云南铜业,SZ,17.2,17.62,17.1,17.27,37343175.0
2025-12-19,878,云南铜业,SZ,17.25,17.83,17.15,17.77,54561758.0
2025-12-22,878,云南铜业,SZ,17.91,18.16,17.9,18.09,59069653.0
2025-12-23,878,云南铜业,SZ,18.12,18.38,17.9,18.1,53568914.0
2025-12-24,878,云南铜业,SZ,18.39,18.45,18.11,18.34,53595008.0
2025-12-25,878,云南铜业,SZ,18.16,18.48,17.91,18.31,49574110.0
2025-12-26,878,云南铜业,SZ,18.57,19.9,18.53,19.71,158271342.0
2025-12-29,878,云南铜业,SZ,20.01,20.08,19.27,19.3,145837576.0
2025-12-30,878,云南铜业,SZ,18.5,19.66,18.46,19.44,105156175.0
2025-12-31,878,云南铜业,SZ,19.49,20.94,19.36,20.51,167617696.0
2026-01-05,878,云南铜业,SZ,20.66,20.89,20.04,20.34,130288654.0
2026-01-06,878,云南铜业,SZ,20.75,21.74,20.65,21.25,136747642.0
2026-01-07,878,云南铜业,SZ,21.03,21.14,20.5,20.72,122458988.0
2026-01-08,878,云南铜业,SZ,20.46,21.3,20.44,20.82,106298991.0
2026-01-09,878,云南铜业,SZ,20.55,22.55,20.53,22.18,158761002.0
2026-01-12,878,云南铜业,SZ,22.66,22.69,21.78,22.17,127240534.0
2026-01-13,878,云南铜业,SZ,22.11,22.87,21.91,22.08,118688179.0
2026-01-14,878,云南铜业,SZ,22.2,23.25,22.02,22.87,157707489.0
2026-01-15,878,云南铜业,SZ,22.68,23.95,22.38,22.94,148061960.0
2026-01-16,878,云南铜业,SZ,22.72,23.93,22.6,22.73,150135103.0
2026-01-19,878,云南铜业,SZ,22.61,22.69,21.2,21.88,129549643.0
2026-01-20,878,云南铜业,SZ,21.96,22.2,20.9,21.7,114220970.0
2026-01-21,878,云南铜业,SZ,21.68,22.45,21.43,22.31,95147742.0
2026-01-22,878,云南铜业,SZ,22.1,22.35,21.85,22.26,63967034.0
2026-01-23,878,云南铜业,SZ,22.61,23.88,22.24,23.51,126728379.0
2026-01-26,878,云南铜业,SZ,24.37,25.34,24.3,25.15,169618140.0
2026-01-27,878,云南铜业,SZ,24.35,24.88,23.81,24.35,137588970.0
2026-01-28,878,云南铜业,SZ,24.73,26.79,23.98,26.79,192643040.0
2026-01-29,878,云南铜业,SZ,27.58,29.47,26.01,29.47,272309953.0
2026-01-30,878,云南铜业,SZ,27.65,29.18,26.52,26.52,170511334.0
2026-02-02,878,云南铜业,SZ,23.87,23.87,23.87,23.87,17277200.0
2026-02-03,878,云南铜业,SZ,22.88,25.06,22.57,24.69,200083199.0
2026-02-04,878,云南铜业,SZ,25.0,25.32,24.06,24.41,119446421.0
2026-02-05,878,云南铜业,SZ,23.59,24.06,22.61,23.0,109745148.0
2026-02-06,878,云南铜业,SZ,21.98,23.15,21.76,22.61,90230534.0
2026-02-09,878,云南铜业,SZ,23.05,23.17,22.7,22.8,64712644.0
2026-02-10,878,云南铜业,SZ,22.9,23.22,22.56,22.62,57868597.0
2026-02-11,878,云南铜业,SZ,22.55,23.25,22.53,22.87,59695462.0
2026-02-12,878,云南铜业,SZ,22.88,23.56,22.78,23.01,65812176.0
2026-02-13,878,云南铜业,SZ,22.5,22.88,22.35,22.38,58388872.0
2026-02-24,878,云南铜业,SZ,22.95,23.73,22.9,23.47,84739841.0
2026-02-25,878,云南铜业,SZ,23.54,24.96,23.32,24.42,98353146.0
2026-02-26,878,云南铜业,SZ,24.46,24.61,24.03,24.17,69888966.0
2026-02-27,878,云南铜业,SZ,24.0,25.7,23.95,25.6,111952888.0
2026-03-02,878,云南铜业,SZ,25.73,27.01,24.72,26.69,138888199.0
2026-03-03,878,云南铜业,SZ,26.0,26.32,24.6,24.65,119286694.0
2026-03-04,878,云南铜业,SZ,23.97,25.12,23.8,24.03,82739330.0
2026-03-05,878,云南铜业,SZ,24.52,24.57,23.58,23.89,68770380.0
2026-03-06,878,云南铜业,SZ,23.65,23.9,23.05,23.4,54477109.0
2026-03-09,878,云南铜业,SZ,22.76,23.24,22.1,23.12,69811989.0
2026-03-10,878,云南铜业,SZ,23.59,23.69,23.14,23.36,41224618.0
2026-03-11,878,云南铜业,SZ,23.37,23.59,23.06,23.13,39818608.0
2026-03-12,878,云南铜业,SZ,22.95,23.37,22.63,23.02,48032646.0
2026-03-13,878,云南铜业,SZ,22.76,23.47,22.3,22.45,55371480.0
2026-03-16,878,云南铜业,SZ,22.0,22.06,20.7,21.3,92519764.0
2026-03-17,878,云南铜业,SZ,21.53,21.56,20.74,20.82,50340335.0
2026-03-18,878,云南铜业,SZ,20.97,20.97,20.29,20.48,50776819.0
2026-03-19,878,云南铜业,SZ,19.9,20.04,18.93,19.03,91683143.0
2026-03-20,878,云南铜业,SZ,19.33,19.48,18.69,18.7,59789921.0
2026-03-23,878,云南铜业,SZ,18.38,18.65,17.65,17.77,74149601.0
2026-03-24,878,云南铜业,SZ,18.23,18.39,17.76,18.38,57390010.0
2026-03-25,878,云南铜业,SZ,18.8,19.03,18.53,18.63,70699702.0
2026-03-26,878,云南铜业,SZ,18.55,18.74,18.22,18.35,38149070.0
2026-03-27,878,云南铜业,SZ,17.6,18.52,17.53,18.47,52457771.0
2026-03-30,878,云南铜业,SZ,18.29,18.48,18.02,18.38,36370151.0
2026-03-31,878,云南铜业,SZ,18.45,18.62,18.0,18.03,35861186.0
2026-04-01,878,云南铜业,SZ,18.66,18.8,18.31,18.52,43806952.0
2026-04-02,878,云南铜业,SZ,18.42,18.47,17.7,17.85,41388509.0
2026-04-03,878,云南铜业,SZ,17.92,17.99,17.38,17.4,29359833.0
2022-01-04,300229,拓尔思,SZ,10.38,10.62,10.36,10.56,21651452.0
2022-01-05,300229,拓尔思,SZ,10.55,10.72,10.27,10.47,21093013.0
2022-01-06,300229,拓尔思,SZ,10.39,10.51,10.28,10.33,11886003.0
2022-01-07,300229,拓尔思,SZ,10.37,10.65,10.18,10.2,14913934.0
2022-01-10,300229,拓尔思,SZ,10.2,10.78,10.08,10.69,21837001.0
2022-01-11,300229,拓尔思,SZ,10.83,10.83,10.52,10.73,16680740.0
2022-01-12,300229,拓尔思,SZ,10.82,10.95,10.68,10.93,17450256.0
2022-01-13,300229,拓尔思,SZ,11.01,11.18,10.88,11.0,19045821.0
2022-01-14,300229,拓尔思,SZ,10.94,11.44,10.9,11.41,22498766.0
2022-01-17,300229,拓尔思,SZ,11.51,12.05,11.47,11.65,33257929.0
2022-01-18,300229,拓尔思,SZ,11.53,11.96,11.43,11.48,29471966.0
2022-01-19,300229,拓尔思,SZ,11.21,11.74,11.21,11.67,20100887.0
2022-01-20,300229,拓尔思,SZ,11.7,12.18,11.36,11.93,27155900.0
2022-01-21,300229,拓尔思,SZ,11.75,11.9,11.45,11.71,19931149.0
2022-01-24,300229,拓尔思,SZ,11.51,11.93,11.45,11.93,17860258.0
2022-01-25,300229,拓尔思,SZ,11.84,11.92,11.2,11.26,22013155.0
2022-01-26,300229,拓尔思,SZ,11.31,11.66,11.0,11.36,22562048.0
2022-01-27,300229,拓尔思,SZ,11.11,11.24,10.45,10.48,23543403.0
2022-01-28,300229,拓尔思,SZ,10.6,11.42,10.6,10.95,20567616.0
2022-02-07,300229,拓尔思,SZ,11.2,11.29,10.61,10.82,12101400.0
2022-02-08,300229,拓尔思,SZ,10.91,11.54,10.73,11.39,20947550.0
2022-02-09,300229,拓尔思,SZ,11.38,11.72,11.32,11.63,16468508.0
2022-02-10,300229,拓尔思,SZ,11.5,11.61,11.38,11.54,10080064.0
2022-02-11,300229,拓尔思,SZ,11.51,11.53,10.97,11.07,16355932.0
2022-02-14,300229,拓尔思,SZ,11.0,11.07,10.75,10.81,9836050.0
2022-02-15,300229,拓尔思,SZ,10.96,11.07,10.66,10.78,9580423.0
2022-02-16,300229,拓尔思,SZ,11.1,11.24,10.77,10.84,9378750.0
2022-02-17,300229,拓尔思,SZ,10.82,11.05,10.66,10.78,8716600.0
2022-02-18,300229,拓尔思,SZ,10.78,11.46,10.76,11.38,19880581.0
2022-02-21,300229,拓尔思,SZ,11.39,11.93,11.3,11.8,19761580.0
2022-02-22,300229,拓尔思,SZ,11.68,11.9,11.53,11.75,19702767.0
2022-02-23,300229,拓尔思,SZ,11.8,12.21,11.7,12.07,23203664.0
2022-02-24,300229,拓尔思,SZ,12.0,12.18,11.22,11.44,25157105.0
2022-02-25,300229,拓尔思,SZ,11.7,11.85,11.41,11.47,13317662.0
2022-02-28,300229,拓尔思,SZ,11.47,11.63,11.17,11.46,12106100.0
2022-03-01,300229,拓尔思,SZ,11.52,11.59,11.32,11.42,7530703.0
2022-03-02,300229,拓尔思,SZ,11.35,11.63,11.3,11.6,8961997.0
2022-03-03,300229,拓尔思,SZ,11.57,11.65,11.1,11.16,12699727.0
2022-03-04,300229,拓尔思,SZ,11.05,11.16,10.85,11.03,9108746.0
2022-03-07,300229,拓尔思,SZ,10.98,11.02,10.75,10.8,7975384.0
2022-03-08,300229,拓尔思,SZ,10.8,10.98,10.36,10.41,11201896.0
2022-03-09,300229,拓尔思,SZ,10.5,10.55,9.76,10.27,12045719.0
2022-03-10,300229,拓尔思,SZ,10.5,10.88,10.33,10.49,10227069.0
2022-03-11,300229,拓尔思,SZ,10.49,10.88,10.2,10.82,14490892.0
2022-03-14,300229,拓尔思,SZ,10.76,10.77,10.28,10.29,10648386.0
2022-03-15,300229,拓尔思,SZ,10.26,10.47,9.88,9.9,11192187.0
2022-03-16,300229,拓尔思,SZ,10.1,10.45,9.73,10.35,12913062.0
2022-03-17,300229,拓尔思,SZ,10.51,10.68,10.31,10.43,12779442.0
2022-03-18,300229,拓尔思,SZ,10.39,10.4,10.16,10.34,8033782.0
2022-03-21,300229,拓尔思,SZ,10.3,11.22,10.28,10.98,23020998.0
2022-03-22,300229,拓尔思,SZ,11.0,11.02,10.71,10.73,12327401.0
2022-03-23,300229,拓尔思,SZ,10.82,11.85,10.71,11.7,30623516.0
2022-03-24,300229,拓尔思,SZ,11.6,11.8,11.08,11.2,26823937.0
2022-03-25,300229,拓尔思,SZ,11.33,11.37,10.85,10.98,16001949.0
2022-03-28,300229,拓尔思,SZ,11.1,11.48,10.9,11.13,17834349.0
2022-03-29,300229,拓尔思,SZ,11.02,11.25,10.83,10.85,12792329.0
2022-03-30,300229,拓尔思,SZ,10.89,11.19,10.83,10.95,9275247.0
2022-03-31,300229,拓尔思,SZ,10.94,11.15,10.78,11.13,10887239.0
2022-04-01,300229,拓尔思,SZ,11.02,11.34,10.84,11.18,12462109.0
2022-04-06,300229,拓尔思,SZ,11.33,11.35,11.0,11.1,10755341.0
2022-04-07,300229,拓尔思,SZ,10.97,11.02,10.34,10.37,16075468.0
2022-04-08,300229,拓尔思,SZ,10.38,10.48,10.14,10.27,7652631.0
2022-04-11,300229,拓尔思,SZ,10.18,10.41,9.99,10.04,6845400.0
2022-04-12,300229,拓尔思,SZ,10.05,10.53,10.03,10.52,8084262.0
2022-04-13,300229,拓尔思,SZ,10.4,10.6,10.19,10.41,7549583.0
2022-04-14,300229,拓尔思,SZ,10.36,10.58,10.26,10.38,4929834.0
2022-04-15,300229,拓尔思,SZ,10.26,10.33,9.87,10.09,7993408.0
2022-04-18,300229,拓尔思,SZ,10.0,10.89,9.78,10.52,10364858.0
2022-04-19,300229,拓尔思,SZ,10.53,10.74,10.44,10.58,6751840.0
2022-04-20,300229,拓尔思,SZ,10.83,11.06,10.6,10.74,14306170.0
2022-04-21,300229,拓尔思,SZ,10.64,10.81,10.2,10.33,10872407.0
2022-04-22,300229,拓尔思,SZ,10.27,10.51,10.06,10.32,6310404.0
2022-04-25,300229,拓尔思,SZ,10.1,10.17,9.62,9.91,9336200.0
2022-04-26,300229,拓尔思,SZ,9.99,10.17,9.69,9.81,7895259.0
2022-04-27,300229,拓尔思,SZ,9.81,10.18,9.66,10.12,8141314.0
2022-04-28,300229,拓尔思,SZ,10.03,10.08,9.68,9.79,8336025.0
2022-04-29,300229,拓尔思,SZ,9.95,10.55,9.9,10.52,12565752.0
2022-05-05,300229,拓尔思,SZ,10.45,10.6,10.33,10.37,9447188.0
2022-05-06,300229,拓尔思,SZ,10.14,10.62,9.99,10.42,10211291.0
2022-05-09,300229,拓尔思,SZ,10.32,10.64,10.2,10.44,9399191.0
2022-05-10,300229,拓尔思,SZ,10.24,10.7,10.15,10.6,9879093.0
2022-05-11,300229,拓尔思,SZ,10.64,10.97,10.52,10.6,15790057.0
2022-05-12,300229,拓尔思,SZ,10.52,10.68,10.3,10.53,11067100.0
2022-05-13,300229,拓尔思,SZ,10.56,10.62,10.37,10.46,7429334.0
2022-05-16,300229,拓尔思,SZ,10.5,10.84,10.35,10.84,14181814.0
2022-05-17,300229,拓尔思,SZ,10.87,10.93,10.61,10.88,12360341.0
2022-05-18,300229,拓尔思,SZ,10.97,11.21,10.73,10.73,13679327.0
2022-05-19,300229,拓尔思,SZ,10.53,11.1,10.46,10.9,14142225.0
2022-05-20,300229,拓尔思,SZ,10.86,11.05,10.79,11.0,11789515.0
2022-05-23,300229,拓尔思,SZ,11.01,11.15,10.9,11.12,14470663.0
2022-05-24,300229,拓尔思,SZ,11.08,11.12,10.5,10.5,20404850.0
2022-05-25,300229,拓尔思,SZ,10.43,10.6,10.32,10.54,8865281.0
2022-05-26,300229,拓尔思,SZ,10.54,10.76,10.32,10.64,9425920.0
2022-05-27,300229,拓尔思,SZ,10.62,10.68,10.35,10.48,9238248.0
2022-05-30,300229,拓尔思,SZ,10.53,10.53,10.25,10.38,8156774.0
2022-05-31,300229,拓尔思,SZ,10.35,10.6,10.3,10.57,7761460.0
2022-06-01,300229,拓尔思,SZ,10.55,11.08,10.5,11.01,21631439.0
2022-06-02,300229,拓尔思,SZ,11.01,11.14,10.92,11.06,14862150.0
2022-06-06,300229,拓尔思,SZ,11.1,11.28,11.05,11.16,15118676.0
2022-06-07,300229,拓尔思,SZ,11.23,11.23,10.96,11.16,12212048.0
2022-06-08,300229,拓尔思,SZ,11.12,11.32,10.9,11.2,12646117.0
2022-06-09,300229,拓尔思,SZ,11.15,11.25,10.9,10.9,9680050.0
2022-06-10,300229,拓尔思,SZ,10.9,11.06,10.81,10.97,13917326.0
2022-06-13,300229,拓尔思,SZ,10.85,10.99,10.8,10.9,9231950.0
2022-06-14,300229,拓尔思,SZ,10.78,10.93,10.38,10.91,16695200.0
2022-06-15,300229,拓尔思,SZ,10.92,11.31,10.83,11.0,18544989.0
2022-06-16,300229,拓尔思,SZ,10.94,11.5,10.89,11.3,22833810.0
2022-06-17,300229,拓尔思,SZ,11.28,11.28,11.06,11.24,10975826.0
2022-06-20,300229,拓尔思,SZ,11.25,11.3,11.1,11.2,12229894.0
2022-06-21,300229,拓尔思,SZ,11.24,11.4,11.06,11.28,14993294.0
2022-06-22,300229,拓尔思,SZ,11.25,11.27,10.79,10.82,13925113.0
2022-06-23,300229,拓尔思,SZ,10.89,11.15,10.81,11.07,10387700.0
2022-06-24,300229,拓尔思,SZ,11.3,11.83,11.15,11.33,36058115.0
2022-06-27,300229,拓尔思,SZ,11.44,11.49,11.03,11.22,21664448.0
2022-06-28,300229,拓尔思,SZ,11.18,11.68,11.09,11.56,29281022.0
2022-06-29,300229,拓尔思,SZ,11.49,11.67,11.3,11.42,22833980.0
2022-06-30,300229,拓尔思,SZ,11.78,11.95,11.22,11.35,29155059.0
2022-07-01,300229,拓尔思,SZ,11.47,11.52,11.11,11.26,13405296.0
2022-07-04,300229,拓尔思,SZ,11.31,11.47,11.08,11.22,12699879.0
2022-07-05,300229,拓尔思,SZ,11.21,11.26,10.79,10.95,18131550.0
2022-07-06,300229,拓尔思,SZ,10.93,11.12,10.85,11.03,10155119.0
2022-07-07,300229,拓尔思,SZ,11.15,11.2,10.97,11.01,8538276.0
2022-07-08,300229,拓尔思,SZ,11.01,11.31,10.96,11.21,12541077.0
2022-07-11,300229,拓尔思,SZ,11.15,11.18,10.81,11.01,9608100.0
2022-07-12,300229,拓尔思,SZ,11.05,11.51,10.91,11.48,16737095.0
2022-07-13,300229,拓尔思,SZ,11.43,11.52,11.31,11.43,10267519.0
2022-07-14,300229,拓尔思,SZ,11.42,11.67,11.34,11.52,12755516.0
2022-07-15,300229,拓尔思,SZ,11.52,11.58,11.25,11.32,11319002.0
2022-07-18,300229,拓尔思,SZ,11.41,11.75,11.35,11.69,12995500.0
2022-07-19,300229,拓尔思,SZ,11.7,13.24,11.6,13.14,46831457.0
2022-07-20,300229,拓尔思,SZ,13.02,13.23,12.8,12.97,27892490.0
2022-07-21,300229,拓尔思,SZ,12.98,13.14,12.75,12.81,17488400.0
2022-07-22,300229,拓尔思,SZ,12.83,12.97,12.58,12.67,15522400.0
2022-07-25,300229,拓尔思,SZ,12.69,13.16,12.56,13.05,21860419.0
2022-07-26,300229,拓尔思,SZ,13.35,13.94,12.75,12.8,27386040.0
2022-07-27,300229,拓尔思,SZ,12.95,13.14,12.77,12.96,16251250.0
2022-07-28,300229,拓尔思,SZ,13.05,13.33,12.94,13.25,17586850.0
2022-07-29,300229,拓尔思,SZ,13.41,14.02,13.22,13.88,30321750.0
2022-08-01,300229,拓尔思,SZ,13.69,14.05,13.51,13.82,21485910.0
2022-08-02,300229,拓尔思,SZ,13.59,13.75,12.8,12.95,28456248.0
2022-08-03,300229,拓尔思,SZ,13.08,13.65,13.08,13.13,21018767.0
2022-08-04,300229,拓尔思,SZ,13.28,13.44,12.91,13.1,12669718.0
2022-08-05,300229,拓尔思,SZ,13.2,13.53,13.2,13.51,13420100.0
2022-08-08,300229,拓尔思,SZ,13.5,13.62,13.23,13.51,8909635.0
2022-08-09,300229,拓尔思,SZ,13.57,13.68,13.22,13.4,10366779.0
2022-08-10,300229,拓尔思,SZ,13.32,13.67,13.23,13.67,10878771.0
2022-08-11,300229,拓尔思,SZ,13.68,14.29,13.58,13.98,17823855.0
2022-08-12,300229,拓尔思,SZ,14.09,15.0,14.09,14.53,29796174.0
2022-08-15,300229,拓尔思,SZ,14.55,14.89,14.28,14.66,19528469.0
2022-08-16,300229,拓尔思,SZ,14.51,15.1,14.22,14.29,22217530.0
2022-08-17,300229,拓尔思,SZ,14.3,14.64,14.0,14.51,15906997.0
2022-08-18,300229,拓尔思,SZ,14.5,14.66,14.3,14.61,10397200.0
2022-08-19,300229,拓尔思,SZ,14.52,14.7,14.24,14.38,10697360.0
2022-08-22,300229,拓尔思,SZ,14.16,14.56,14.0,14.4,8132487.0
2022-08-23,300229,拓尔思,SZ,14.39,15.03,14.31,14.9,14150006.0
2022-08-24,300229,拓尔思,SZ,14.82,14.9,13.58,13.7,22400451.0
2022-08-25,300229,拓尔思,SZ,13.77,13.88,13.4,13.65,12644958.0
2022-08-26,300229,拓尔思,SZ,13.71,14.15,13.56,13.66,10785920.0
2022-08-29,300229,拓尔思,SZ,13.53,13.6,13.0,13.52,9073800.0
2022-08-30,300229,拓尔思,SZ,13.5,13.79,13.4,13.54,8132555.0
2022-08-31,300229,拓尔思,SZ,13.45,13.54,12.78,13.02,14554320.0
2022-09-01,300229,拓尔思,SZ,12.99,13.18,12.52,12.53,13623050.0
2022-09-02,300229,拓尔思,SZ,12.8,13.17,12.59,12.91,9064465.0
2022-09-05,300229,拓尔思,SZ,12.98,12.98,12.6,12.69,7789575.0
2022-09-06,300229,拓尔思,SZ,12.72,12.87,12.4,12.71,6993296.0
2022-09-07,300229,拓尔思,SZ,12.68,12.98,12.6,12.9,8452595.0
2022-09-08,300229,拓尔思,SZ,12.96,13.0,12.42,12.44,9215748.0
2022-09-09,300229,拓尔思,SZ,12.43,12.71,12.41,12.54,6700809.0
2022-09-13,300229,拓尔思,SZ,12.57,12.82,12.47,12.55,4678949.0
2022-09-14,300229,拓尔思,SZ,12.3,12.49,12.2,12.36,7396469.0
2022-09-15,300229,拓尔思,SZ,12.37,12.58,11.85,11.99,8595750.0
2022-09-16,300229,拓尔思,SZ,12.01,12.15,11.7,11.74,8912720.0
2022-09-19,300229,拓尔思,SZ,11.72,11.82,10.98,11.26,23350972.0
2022-09-20,300229,拓尔思,SZ,11.37,11.57,11.14,11.28,8211956.0
2022-09-21,300229,拓尔思,SZ,11.2,11.32,10.95,11.24,6839340.0
2022-09-22,300229,拓尔思,SZ,11.25,11.55,11.08,11.36,11194190.0
2022-09-23,300229,拓尔思,SZ,11.29,11.38,10.78,10.93,9392650.0
2022-09-26,300229,拓尔思,SZ,10.78,10.96,10.49,10.53,11376999.0
2022-09-27,300229,拓尔思,SZ,10.53,10.74,10.46,10.65,9455503.0
2022-09-28,300229,拓尔思,SZ,10.59,10.6,10.15,10.17,9838863.0
2022-09-29,300229,拓尔思,SZ,10.29,10.36,9.98,10.08,8945140.0
2022-09-30,300229,拓尔思,SZ,10.13,10.19,9.87,9.9,8176008.0
2022-10-10,300229,拓尔思,SZ,9.88,9.95,9.7,9.76,6880136.0
2022-10-11,300229,拓尔思,SZ,9.77,9.9,9.67,9.74,7217000.0
2022-10-12,300229,拓尔思,SZ,9.8,10.26,9.7,10.22,11963580.0
2022-10-13,300229,拓尔思,SZ,10.15,10.67,10.12,10.43,19154890.0
2022-10-14,300229,拓尔思,SZ,10.49,10.74,10.39,10.62,13266250.0
2022-10-17,300229,拓尔思,SZ,10.5,11.12,10.5,11.08,15188540.0
2022-10-18,300229,拓尔思,SZ,11.09,11.13,10.92,11.0,9703139.0
2022-10-19,300229,拓尔思,SZ,10.96,11.12,10.75,10.94,8678700.0
2022-10-20,300229,拓尔思,SZ,10.91,11.2,10.72,10.91,10654592.0
2022-10-21,300229,拓尔思,SZ,10.96,11.07,10.78,10.93,8611650.0
2022-10-24,300229,拓尔思,SZ,11.07,11.32,10.76,10.88,12825376.0
2022-10-25,300229,拓尔思,SZ,10.65,10.77,10.25,10.37,15728130.0
2022-10-26,300229,拓尔思,SZ,10.4,11.23,10.4,11.08,18377669.0
2022-10-27,300229,拓尔思,SZ,11.3,11.53,11.09,11.18,20856550.0
2022-10-28,300229,拓尔思,SZ,11.25,11.59,11.0,11.14,25344647.0
2022-10-31,300229,拓尔思,SZ,11.94,12.24,11.45,11.87,41907723.0
2022-11-01,300229,拓尔思,SZ,12.1,12.32,11.75,12.11,37715106.0
2022-11-02,300229,拓尔思,SZ,12.36,13.1,12.26,12.9,47897437.0
2022-11-03,300229,拓尔思,SZ,12.69,13.0,12.16,12.33,32565121.0
2022-11-04,300229,拓尔思,SZ,12.34,12.5,12.07,12.33,22660844.0
2022-11-07,300229,拓尔思,SZ,12.33,12.77,12.31,12.63,25612900.0
2022-11-08,300229,拓尔思,SZ,12.55,12.63,12.22,12.55,18729581.0
2022-11-09,300229,拓尔思,SZ,12.55,12.68,12.23,12.48,14888970.0
2022-11-10,300229,拓尔思,SZ,12.53,13.19,12.5,13.06,39339279.0
2022-11-11,300229,拓尔思,SZ,13.27,13.27,12.56,12.66,30584480.0
2022-11-14,300229,拓尔思,SZ,12.55,12.99,12.39,12.88,19700584.0
2022-11-15,300229,拓尔思,SZ,12.74,13.55,12.66,13.05,30164240.0
2022-11-16,300229,拓尔思,SZ,13.45,13.98,13.36,13.57,41462296.0
2022-11-17,300229,拓尔思,SZ,13.78,13.85,13.25,13.76,34211229.0
2022-11-18,300229,拓尔思,SZ,13.62,13.97,13.44,13.53,28982089.0
2022-11-21,300229,拓尔思,SZ,13.38,13.64,13.16,13.39,21127567.0
2022-11-22,300229,拓尔思,SZ,13.36,13.44,12.95,13.02,22881036.0
2022-11-23,300229,拓尔思,SZ,12.9,13.05,12.4,12.72,23180768.0
2022-11-24,300229,拓尔思,SZ,12.74,12.86,12.48,12.53,13189019.0
2022-11-25,300229,拓尔思,SZ,12.5,12.57,12.15,12.2,15263504.0
2022-11-28,300229,拓尔思,SZ,12.07,12.36,11.93,12.0,12587829.0
2022-11-29,300229,拓尔思,SZ,12.02,12.31,11.93,12.24,13425967.0
2022-11-30,300229,拓尔思,SZ,12.23,12.26,11.9,12.24,12943719.0
2022-12-01,300229,拓尔思,SZ,12.28,12.72,12.21,12.62,18661715.0
2022-12-02,300229,拓尔思,SZ,12.58,13.92,12.5,13.27,43184052.0
2022-12-05,300229,拓尔思,SZ,13.32,13.92,13.16,13.5,29569760.0
2022-12-06,300229,拓尔思,SZ,13.58,13.69,13.16,13.23,15081866.0
2022-12-07,300229,拓尔思,SZ,13.25,13.65,13.1,13.3,16333090.0
2022-12-08,300229,拓尔思,SZ,13.24,13.28,12.51,12.53,21554427.0
2022-12-09,300229,拓尔思,SZ,12.52,12.89,12.3,12.86,18902753.0
2022-12-12,300229,拓尔思,SZ,12.87,13.31,12.75,13.29,20237001.0
2022-12-13,300229,拓尔思,SZ,13.2,13.25,12.59,12.61,14534512.0
2022-12-14,300229,拓尔思,SZ,12.63,13.05,12.51,12.68,11223747.0
2022-12-15,300229,拓尔思,SZ,12.68,13.39,12.51,13.16,21604165.0
2022-12-16,300229,拓尔思,SZ,13.02,13.07,12.47,12.59,15887993.0
2022-12-19,300229,拓尔思,SZ,12.6,12.66,12.14,12.24,11197970.0
2022-12-20,300229,拓尔思,SZ,12.56,12.68,11.9,11.99,11977795.0
2022-12-21,300229,拓尔思,SZ,11.81,12.02,11.41,11.52,13123870.0
2022-12-22,300229,拓尔思,SZ,11.53,11.68,11.26,11.41,9060297.0
2022-12-23,300229,拓尔思,SZ,11.33,11.86,11.3,11.67,9677170.0
2022-12-26,300229,拓尔思,SZ,11.66,11.87,11.6,11.8,7152437.0
2022-12-27,300229,拓尔思,SZ,11.81,11.87,11.61,11.79,7023579.0
2022-12-28,300229,拓尔思,SZ,11.76,11.76,11.4,11.5,6916911.0
2022-12-29,300229,拓尔思,SZ,11.5,11.88,11.44,11.63,9164438.0
2022-12-30,300229,拓尔思,SZ,11.62,11.94,11.59,11.72,8328499.0
2023-01-03,300229,拓尔思,SZ,11.79,12.97,11.69,12.9,27203681.0
2023-01-04,300229,拓尔思,SZ,12.99,13.3,12.83,13.13,27070043.0
2023-01-05,300229,拓尔思,SZ,13.1,13.22,12.94,13.14,16187117.0
2023-01-06,300229,拓尔思,SZ,13.13,13.21,12.9,13.01,11903589.0
2023-01-09,300229,拓尔思,SZ,13.01,13.37,12.9,13.17,16958840.0
2023-01-10,300229,拓尔思,SZ,13.13,13.32,12.9,13.13,14312001.0
2023-01-11,300229,拓尔思,SZ,13.15,13.17,12.7,12.8,15384882.0
2023-01-12,300229,拓尔思,SZ,12.85,13.1,12.69,12.93,12808363.0
2023-01-13,300229,拓尔思,SZ,12.99,13.01,12.65,12.78,10613932.0
2023-01-16,300229,拓尔思,SZ,12.87,13.26,12.81,12.91,16071376.0
2023-01-17,300229,拓尔思,SZ,12.9,12.97,12.68,12.78,11036111.0
2023-01-18,300229,拓尔思,SZ,12.8,13.19,12.71,13.11,16331412.0
2023-01-19,300229,拓尔思,SZ,13.11,13.41,13.04,13.33,23471728.0
2023-01-20,300229,拓尔思,SZ,13.33,13.76,13.25,13.48,19020370.0
2023-01-30,300229,拓尔思,SZ,16.18,16.18,14.92,16.18,145814445.0
2023-01-31,300229,拓尔思,SZ,16.88,17.25,16.09,16.6,160149590.0
2023-02-01,300229,拓尔思,SZ,16.33,19.19,16.33,18.19,162748141.0
2023-02-02,300229,拓尔思,SZ,17.91,18.63,17.4,17.4,135954153.0
2023-02-03,300229,拓尔思,SZ,17.55,18.78,17.51,18.41,122826264.0
2023-02-06,300229,拓尔思,SZ,18.96,21.4,18.4,20.0,132452994.0
2023-02-07,300229,拓尔思,SZ,19.22,21.41,18.96,19.2,134147180.0
2023-02-08,300229,拓尔思,SZ,19.2,20.11,19.15,19.5,106763443.0
2023-02-09,300229,拓尔思,SZ,18.62,19.61,18.4,19.56,94094113.0
2023-02-10,300229,拓尔思,SZ,19.41,21.55,19.3,20.4,132161176.0
2023-02-13,300229,拓尔思,SZ,20.21,24.48,20.05,23.98,165921170.0
2023-02-14,300229,拓尔思,SZ,23.37,23.44,22.21,22.54,120975927.0
2023-02-15,300229,拓尔思,SZ,22.71,24.26,22.4,23.62,142573424.0
2023-02-16,300229,拓尔思,SZ,22.92,25.5,22.91,24.47,153945365.0
2023-02-17,300229,拓尔思,SZ,23.77,24.3,22.25,22.86,114987825.0
2023-02-20,300229,拓尔思,SZ,23.08,24.05,22.68,23.7,113994708.0
2023-02-21,300229,拓尔思,SZ,23.0,23.8,21.41,21.8,130980025.0
2023-02-22,300229,拓尔思,SZ,21.95,24.63,21.94,23.86,165173660.0
2023-02-23,300229,拓尔思,SZ,23.55,23.6,21.53,22.03,114163539.0
2023-02-24,300229,拓尔思,SZ,22.5,23.67,22.04,23.23,119186150.0
2023-02-27,300229,拓尔思,SZ,23.05,24.3,22.49,22.63,100312183.0
2023-02-28,300229,拓尔思,SZ,23.19,24.2,21.71,24.2,154918049.0
2023-03-01,300229,拓尔思,SZ,24.0,25.66,23.58,23.72,203761370.0
2023-03-02,300229,拓尔思,SZ,23.26,25.38,23.26,25.0,160708791.0
2023-03-03,300229,拓尔思,SZ,24.2,25.8,23.74,24.53,154747752.0
2023-03-06,300229,拓尔思,SZ,24.2,24.59,22.87,23.61,108269649.0
2023-03-07,300229,拓尔思,SZ,23.52,24.48,23.11,23.51,90618070.0
2023-03-08,300229,拓尔思,SZ,23.35,23.68,21.81,22.71,105051628.0
2023-03-09,300229,拓尔思,SZ,23.5,24.54,23.5,23.57,138315600.0
2023-03-10,300229,拓尔思,SZ,23.11,24.2,22.48,22.56,109069291.0
2023-03-13,300229,拓尔思,SZ,22.23,23.59,21.89,23.42,110982838.0
2023-03-14,300229,拓尔思,SZ,23.34,23.75,22.5,22.62,98359278.0
2023-03-15,300229,拓尔思,SZ,23.11,23.18,21.06,21.26,107455329.0
2023-03-16,300229,拓尔思,SZ,21.0,21.9,20.75,21.2,83506750.0
2023-03-17,300229,拓尔思,SZ,21.3,22.66,21.3,22.4,105993869.0
2023-03-20,300229,拓尔思,SZ,23.28,24.12,22.54,22.59,120230307.0
2023-03-21,300229,拓尔思,SZ,22.74,24.48,22.12,24.43,140624046.0
2023-03-22,300229,拓尔思,SZ,24.18,25.45,23.86,25.14,142418704.0
2023-03-23,300229,拓尔思,SZ,25.31,28.52,25.31,27.38,168803475.0
2023-03-24,300229,拓尔思,SZ,27.45,29.88,27.11,28.73,161229762.0
2023-03-27,300229,拓尔思,SZ,28.71,30.33,27.1,29.3,162010042.0
2023-03-28,300229,拓尔思,SZ,28.9,30.92,27.83,29.92,152037225.0
2023-03-29,300229,拓尔思,SZ,29.93,32.25,29.19,29.6,160596861.0
2023-03-30,300229,拓尔思,SZ,29.6,30.2,27.9,29.06,146006923.0
2023-03-31,300229,拓尔思,SZ,29.13,31.98,28.8,31.65,154899342.0
2023-04-03,300229,拓尔思,SZ,31.7,34.33,31.3,33.8,162487864.0
2023-04-04,300229,拓尔思,SZ,33.34,35.65,32.5,33.6,124340371.0
2023-04-06,300229,拓尔思,SZ,32.33,33.87,30.02,30.16,154481736.0
2023-04-07,300229,拓尔思,SZ,30.02,30.65,28.6,30.25,117160235.0
2023-04-10,300229,拓尔思,SZ,29.5,29.7,26.75,26.98,122067769.0
2023-04-11,300229,拓尔思,SZ,27.45,28.15,26.9,27.65,90820459.0
2023-04-12,300229,拓尔思,SZ,27.95,28.5,27.6,27.87,110989841.0
2023-04-13,300229,拓尔思,SZ,27.9,28.96,27.38,27.5,97177337.0
2023-04-14,300229,拓尔思,SZ,27.52,27.99,25.58,26.79,99701071.0
2023-04-17,300229,拓尔思,SZ,26.04,26.42,25.3,25.9,73876207.0
2023-04-18,300229,拓尔思,SZ,25.98,26.97,25.65,26.62,88207193.0
2023-04-19,300229,拓尔思,SZ,26.2,27.12,25.88,26.06,86096581.0
2023-04-20,300229,拓尔思,SZ,25.85,27.55,25.56,27.5,111588198.0
2023-04-21,300229,拓尔思,SZ,27.3,28.41,25.92,26.18,100985546.0
2023-04-24,300229,拓尔思,SZ,26.2,26.7,24.52,25.01,92078257.0
2023-04-25,300229,拓尔思,SZ,25.01,26.37,24.6,25.98,89960571.0
2023-04-26,300229,拓尔思,SZ,25.71,26.11,21.9,22.47,127575622.0
2023-04-27,300229,拓尔思,SZ,22.61,22.88,21.48,21.94,75488704.0
2023-04-28,300229,拓尔思,SZ,22.09,23.44,22.09,23.2,79043436.0
2023-05-04,300229,拓尔思,SZ,22.81,23.16,21.69,22.29,70596435.0
2023-05-05,300229,拓尔思,SZ,22.45,23.33,22.29,22.8,76211481.0
2023-05-08,300229,拓尔思,SZ,22.5,23.97,22.2,23.42,75102181.0
2023-05-09,300229,拓尔思,SZ,23.63,25.0,23.55,24.59,105982021.0
2023-05-10,300229,拓尔思,SZ,25.0,27.94,24.99,27.1,151304014.0
2023-05-11,300229,拓尔思,SZ,27.0,27.33,24.66,26.66,127509503.0
2023-05-12,300229,拓尔思,SZ,26.0,27.8,25.2,27.23,110975207.0
2023-05-15,300229,拓尔思,SZ,27.78,28.03,26.62,26.88,87857468.0
2023-05-16,300229,拓尔思,SZ,26.4,26.5,23.68,23.7,101037447.0
2023-05-17,300229,拓尔思,SZ,23.5,24.66,23.35,24.26,61108644.0
2023-05-18,300229,拓尔思,SZ,24.0,29.11,23.51,29.11,190770274.0
2023-05-19,300229,拓尔思,SZ,29.1,29.68,27.98,28.2,133487595.0
2023-05-22,300229,拓尔思,SZ,28.62,29.25,27.74,28.1,97898591.0
2023-05-23,300229,拓尔思,SZ,27.73,27.86,25.91,27.0,93991237.0
2023-05-24,300229,拓尔思,SZ,27.03,29.32,26.59,28.73,128767381.0
2023-05-25,300229,拓尔思,SZ,28.63,28.92,26.85,28.15,107568907.0
2023-05-26,300229,拓尔思,SZ,28.51,31.3,28.43,29.98,139309860.0
2023-05-29,300229,拓尔思,SZ,30.29,30.68,29.0,29.0,106632101.0
2023-05-30,300229,拓尔思,SZ,28.85,31.36,28.48,31.2,127994663.0
2023-05-31,300229,拓尔思,SZ,31.26,32.85,30.67,32.44,125814326.0
2023-06-01,300229,拓尔思,SZ,31.71,33.85,31.4,31.62,128432853.0
2023-06-02,300229,拓尔思,SZ,32.21,32.98,31.44,31.44,85407563.0
2023-06-05,300229,拓尔思,SZ,31.28,31.7,30.57,31.11,69704225.0
2023-06-06,300229,拓尔思,SZ,31.11,31.45,29.23,29.23,77979738.0
2023-06-07,300229,拓尔思,SZ,29.3,29.73,28.81,29.57,61796081.0
2023-06-08,300229,拓尔思,SZ,28.9,29.28,27.36,29.01,69586370.0
2023-06-09,300229,拓尔思,SZ,29.01,30.2,28.7,30.18,71238592.0
2023-06-12,300229,拓尔思,SZ,29.73,30.64,29.26,29.47,63076324.0
2023-06-13,300229,拓尔思,SZ,29.13,31.5,28.41,30.79,95744106.0
2023-06-14,300229,拓尔思,SZ,30.5,31.75,30.37,31.38,82850991.0
2023-06-15,300229,拓尔思,SZ,31.9,32.4,30.42,30.48,69133701.0
2023-06-16,300229,拓尔思,SZ,30.01,31.95,29.8,31.35,77464013.0
2023-06-19,300229,拓尔思,SZ,31.22,32.88,30.66,32.74,104057545.0
2023-06-20,300229,拓尔思,SZ,32.7,33.89,31.77,33.08,107047528.0
2023-06-21,300229,拓尔思,SZ,32.39,34.8,31.01,32.0,101668073.0
2023-06-26,300229,拓尔思,SZ,31.21,32.94,30.9,31.01,76148713.0
2023-06-27,300229,拓尔思,SZ,30.94,31.33,28.8,29.5,72601454.0
2023-06-28,300229,拓尔思,SZ,29.11,29.21,25.71,26.52,85229790.0
2023-06-29,300229,拓尔思,SZ,27.0,27.5,26.02,26.54,61426710.0
2023-06-30,300229,拓尔思,SZ,26.81,27.26,24.88,25.97,82071696.0
2023-07-03,300229,拓尔思,SZ,26.0,26.69,25.54,26.07,58590691.0
2023-07-04,300229,拓尔思,SZ,25.7,25.97,25.46,25.83,47254510.0
2023-07-05,300229,拓尔思,SZ,25.93,26.21,24.9,24.9,48502567.0
2023-07-06,300229,拓尔思,SZ,24.87,25.96,24.85,25.5,47919469.0
2023-07-07,300229,拓尔思,SZ,25.3,25.5,23.91,24.58,50941151.0
2023-07-10,300229,拓尔思,SZ,24.69,24.9,23.98,24.05,31724941.0
2023-07-11,300229,拓尔思,SZ,23.95,24.39,23.65,23.76,39323819.0
2023-07-12,300229,拓尔思,SZ,23.8,23.8,22.68,22.73,47142438.0
2023-07-13,300229,拓尔思,SZ,23.0,23.53,22.5,23.34,46376222.0
2023-07-14,300229,拓尔思,SZ,23.53,25.4,23.35,24.93,80533745.0
2023-07-17,300229,拓尔思,SZ,24.8,25.2,24.43,24.71,47109961.0
2023-07-18,300229,拓尔思,SZ,24.58,24.68,23.9,23.9,32468279.0
2023-07-19,300229,拓尔思,SZ,24.28,24.51,23.72,23.85,28574179.0
2023-07-20,300229,拓尔思,SZ,23.6,23.8,22.84,22.9,33786490.0
2023-07-21,300229,拓尔思,SZ,22.75,23.35,22.61,22.79,22573867.0
2023-07-24,300229,拓尔思,SZ,22.65,23.41,22.46,22.93,24063801.0
2023-07-25,300229,拓尔思,SZ,23.27,23.79,22.93,23.4,34259941.0
2023-07-26,300229,拓尔思,SZ,23.21,23.4,22.6,22.62,26928813.0
2023-07-27,300229,拓尔思,SZ,22.31,22.69,22.1,22.13,21554364.0
2023-07-28,300229,拓尔思,SZ,22.0,22.26,21.73,22.02,21541052.0
2023-07-31,300229,拓尔思,SZ,21.96,22.6,21.67,22.21,24169094.0
2023-08-01,300229,拓尔思,SZ,22.2,22.31,21.73,21.93,25916438.0
2023-08-02,300229,拓尔思,SZ,21.8,22.12,21.6,22.1,21416052.0
2023-08-03,300229,拓尔思,SZ,21.81,22.2,21.73,21.9,19888244.0
2023-08-04,300229,拓尔思,SZ,21.92,22.66,21.88,22.57,39588285.0
2023-08-07,300229,拓尔思,SZ,22.68,23.6,22.57,23.39,51594239.0
2023-08-08,300229,拓尔思,SZ,22.78,22.99,21.45,21.46,61156779.0
2023-08-09,300229,拓尔思,SZ,21.02,21.22,20.42,20.64,45497153.0
2023-08-10,300229,拓尔思,SZ,20.65,21.1,20.49,20.78,22225933.0
2023-08-11,300229,拓尔思,SZ,20.7,21.09,20.48,20.48,20897064.0
2023-08-14,300229,拓尔思,SZ,20.09,21.29,20.01,21.22,31506168.0
2023-08-15,300229,拓尔思,SZ,21.3,21.33,20.73,20.88,18883216.0
2023-08-16,300229,拓尔思,SZ,20.91,20.94,20.03,20.1,28009161.0
2023-08-17,300229,拓尔思,SZ,20.03,20.56,19.86,20.42,24473615.0
2023-08-18,300229,拓尔思,SZ,20.37,20.52,19.63,19.63,25551839.0
2023-08-21,300229,拓尔思,SZ,19.59,20.15,19.54,19.63,20477639.0
2023-08-22,300229,拓尔思,SZ,20.23,20.71,19.86,20.69,41268078.0
2023-08-23,300229,拓尔思,SZ,20.41,20.62,20.06,20.07,29617507.0
2023-08-24,300229,拓尔思,SZ,20.28,20.54,19.7,19.71,34912761.0
2023-08-25,300229,拓尔思,SZ,19.3,19.45,18.54,18.68,39092711.0
2023-08-28,300229,拓尔思,SZ,19.98,20.09,18.9,18.97,37374193.0
2023-08-29,300229,拓尔思,SZ,18.97,19.74,18.86,19.55,39004161.0
2023-08-30,300229,拓尔思,SZ,19.51,20.8,19.41,20.52,67363414.0
2023-08-31,300229,拓尔思,SZ,20.88,21.38,20.48,20.56,67291689.0
2023-09-01,300229,拓尔思,SZ,20.24,20.5,19.96,20.11,33167127.0
2023-09-04,300229,拓尔思,SZ,20.29,20.63,20.0,20.59,33752971.0
2023-09-05,300229,拓尔思,SZ,20.4,20.63,19.91,20.02,33465905.0
2023-09-06,300229,拓尔思,SZ,19.9,19.99,19.53,19.84,25058528.0
2023-09-07,300229,拓尔思,SZ,19.8,19.96,19.39,19.41,23286512.0
2023-09-08,300229,拓尔思,SZ,19.25,19.46,18.81,18.9,24870297.0
2023-09-11,300229,拓尔思,SZ,19.06,19.88,18.9,19.5,34797050.0
2023-09-12,300229,拓尔思,SZ,19.36,19.84,19.3,19.58,22724573.0
2023-09-13,300229,拓尔思,SZ,19.41,19.47,18.47,18.61,30356463.0
2023-09-14,300229,拓尔思,SZ,18.65,18.77,18.32,18.46,18755680.0
2023-09-15,300229,拓尔思,SZ,18.5,18.64,17.99,18.02,20312601.0
2023-09-18,300229,拓尔思,SZ,17.88,18.32,17.84,18.0,16341042.0
2023-09-19,300229,拓尔思,SZ,17.87,17.99,17.4,17.44,20842871.0
2023-09-20,300229,拓尔思,SZ,17.46,17.74,17.32,17.36,15971151.0
2023-09-21,300229,拓尔思,SZ,17.36,17.6,17.23,17.26,14562547.0
2023-09-22,300229,拓尔思,SZ,17.34,18.68,17.25,18.49,50446197.0
2023-09-25,300229,拓尔思,SZ,18.46,18.76,18.37,18.42,30223713.0
2023-09-26,300229,拓尔思,SZ,18.6,19.49,18.51,19.01,50993668.0
2023-09-27,300229,拓尔思,SZ,18.71,19.75,18.69,19.36,49080194.0
2023-09-28,300229,拓尔思,SZ,19.4,19.7,19.35,19.41,29651386.0
2023-10-09,300229,拓尔思,SZ,19.33,19.55,19.04,19.17,23558573.0
2023-10-10,300229,拓尔思,SZ,19.3,19.58,19.06,19.28,29580207.0
2023-10-11,300229,拓尔思,SZ,19.23,19.94,19.08,19.52,32182275.0
2023-10-12,300229,拓尔思,SZ,19.53,19.74,19.04,19.14,22567611.0
2023-10-13,300229,拓尔思,SZ,19.14,19.16,18.66,18.72,20845554.0
2023-10-16,300229,拓尔思,SZ,18.88,18.89,18.34,18.48,16778274.0
2023-10-17,300229,拓尔思,SZ,18.6,18.62,17.9,18.2,16491993.0
2023-10-18,300229,拓尔思,SZ,18.05,18.12,17.37,17.7,19455866.0
2023-10-19,300229,拓尔思,SZ,17.7,18.17,17.54,17.55,20510709.0
2023-10-20,300229,拓尔思,SZ,17.52,17.75,16.82,16.92,19609011.0
2023-10-23,300229,拓尔思,SZ,16.86,17.22,15.95,16.06,20849706.0
2023-10-24,300229,拓尔思,SZ,16.29,16.74,16.1,16.4,22249899.0
2023-10-25,300229,拓尔思,SZ,16.59,16.98,16.35,16.67,20601968.0
2023-10-26,300229,拓尔思,SZ,16.52,16.98,16.29,16.89,21949576.0
2023-10-27,300229,拓尔思,SZ,16.8,16.8,16.3,16.56,23649518.0
2023-10-30,300229,拓尔思,SZ,16.5,16.96,16.4,16.91,20242286.0
2023-10-31,300229,拓尔思,SZ,16.64,16.67,15.86,16.08,40087548.0
2023-11-01,300229,拓尔思,SZ,16.1,16.3,15.82,15.82,20087519.0
2023-11-02,300229,拓尔思,SZ,15.93,16.3,15.77,15.89,22812436.0
2023-11-03,300229,拓尔思,SZ,15.99,16.6,15.99,16.38,27069760.0
2023-11-06,300229,拓尔思,SZ,16.55,17.1,16.45,17.09,31024974.0
2023-11-07,300229,拓尔思,SZ,17.11,17.5,16.97,17.37,29367798.0
2023-11-08,300229,拓尔思,SZ,17.43,17.97,17.36,17.8,37533741.0
2023-11-09,300229,拓尔思,SZ,17.54,17.92,17.5,17.71,25618628.0
2023-11-10,300229,拓尔思,SZ,17.6,17.77,17.25,17.25,18630222.0
2023-11-13,300229,拓尔思,SZ,17.38,18.11,17.34,17.91,33200269.0
2023-11-14,300229,拓尔思,SZ,18.03,18.5,17.96,18.36,36215963.0
2023-11-15,300229,拓尔思,SZ,18.6,18.6,17.99,18.06,27946374.0
2023-11-16,300229,拓尔思,SZ,17.88,18.24,17.83,17.98,18964222.0
2023-11-17,300229,拓尔思,SZ,17.9,18.88,17.86,18.26,43824241.0
2023-11-20,300229,拓尔思,SZ,18.1,18.52,17.86,18.33,35158749.0
2023-11-21,300229,拓尔思,SZ,18.41,18.64,18.03,18.05,25803053.0
2023-11-22,300229,拓尔思,SZ,18.3,19.09,18.14,18.17,57084337.0
2023-11-23,300229,拓尔思,SZ,17.9,18.04,17.43,17.94,33564726.0
2023-11-24,300229,拓尔思,SZ,18.09,18.09,17.04,17.14,28727913.0
2023-11-27,300229,拓尔思,SZ,17.25,17.63,17.1,17.2,18551449.0
2023-11-28,300229,拓尔思,SZ,17.18,17.26,16.87,17.12,14956561.0
2023-11-29,300229,拓尔思,SZ,17.12,17.2,16.8,16.83,16344512.0
2023-11-30,300229,拓尔思,SZ,16.87,16.93,16.36,16.53,15600985.0
2023-12-01,300229,拓尔思,SZ,16.61,18.31,16.52,18.1,49430303.0
2023-12-04,300229,拓尔思,SZ,17.77,18.22,17.77,17.87,32064022.0
2023-12-05,300229,拓尔思,SZ,17.71,17.88,16.89,16.91,25763333.0
2023-12-06,300229,拓尔思,SZ,16.8,17.33,16.65,17.04,24086257.0
2023-12-07,300229,拓尔思,SZ,16.9,19.65,16.9,18.87,99201185.0
2023-12-08,300229,拓尔思,SZ,19.0,19.88,18.84,19.28,105503114.0
2023-12-11,300229,拓尔思,SZ,19.18,19.56,19.0,19.52,71372852.0
2023-12-12,300229,拓尔思,SZ,19.57,19.97,19.1,19.97,79939472.0
2023-12-13,300229,拓尔思,SZ,19.58,20.98,19.39,19.71,113408498.0
2023-12-14,300229,拓尔思,SZ,19.61,20.04,19.02,19.12,68341235.0
2023-12-15,300229,拓尔思,SZ,19.22,19.38,18.6,19.03,43282347.0
2023-12-18,300229,拓尔思,SZ,18.98,19.35,18.41,18.53,36157451.0
2023-12-19,300229,拓尔思,SZ,18.4,19.01,18.33,18.86,32945110.0
2023-12-20,300229,拓尔思,SZ,18.84,18.84,17.8,17.82,38097727.0
2023-12-21,300229,拓尔思,SZ,17.57,18.59,17.32,18.34,43298597.0
2023-12-22,300229,拓尔思,SZ,18.16,18.33,16.92,17.09,44879104.0
2023-12-25,300229,拓尔思,SZ,17.1,17.38,16.7,16.91,23838045.0
2023-12-26,300229,拓尔思,SZ,16.9,16.91,15.98,16.11,29314885.0
2023-12-27,300229,拓尔思,SZ,16.15,16.24,15.84,16.02,25115928.0
2023-12-28,300229,拓尔思,SZ,16.0,16.57,15.58,16.43,29554847.0
2023-12-29,300229,拓尔思,SZ,16.39,16.89,16.32,16.86,26607744.0
2024-01-02,300229,拓尔思,SZ,16.78,16.9,16.33,16.33,22622089.0
2024-01-03,300229,拓尔思,SZ,16.29,16.34,15.83,16.01,20486135.0
2024-01-04,300229,拓尔思,SZ,16.0,16.0,15.59,15.77,14706895.0
2024-01-05,300229,拓尔思,SZ,15.88,15.9,15.08,15.22,23731127.0
2024-01-08,300229,拓尔思,SZ,15.17,15.26,14.8,14.8,14776269.0
2024-01-09,300229,拓尔思,SZ,14.91,15.07,14.61,14.78,15759075.0
2024-01-10,300229,拓尔思,SZ,14.63,14.73,14.29,14.29,15716005.0
2024-01-11,300229,拓尔思,SZ,14.29,15.13,14.28,15.06,24785310.0
2024-01-12,300229,拓尔思,SZ,14.99,15.13,14.69,14.69,15703976.0
2024-01-15,300229,拓尔思,SZ,14.63,14.86,14.48,14.57,11205516.0
2024-01-16,300229,拓尔思,SZ,14.57,14.57,14.2,14.48,13471828.0
2024-01-17,300229,拓尔思,SZ,14.39,14.66,14.19,14.19,13320348.0
2024-01-18,300229,拓尔思,SZ,14.1,14.55,13.78,14.53,26506068.0
2024-01-19,300229,拓尔思,SZ,14.4,14.65,14.1,14.1,16428740.0
2024-01-22,300229,拓尔思,SZ,14.2,14.24,13.0,13.21,21646532.0
2024-01-23,300229,拓尔思,SZ,13.18,14.05,13.11,13.74,22878502.0
2024-01-24,300229,拓尔思,SZ,13.85,14.1,13.44,14.02,21999816.0
2024-01-25,300229,拓尔思,SZ,14.0,14.55,13.82,14.51,27560609.0
2024-01-26,300229,拓尔思,SZ,14.52,14.81,14.3,14.32,24074353.0
2024-01-29,300229,拓尔思,SZ,14.07,14.16,13.39,13.42,26826626.0
2024-01-30,300229,拓尔思,SZ,13.3,13.66,13.04,13.06,16177318.0
2024-01-31,300229,拓尔思,SZ,12.98,13.09,11.88,11.95,28598265.0
2024-02-01,300229,拓尔思,SZ,12.05,12.63,11.83,12.2,24673557.0
2024-02-02,300229,拓尔思,SZ,12.18,12.54,10.99,11.55,26149047.0
2024-02-05,300229,拓尔思,SZ,11.55,11.7,9.89,10.06,36634169.0
2024-02-06,300229,拓尔思,SZ,10.05,11.04,9.56,10.81,36240890.0
2024-02-07,300229,拓尔思,SZ,10.8,11.57,10.75,11.15,35537133.0
2024-02-08,300229,拓尔思,SZ,11.23,11.89,11.23,11.88,30383589.0
2024-02-19,300229,拓尔思,SZ,13.31,13.89,12.85,13.83,66384419.0
2024-02-20,300229,拓尔思,SZ,13.51,14.18,13.31,13.83,63790290.0
2024-02-21,300229,拓尔思,SZ,13.46,14.39,13.35,13.8,55994545.0
2024-02-22,300229,拓尔思,SZ,14.3,15.0,14.19,14.73,65891592.0
2024-02-23,300229,拓尔思,SZ,14.6,15.05,14.53,15.0,58142344.0
2024-02-26,300229,拓尔思,SZ,14.73,15.15,14.57,14.78,50731750.0
2024-02-27,300229,拓尔思,SZ,14.73,16.0,14.65,15.97,72315693.0
2024-02-28,300229,拓尔思,SZ,15.97,16.16,14.22,14.29,81769087.0
2024-02-29,300229,拓尔思,SZ,14.16,15.14,14.16,15.11,48850281.0
2024-03-01,300229,拓尔思,SZ,15.1,16.22,14.99,16.04,72479429.0
2024-03-04,300229,拓尔思,SZ,16.16,16.81,15.88,16.8,77886555.0
2024-03-05,300229,拓尔思,SZ,16.4,16.69,15.91,16.1,60566508.0
2024-03-06,300229,拓尔思,SZ,15.95,16.19,15.6,15.83,39290216.0
2024-03-07,300229,拓尔思,SZ,15.89,16.39,15.35,15.37,43795189.0
2024-03-08,300229,拓尔思,SZ,15.37,15.93,15.23,15.83,32695336.0
2024-03-11,300229,拓尔思,SZ,15.45,16.0,15.28,15.91,36670979.0
2024-03-12,300229,拓尔思,SZ,16.02,16.18,15.67,15.81,32348840.0
2024-03-13,300229,拓尔思,SZ,15.97,16.44,15.92,16.09,54000721.0
2024-03-14,300229,拓尔思,SZ,15.9,16.45,15.71,16.2,47131344.0
2024-03-15,300229,拓尔思,SZ,16.02,16.21,15.6,16.19,31990654.0
2024-03-18,300229,拓尔思,SZ,16.5,17.43,16.27,17.3,70685922.0
2024-03-19,300229,拓尔思,SZ,17.16,17.59,17.0,17.29,53205811.0
2024-03-20,300229,拓尔思,SZ,17.21,19.5,17.21,19.0,108079488.0
2024-03-21,300229,拓尔思,SZ,18.82,19.1,18.05,18.13,72374759.0
2024-03-22,300229,拓尔思,SZ,18.28,18.38,17.21,17.88,62225664.0
2024-03-25,300229,拓尔思,SZ,18.27,18.72,17.59,17.64,59728203.0
2024-03-26,300229,拓尔思,SZ,17.34,17.83,16.66,16.8,50297111.0
2024-03-27,300229,拓尔思,SZ,16.75,16.87,15.35,15.43,48383643.0
2024-03-28,300229,拓尔思,SZ,15.32,16.58,15.32,16.31,44333492.0
2024-03-29,300229,拓尔思,SZ,16.23,16.44,15.7,15.91,27306014.0
2024-04-01,300229,拓尔思,SZ,16.08,16.41,16.05,16.29,24527926.0
2024-04-02,300229,拓尔思,SZ,16.29,16.3,15.4,15.56,32129122.0
2024-04-03,300229,拓尔思,SZ,15.44,15.57,14.75,14.79,27588061.0
2024-04-08,300229,拓尔思,SZ,14.79,14.81,14.27,14.32,20191035.0
2024-04-09,300229,拓尔思,SZ,14.4,14.6,14.21,14.48,17175326.0
2024-04-10,300229,拓尔思,SZ,14.48,14.49,13.75,13.88,21274093.0
2024-04-11,300229,拓尔思,SZ,13.78,16.05,13.75,15.24,58394281.0
2024-04-12,300229,拓尔思,SZ,15.2,15.35,14.73,14.76,29619127.0
2024-04-15,300229,拓尔思,SZ,14.69,15.1,14.1,14.39,26437414.0
2024-04-16,300229,拓尔思,SZ,14.2,14.34,13.24,13.25,27107073.0
2024-04-17,300229,拓尔思,SZ,13.63,14.43,13.63,14.25,26401617.0
2024-04-18,300229,拓尔思,SZ,14.16,14.5,13.8,14.1,22089537.0
2024-04-19,300229,拓尔思,SZ,14.01,14.23,13.7,13.72,18421999.0
2024-04-22,300229,拓尔思,SZ,13.37,13.69,12.94,13.53,16494687.0
2024-04-23,300229,拓尔思,SZ,13.65,13.91,13.63,13.74,15102830.0
2024-04-24,300229,拓尔思,SZ,13.89,14.39,13.77,14.35,22443899.0
2024-04-25,300229,拓尔思,SZ,14.28,14.32,14.07,14.1,17509408.0
2024-04-26,300229,拓尔思,SZ,14.4,15.22,14.33,15.15,37176525.0
2024-04-29,300229,拓尔思,SZ,15.18,15.84,15.16,15.59,33588307.0
2024-04-30,300229,拓尔思,SZ,15.68,15.97,15.51,15.7,25488355.0
2024-05-06,300229,拓尔思,SZ,16.15,16.25,15.65,15.68,24451343.0
2024-05-07,300229,拓尔思,SZ,15.67,16.48,15.66,15.98,34064611.0
2024-05-08,300229,拓尔思,SZ,15.8,15.81,15.21,15.25,25216186.0
2024-05-09,300229,拓尔思,SZ,15.25,15.95,15.25,15.82,21728055.0
2024-05-10,300229,拓尔思,SZ,15.82,16.24,15.62,15.91,30494012.0
2024-05-13,300229,拓尔思,SZ,15.7,15.86,15.33,15.55,19429327.0
2024-05-14,300229,拓尔思,SZ,15.84,16.32,15.75,16.32,40349636.0
2024-05-15,300229,拓尔思,SZ,16.32,16.54,16.02,16.11,30032043.0
2024-05-16,300229,拓尔思,SZ,16.11,16.65,16.11,16.63,37666492.0
2024-05-17,300229,拓尔思,SZ,16.8,16.82,16.12,16.28,39489978.0
2024-05-20,300229,拓尔思,SZ,16.02,16.23,15.42,15.86,32992280.0
2024-05-21,300229,拓尔思,SZ,15.77,15.97,15.37,15.42,25176400.0
2024-05-22,300229,拓尔思,SZ,15.5,15.57,15.04,15.32,22037209.0
2024-05-23,300229,拓尔思,SZ,15.4,15.49,14.78,14.87,24219460.0
2024-05-24,300229,拓尔思,SZ,14.84,15.01,14.41,14.53,19012524.0
2024-05-27,300229,拓尔思,SZ,14.7,14.74,14.15,14.73,17302541.0
2024-05-28,300229,拓尔思,SZ,14.69,14.83,14.29,14.3,14493920.0
2024-05-29,300229,拓尔思,SZ,14.43,14.6,14.15,14.33,14197792.0
2024-05-30,300229,拓尔思,SZ,14.43,14.51,14.1,14.38,12239959.0
2024-05-31,300229,拓尔思,SZ,14.4,14.68,14.37,14.52,15883042.0
2024-06-03,300229,拓尔思,SZ,14.57,14.59,13.97,14.1,17673950.0
2024-06-04,300229,拓尔思,SZ,14.11,14.18,13.83,14.06,13082428.0
2024-06-05,300229,拓尔思,SZ,14.0,14.23,13.88,13.88,10288300.0
2024-06-06,300229,拓尔思,SZ,13.94,14.07,13.18,13.25,21630813.0
2024-06-07,300229,拓尔思,SZ,13.36,13.58,13.13,13.4,12383533.0
2024-06-11,300229,拓尔思,SZ,13.41,13.72,13.23,13.68,14098543.0
2024-06-12,300229,拓尔思,SZ,13.6,13.97,13.55,13.88,13317714.0
2024-06-13,300229,拓尔思,SZ,13.87,14.08,13.76,13.82,13089063.0
2024-06-14,300229,拓尔思,SZ,13.76,14.09,13.68,14.03,14291755.0
2024-06-17,300229,拓尔思,SZ,13.93,14.16,13.87,14.02,10398049.0
2024-06-18,300229,拓尔思,SZ,13.98,14.29,13.95,14.22,10934947.0
2024-06-19,300229,拓尔思,SZ,14.31,14.43,14.1,14.12,13011505.0
2024-06-20,300229,拓尔思,SZ,14.03,14.15,13.58,13.62,14310991.0
2024-06-21,300229,拓尔思,SZ,13.58,13.76,13.38,13.63,8562098.0
2024-06-24,300229,拓尔思,SZ,13.62,13.62,12.91,12.94,13315343.0
2024-06-25,300229,拓尔思,SZ,12.99,13.16,12.4,12.6,14766155.0
2024-06-26,300229,拓尔思,SZ,12.55,14.2,12.55,14.16,39111088.0
2024-06-27,300229,拓尔思,SZ,13.97,14.15,13.68,13.72,25876702.0
2024-06-28,300229,拓尔思,SZ,13.83,13.95,13.35,13.43,20129906.0
2024-07-01,300229,拓尔思,SZ,13.43,13.61,13.15,13.52,12335660.0
2024-07-02,300229,拓尔思,SZ,13.55,14.0,13.55,13.69,18214988.0
2024-07-03,300229,拓尔思,SZ,13.69,13.69,13.32,13.32,11966100.0
2024-07-04,300229,拓尔思,SZ,13.38,13.54,12.98,13.02,9707100.0
2024-07-05,300229,拓尔思,SZ,12.95,13.3,12.79,13.17,11861183.0
2024-07-08,300229,拓尔思,SZ,13.14,13.14,12.63,12.7,10618077.0
2024-07-09,300229,拓尔思,SZ,12.75,13.23,12.55,13.16,14427549.0
2024-07-10,300229,拓尔思,SZ,13.1,13.35,13.01,13.07,11293980.0
2024-07-11,300229,拓尔思,SZ,13.39,13.48,13.26,13.33,13296855.0
2024-07-12,300229,拓尔思,SZ,13.21,13.3,13.02,13.03,9750018.0
2024-07-15,300229,拓尔思,SZ,13.02,13.02,12.77,12.82,8006947.0
2024-07-16,300229,拓尔思,SZ,12.78,13.11,12.71,13.06,10040900.0
2024-07-17,300229,拓尔思,SZ,13.01,13.32,12.85,12.86,12354374.0
2024-07-18,300229,拓尔思,SZ,12.72,12.77,12.28,12.66,13468074.0
2024-07-19,300229,拓尔思,SZ,12.66,13.01,12.56,12.78,10303300.0
2024-07-22,300229,拓尔思,SZ,13.09,13.14,12.87,12.99,11590610.0
2024-07-23,300229,拓尔思,SZ,12.94,13.04,12.65,12.68,9166600.0
2024-07-24,300229,拓尔思,SZ,12.52,12.77,12.38,12.39,8435334.0
2024-07-25,300229,拓尔思,SZ,12.3,12.61,12.3,12.36,6766553.0
2024-07-26,300229,拓尔思,SZ,12.47,12.65,12.37,12.45,8368363.0
2024-07-29,300229,拓尔思,SZ,12.46,12.59,12.28,12.51,9469440.0
2024-07-30,300229,拓尔思,SZ,12.46,12.66,12.33,12.53,8873863.0
2024-07-31,300229,拓尔思,SZ,12.53,13.08,12.51,13.06,16789949.0
2024-08-01,300229,拓尔思,SZ,13.03,13.2,12.9,12.98,11963150.0
2024-08-02,300229,拓尔思,SZ,12.85,13.05,12.55,12.59,13073045.0
2024-08-05,300229,拓尔思,SZ,12.45,12.78,11.98,12.02,15981133.0
2024-08-06,300229,拓尔思,SZ,12.26,12.36,12.01,12.22,9897225.0
2024-08-07,300229,拓尔思,SZ,12.17,12.3,12.12,12.14,7830677.0
2024-08-08,300229,拓尔思,SZ,12.03,12.15,11.69,11.97,10879100.0
2024-08-09,300229,拓尔思,SZ,12.05,12.2,11.81,11.82,6876384.0
2024-08-12,300229,拓尔思,SZ,11.75,11.89,11.6,11.66,7376984.0
2024-08-13,300229,拓尔思,SZ,11.66,11.78,11.49,11.69,7266090.0
2024-08-14,300229,拓尔思,SZ,11.72,11.82,11.55,11.68,8901223.0
2024-08-15,300229,拓尔思,SZ,11.63,12.04,11.56,11.85,11920474.0
2024-08-16,300229,拓尔思,SZ,11.89,11.96,11.81,11.84,7824049.0
2024-08-19,300229,拓尔思,SZ,11.85,12.06,11.83,11.91,8873455.0
2024-08-20,300229,拓尔思,SZ,11.87,11.94,11.58,11.62,8310305.0
2024-08-21,300229,拓尔思,SZ,11.58,11.74,11.38,11.41,7682492.0
2024-08-22,300229,拓尔思,SZ,11.44,11.59,11.0,11.03,11931342.0
2024-08-23,300229,拓尔思,SZ,11.03,11.34,11.0,11.25,10766119.0
2024-08-26,300229,拓尔思,SZ,11.31,11.34,11.08,11.17,7044405.0
2024-08-27,300229,拓尔思,SZ,11.16,11.25,10.79,10.82,10204400.0
2024-08-28,300229,拓尔思,SZ,10.75,11.1,10.65,11.03,10290393.0
2024-08-29,300229,拓尔思,SZ,10.96,11.3,10.91,11.24,8340583.0
2024-08-30,300229,拓尔思,SZ,11.34,11.72,11.28,11.52,15030862.0
2024-09-02,300229,拓尔思,SZ,11.47,11.62,11.13,11.14,10400999.0
2024-09-03,300229,拓尔思,SZ,11.19,11.39,11.12,11.36,9582400.0
2024-09-04,300229,拓尔思,SZ,11.21,11.47,11.15,11.29,7883900.0
2024-09-05,300229,拓尔思,SZ,11.29,11.57,11.22,11.46,10330300.0
2024-09-06,300229,拓尔思,SZ,11.48,11.51,11.19,11.21,7929850.0
2024-09-09,300229,拓尔思,SZ,11.12,11.3,10.98,11.1,7022390.0
2024-09-10,300229,拓尔思,SZ,11.2,11.58,10.96,11.46,12991200.0
2024-09-11,300229,拓尔思,SZ,11.41,11.54,11.3,11.52,11953268.0
2024-09-12,300229,拓尔思,SZ,11.56,11.79,11.53,11.54,13579179.0
2024-09-13,300229,拓尔思,SZ,11.59,11.69,11.29,11.3,10379915.0
2024-09-18,300229,拓尔思,SZ,11.3,11.4,11.0,11.16,9293676.0
2024-09-19,300229,拓尔思,SZ,11.31,11.67,11.15,11.57,14279802.0
2024-09-20,300229,拓尔思,SZ,11.63,12.23,11.56,11.98,37980182.0
2024-09-23,300229,拓尔思,SZ,11.87,12.22,11.87,12.06,26658278.0
2024-09-24,300229,拓尔思,SZ,12.06,12.32,11.75,12.29,31121054.0
2024-09-25,300229,拓尔思,SZ,12.39,12.74,12.29,12.3,33112772.0
2024-09-26,300229,拓尔思,SZ,12.3,12.64,12.23,12.64,24313435.0
2024-09-27,300229,拓尔思,SZ,12.83,14.11,12.83,13.92,49004895.0
2024-09-30,300229,拓尔思,SZ,15.06,16.66,14.77,16.64,79269029.0
2024-10-08,300229,拓尔思,SZ,19.96,19.97,17.6,19.97,102822930.0
2024-10-09,300229,拓尔思,SZ,18.65,19.39,16.82,17.48,89118120.0
2024-10-10,300229,拓尔思,SZ,18.5,18.55,16.85,16.9,52132275.0
2024-10-11,300229,拓尔思,SZ,16.4,16.98,15.29,15.73,43051325.0
2024-10-14,300229,拓尔思,SZ,15.77,16.7,15.25,16.58,44012055.0
2024-10-15,300229,拓尔思,SZ,16.51,17.19,16.16,16.16,45183104.0
2024-10-16,300229,拓尔思,SZ,15.8,16.61,15.68,16.31,29770575.0
2024-10-17,300229,拓尔思,SZ,16.61,17.45,16.55,16.8,59654127.0
2024-10-18,300229,拓尔思,SZ,16.65,18.01,16.47,17.47,64810006.0
2024-10-21,300229,拓尔思,SZ,17.78,18.29,17.5,17.75,60508854.0
2024-10-22,300229,拓尔思,SZ,17.6,19.22,17.4,18.86,88778635.0
2024-10-23,300229,拓尔思,SZ,18.86,18.86,17.85,17.95,62649536.0
2024-10-24,300229,拓尔思,SZ,17.67,17.88,17.19,17.4,32867523.0
2024-10-25,300229,拓尔思,SZ,17.35,17.75,17.21,17.46,31015879.0
2024-10-28,300229,拓尔思,SZ,17.35,17.7,17.32,17.46,29387550.0
2024-10-29,300229,拓尔思,SZ,17.55,17.61,16.87,16.88,41607065.0
2024-10-30,300229,拓尔思,SZ,17.11,17.26,16.46,16.75,36531231.0
2024-10-31,300229,拓尔思,SZ,16.64,17.3,16.51,17.03,35243792.0
2024-11-01,300229,拓尔思,SZ,17.0,17.15,15.75,15.76,38096814.0
2024-11-04,300229,拓尔思,SZ,15.76,16.42,15.76,16.31,19136339.0
2024-11-05,300229,拓尔思,SZ,16.3,17.3,16.19,17.2,37906219.0
2024-11-06,300229,拓尔思,SZ,17.24,17.82,17.11,17.34,44645565.0
2024-11-07,300229,拓尔思,SZ,17.03,17.52,16.91,17.5,36314342.0
2024-11-08,300229,拓尔思,SZ,17.85,18.16,17.42,17.44,47432406.0
2024-11-11,300229,拓尔思,SZ,17.44,18.55,17.31,18.39,58410257.0
2024-11-12,300229,拓尔思,SZ,18.33,18.88,17.93,18.25,61414965.0
2024-11-13,300229,拓尔思,SZ,18.01,19.21,18.01,19.21,88736151.0
2024-11-14,300229,拓尔思,SZ,19.89,19.89,17.7,17.83,79030112.0
2024-11-15,300229,拓尔思,SZ,17.78,19.26,17.78,18.07,73298558.0
2024-11-18,300229,拓尔思,SZ,18.38,18.47,16.0,16.09,60230293.0
2024-11-19,300229,拓尔思,SZ,16.1,16.74,15.95,16.73,31494477.0
2024-11-20,300229,拓尔思,SZ,16.51,17.83,16.33,17.57,45930589.0
2024-11-21,300229,拓尔思,SZ,17.5,17.97,17.26,17.6,40757234.0
2024-11-22,300229,拓尔思,SZ,17.44,21.12,17.31,21.12,206600071.0
2024-11-25,300229,拓尔思,SZ,21.88,22.22,19.5,21.53,219449344.0
2024-11-26,300229,拓尔思,SZ,20.5,20.87,19.34,19.38,123858925.0
2024-11-27,300229,拓尔思,SZ,18.71,20.43,18.56,20.34,101970540.0
2024-11-28,300229,拓尔思,SZ,20.0,20.7,19.16,19.22,92100883.0
2024-11-29,300229,拓尔思,SZ,18.96,23.06,18.9,23.06,180310740.0
2024-12-02,300229,拓尔思,SZ,22.88,25.0,22.56,23.01,227535653.0
2024-12-03,300229,拓尔思,SZ,22.89,22.91,21.72,22.09,135243174.0
2024-12-04,300229,拓尔思,SZ,21.79,22.76,21.6,21.72,109708135.0
2024-12-05,300229,拓尔思,SZ,21.91,23.89,21.91,23.19,130781440.0
2024-12-06,300229,拓尔思,SZ,23.21,24.62,22.51,22.82,125924009.0
2024-12-09,300229,拓尔思,SZ,22.63,23.72,21.97,22.49,83588196.0
2024-12-10,300229,拓尔思,SZ,23.63,25.49,22.89,23.97,154883677.0
2024-12-11,300229,拓尔思,SZ,23.33,23.79,22.6,23.23,91697595.0
2024-12-12,300229,拓尔思,SZ,23.1,23.37,21.89,22.75,92013662.0
2024-12-13,300229,拓尔思,SZ,22.47,22.79,21.61,21.63,78707657.0
2024-12-16,300229,拓尔思,SZ,21.51,21.98,20.93,21.31,52340658.0
2024-12-17,300229,拓尔思,SZ,21.11,21.28,20.0,20.23,56089207.0
2024-12-18,300229,拓尔思,SZ,20.3,20.86,19.8,20.45,49558841.0
2024-12-19,300229,拓尔思,SZ,20.05,20.93,19.9,20.78,52901982.0
2024-12-20,300229,拓尔思,SZ,20.79,21.38,20.53,21.31,50936775.0
2024-12-23,300229,拓尔思,SZ,21.11,21.17,19.69,19.78,53022677.0
2024-12-24,300229,拓尔思,SZ,19.92,20.14,19.23,19.71,35766861.0
2024-12-25,300229,拓尔思,SZ,19.82,19.82,18.92,19.08,32049468.0
2024-12-26,300229,拓尔思,SZ,19.1,21.4,19.1,20.78,74089576.0
2024-12-27,300229,拓尔思,SZ,20.82,20.97,20.22,20.46,49623428.0
2024-12-30,300229,拓尔思,SZ,20.3,20.95,19.88,20.67,42768056.0
2024-12-31,300229,拓尔思,SZ,20.98,21.69,20.61,20.94,80357163.0
2025-01-02,300229,拓尔思,SZ,20.41,21.69,19.75,21.08,68713906.0
2025-01-03,300229,拓尔思,SZ,20.71,20.76,18.4,18.42,69081528.0
2025-01-06,300229,拓尔思,SZ,18.06,18.88,17.0,17.18,56341518.0
2025-01-07,300229,拓尔思,SZ,17.34,17.75,17.01,17.74,39069100.0
2025-01-08,300229,拓尔思,SZ,17.6,17.9,16.78,17.59,45644950.0
2025-01-09,300229,拓尔思,SZ,17.41,18.3,17.37,17.88,39907431.0
2025-01-10,300229,拓尔思,SZ,17.76,18.24,17.17,17.17,35558981.0
2025-01-13,300229,拓尔思,SZ,17.14,17.48,16.66,17.33,29060894.0
2025-01-14,300229,拓尔思,SZ,17.59,18.94,17.46,18.88,55997849.0
2025-01-15,300229,拓尔思,SZ,18.88,19.75,18.87,19.14,62078788.0
2025-01-16,300229,拓尔思,SZ,19.17,19.9,18.78,18.91,53463692.0
2025-01-17,300229,拓尔思,SZ,18.73,19.0,18.5,18.68,32891260.0
2025-01-20,300229,拓尔思,SZ,18.95,19.1,18.57,18.65,28989110.0
2025-01-21,300229,拓尔思,SZ,18.92,19.24,18.53,18.89,33103287.0
2025-01-22,300229,拓尔思,SZ,18.71,19.16,18.58,18.78,31676141.0
2025-01-23,300229,拓尔思,SZ,17.5,18.28,17.13,17.22,83255425.0
2025-01-24,300229,拓尔思,SZ,17.4,18.85,17.03,18.77,84465247.0
2025-01-27,300229,拓尔思,SZ,22.52,22.52,21.4,22.11,185558336.0
2025-02-05,300229,拓尔思,SZ,25.0,26.53,24.96,26.53,77306704.0
2025-02-06,300229,拓尔思,SZ,26.66,29.96,25.86,27.75,257267228.0
2025-02-07,300229,拓尔思,SZ,27.51,28.97,26.6,27.41,208014683.0
2025-02-10,300229,拓尔思,SZ,27.3,29.29,27.01,29.15,191919099.0
2025-02-11,300229,拓尔思,SZ,27.98,29.49,27.44,27.68,169648108.0
2025-02-12,300229,拓尔思,SZ,27.19,30.43,27.18,29.16,177976130.0
2025-02-13,300229,拓尔思,SZ,29.14,29.14,27.38,28.02,139218571.0
2025-02-14,300229,拓尔思,SZ,28.4,29.76,26.95,28.95,162447632.0
2025-02-17,300229,拓尔思,SZ,30.43,30.74,27.93,28.37,149800792.0
2025-02-18,300229,拓尔思,SZ,27.51,28.27,25.75,25.91,132480200.0
2025-02-19,300229,拓尔思,SZ,26.14,26.82,25.69,26.77,86787861.0
2025-02-20,300229,拓尔思,SZ,26.88,26.93,25.95,26.49,75149197.0
2025-02-21,300229,拓尔思,SZ,26.93,27.45,25.96,27.22,112456095.0
2025-02-24,300229,拓尔思,SZ,27.33,28.0,26.51,27.03,102991723.0
2025-02-25,300229,拓尔思,SZ,25.87,26.62,25.77,26.18,72806968.0
2025-02-26,300229,拓尔思,SZ,26.45,26.85,26.07,26.52,61984894.0
2025-02-27,300229,拓尔思,SZ,26.47,28.5,26.31,28.26,150405156.0
2025-02-28,300229,拓尔思,SZ,27.76,27.8,24.1,24.82,113457447.0
2025-03-03,300229,拓尔思,SZ,24.8,25.18,23.59,24.07,63128475.0
2025-03-04,300229,拓尔思,SZ,23.55,24.46,23.41,24.2,40461687.0
2025-03-05,300229,拓尔思,SZ,24.21,24.98,23.85,24.7,54464299.0
2025-03-06,300229,拓尔思,SZ,25.2,26.85,25.2,26.22,91783836.0
2025-03-07,300229,拓尔思,SZ,26.56,27.42,25.4,25.62,96850120.0
2025-03-10,300229,拓尔思,SZ,25.51,25.7,24.55,24.92,54431628.0
2025-03-11,300229,拓尔思,SZ,24.38,24.92,24.25,24.6,35241053.0
2025-03-12,300229,拓尔思,SZ,24.91,25.14,24.6,24.6,38900472.0
2025-03-13,300229,拓尔思,SZ,24.45,24.47,23.42,23.84,42003165.0
2025-03-14,300229,拓尔思,SZ,23.73,24.37,23.56,24.33,37269369.0
2025-03-17,300229,拓尔思,SZ,24.37,24.4,23.86,24.09,24995989.0
2025-03-18,300229,拓尔思,SZ,24.28,24.53,23.91,24.07,28621409.0
2025-03-19,300229,拓尔思,SZ,23.93,24.07,23.61,23.7,24863125.0
2025-03-20,300229,拓尔思,SZ,23.66,24.76,23.36,24.16,50058600.0
2025-03-21,300229,拓尔思,SZ,23.72,23.95,23.0,23.02,37956563.0
2025-03-24,300229,拓尔思,SZ,23.01,23.01,21.55,22.33,38698591.0
2025-03-25,300229,拓尔思,SZ,22.34,22.37,21.56,21.67,24624836.0
2025-03-26,300229,拓尔思,SZ,21.67,21.98,21.66,21.68,18441600.0
2025-03-27,300229,拓尔思,SZ,21.69,21.94,21.3,21.56,18421450.0
2025-03-28,300229,拓尔思,SZ,21.55,21.83,21.2,21.25,15996873.0
2025-03-31,300229,拓尔思,SZ,21.08,21.45,20.47,21.37,28632365.0
2025-04-01,300229,拓尔思,SZ,21.41,21.5,21.01,21.09,17617150.0
2025-04-02,300229,拓尔思,SZ,21.09,21.3,20.97,21.06,13810500.0
2025-04-03,300229,拓尔思,SZ,20.66,21.15,20.5,20.69,16249535.0
2025-04-07,300229,拓尔思,SZ,19.0,19.35,16.55,16.55,45476361.0
2025-04-08,300229,拓尔思,SZ,16.57,17.68,16.49,17.11,43854795.0
2025-04-09,300229,拓尔思,SZ,16.78,18.09,15.64,17.88,46203311.0
2025-04-10,300229,拓尔思,SZ,18.53,19.21,18.45,18.54,40804611.0
2025-04-11,300229,拓尔思,SZ,18.2,18.93,18.17,18.65,28570975.0
2025-04-14,300229,拓尔思,SZ,18.98,19.28,18.77,18.85,24409875.0
2025-04-15,300229,拓尔思,SZ,18.8,18.97,18.5,18.67,17846098.0
2025-04-16,300229,拓尔思,SZ,18.62,18.65,17.9,18.22,19701089.0
2025-04-17,300229,拓尔思,SZ,18.2,18.58,18.08,18.14,17217034.0
2025-04-18,300229,拓尔思,SZ,18.05,18.26,17.92,18.11,14533400.0
2025-04-21,300229,拓尔思,SZ,18.08,18.69,17.82,18.68,19484451.0
2025-04-22,300229,拓尔思,SZ,18.61,18.77,18.35,18.4,17064884.0
2025-04-23,300229,拓尔思,SZ,18.55,18.95,18.43,18.63,23724917.0
2025-04-24,300229,拓尔思,SZ,18.4,18.44,17.6,17.81,29277941.0
2025-04-25,300229,拓尔思,SZ,17.75,19.1,17.75,18.1,35968237.0
2025-04-28,300229,拓尔思,SZ,18.0,18.58,17.76,17.81,24895926.0
2025-04-29,300229,拓尔思,SZ,17.5,17.52,16.91,17.18,60727402.0
2025-04-30,300229,拓尔思,SZ,17.45,18.45,17.26,18.23,52378466.0
2025-05-06,300229,拓尔思,SZ,18.6,19.57,18.49,19.28,53458617.0
2025-05-07,300229,拓尔思,SZ,19.62,20.03,18.93,19.16,49078165.0
2025-05-08,300229,拓尔思,SZ,19.16,19.78,19.01,19.43,41050483.0
2025-05-09,300229,拓尔思,SZ,19.4,19.4,18.78,18.84,29184153.0
2025-05-12,300229,拓尔思,SZ,19.07,19.35,18.88,19.34,33734192.0
2025-05-13,300229,拓尔思,SZ,19.76,19.88,19.08,19.17,34972180.0
2025-05-14,300229,拓尔思,SZ,19.27,19.73,19.1,19.51,44099480.0
2025-05-15,300229,拓尔思,SZ,19.51,19.56,18.68,18.74,32394255.0
2025-05-16,300229,拓尔思,SZ,18.61,18.86,18.4,18.52,21473500.0
2025-05-19,300229,拓尔思,SZ,18.51,18.51,18.08,18.4,21214229.0
2025-05-20,300229,拓尔思,SZ,17.49,18.03,17.26,17.9,41899328.0
2025-05-21,300229,拓尔思,SZ,17.8,17.85,17.49,17.61,21996361.0
2025-05-22,300229,拓尔思,SZ,17.51,17.97,17.44,17.88,28438532.0
2025-05-23,300229,拓尔思,SZ,17.79,18.49,17.62,17.67,47240732.0
2025-05-26,300229,拓尔思,SZ,17.78,18.15,17.56,17.87,25683429.0
2025-05-27,300229,拓尔思,SZ,17.73,17.75,17.25,17.32,27473139.0
2025-05-28,300229,拓尔思,SZ,17.39,17.46,16.93,16.99,23328598.0
2025-05-29,300229,拓尔思,SZ,16.99,17.64,16.98,17.63,29919005.0
2025-05-30,300229,拓尔思,SZ,17.5,17.55,17.08,17.13,20943297.0
2025-06-03,300229,拓尔思,SZ,17.0,17.94,16.96,17.24,24697116.0
2025-06-04,300229,拓尔思,SZ,17.34,17.66,17.2,17.49,17592303.0
2025-06-05,300229,拓尔思,SZ,17.49,18.14,17.48,18.02,33031374.0
2025-06-06,300229,拓尔思,SZ,18.04,18.26,17.73,18.03,28340074.0
2025-06-09,300229,拓尔思,SZ,18.1,18.52,18.0,18.43,29663179.0
2025-06-10,300229,拓尔思,SZ,18.41,18.48,17.62,17.89,30445213.0
2025-06-11,300229,拓尔思,SZ,17.8,18.17,17.8,17.88,19771686.0
2025-06-12,300229,拓尔思,SZ,17.7,18.08,17.6,17.79,17743429.0
2025-06-13,300229,拓尔思,SZ,17.65,17.79,17.05,17.08,30218257.0
2025-06-16,300229,拓尔思,SZ,16.99,17.54,16.93,17.48,22768491.0
2025-06-17,300229,拓尔思,SZ,17.48,17.55,17.25,17.41,14767910.0
2025-06-18,300229,拓尔思,SZ,17.38,17.48,17.2,17.37,14438000.0
2025-06-19,300229,拓尔思,SZ,17.4,17.73,17.15,17.22,27825250.0
2025-06-20,300229,拓尔思,SZ,17.35,17.37,16.6,16.62,25663926.0
2025-06-23,300229,拓尔思,SZ,16.3,17.12,16.3,17.04,19776725.0
2025-06-24,300229,拓尔思,SZ,17.07,17.64,17.05,17.61,27876518.0
2025-06-25,300229,拓尔思,SZ,17.56,18.15,17.45,18.14,40097617.0
2025-06-26,300229,拓尔思,SZ,18.28,18.72,18.05,18.26,53475833.0
2025-06-27,300229,拓尔思,SZ,18.19,19.08,18.09,18.29,43372831.0
2025-06-30,300229,拓尔思,SZ,18.43,18.55,18.2,18.44,26398641.0
2025-07-01,300229,拓尔思,SZ,18.46,18.54,18.01,18.15,25550518.0
2025-07-02,300229,拓尔思,SZ,18.16,18.17,17.61,17.73,22410429.0
2025-07-03,300229,拓尔思,SZ,17.73,18.02,17.67,17.84,17288959.0
2025-07-04,300229,拓尔思,SZ,17.79,17.94,17.56,17.6,21033943.0
2025-07-07,300229,拓尔思,SZ,17.6,17.69,17.41,17.47,15160729.0
2025-07-08,300229,拓尔思,SZ,17.47,18.14,17.36,18.09,29669512.0
2025-07-09,300229,拓尔思,SZ,18.18,18.24,17.86,17.94,22704032.0
2025-07-10,300229,拓尔思,SZ,17.88,18.13,17.74,18.01,19851602.0
2025-07-11,300229,拓尔思,SZ,18.12,19.65,17.76,19.22,98670133.0
2025-07-14,300229,拓尔思,SZ,19.89,20.95,19.27,20.51,134274770.0
2025-07-15,300229,拓尔思,SZ,20.07,21.37,19.8,20.99,115512159.0
2025-07-16,300229,拓尔思,SZ,20.94,21.08,20.23,20.37,72728940.0
2025-07-17,300229,拓尔思,SZ,20.38,22.0,20.38,21.11,103438692.0
2025-07-18,300229,拓尔思,SZ,21.15,23.0,21.01,22.56,127326678.0
2025-07-21,300229,拓尔思,SZ,22.15,22.8,21.66,22.09,85218584.0
2025-07-22,300229,拓尔思,SZ,22.1,22.14,20.99,21.07,87890233.0
2025-07-23,300229,拓尔思,SZ,21.13,22.76,20.77,22.29,110485344.0
2025-07-24,300229,拓尔思,SZ,22.0,22.47,21.8,22.09,70018470.0
2025-07-25,300229,拓尔思,SZ,22.38,23.99,22.32,23.76,124101465.0
2025-07-28,300229,拓尔思,SZ,23.65,24.92,22.6,24.3,106351696.0
2025-07-29,300229,拓尔思,SZ,23.92,24.95,23.52,23.8,94471784.0
2025-07-30,300229,拓尔思,SZ,23.46,24.79,23.2,23.85,78406851.0
2025-07-31,300229,拓尔思,SZ,24.4,25.35,23.92,24.63,102071979.0
2025-08-01,300229,拓尔思,SZ,25.09,25.41,23.67,25.15,94651788.0
2025-08-04,300229,拓尔思,SZ,24.52,25.48,24.51,25.34,68279139.0
2025-08-05,300229,拓尔思,SZ,25.26,25.67,24.1,24.15,66214378.0
2025-08-06,300229,拓尔思,SZ,24.0,27.2,23.07,26.32,127702636.0
2025-08-07,300229,拓尔思,SZ,26.0,27.5,25.67,26.91,108370300.0
2025-08-08,300229,拓尔思,SZ,26.4,27.18,25.68,25.83,76171471.0
2025-08-11,300229,拓尔思,SZ,25.5,26.68,25.21,25.95,65069248.0
2025-08-12,300229,拓尔思,SZ,25.63,25.8,23.93,24.66,88327905.0
2025-08-13,300229,拓尔思,SZ,24.56,25.15,24.36,24.6,60823760.0
2025-08-14,300229,拓尔思,SZ,24.57,25.9,24.47,25.32,91891973.0
2025-08-15,300229,拓尔思,SZ,24.8,27.0,24.72,26.2,87640278.0
2025-08-18,300229,拓尔思,SZ,26.21,27.18,26.0,26.26,99957327.0
2025-08-19,300229,拓尔思,SZ,26.02,28.01,25.68,26.73,98003278.0
2025-08-20,300229,拓尔思,SZ,26.3,26.58,25.51,26.33,69281845.0
2025-08-21,300229,拓尔思,SZ,25.7,27.3,25.53,26.63,83747123.0
2025-08-22,300229,拓尔思,SZ,26.65,28.0,26.35,27.69,95993627.0
2025-08-25,300229,拓尔思,SZ,27.71,27.98,26.4,27.01,102024872.0
2025-08-26,300229,拓尔思,SZ,26.79,27.68,26.38,26.9,62709420.0
2025-08-27,300229,拓尔思,SZ,27.7,27.9,25.21,25.29,85834809.0
2025-08-28,300229,拓尔思,SZ,25.04,25.46,23.2,24.37,120527991.0
2025-08-29,300229,拓尔思,SZ,24.11,24.15,23.3,23.45,71738992.0
2025-09-01,300229,拓尔思,SZ,23.98,24.1,23.13,23.22,56649677.0
2025-09-02,300229,拓尔思,SZ,23.29,23.37,22.35,22.73,56822420.0
2025-09-03,300229,拓尔思,SZ,22.77,22.97,21.65,21.72,50751162.0
2025-09-04,300229,拓尔思,SZ,21.74,22.56,21.18,21.66,51396666.0
2025-09-05,300229,拓尔思,SZ,21.71,22.15,21.22,22.01,38416945.0
2025-09-08,300229,拓尔思,SZ,21.8,22.5,21.8,22.29,46907437.0
2025-09-09,300229,拓尔思,SZ,22.1,22.12,21.21,21.22,43724721.0
2025-09-10,300229,拓尔思,SZ,21.3,21.97,21.3,21.6,33464125.0
2025-09-11,300229,拓尔思,SZ,21.88,22.19,21.37,22.16,46606174.0
2025-09-12,300229,拓尔思,SZ,21.89,22.5,21.7,22.05,48292752.0
2025-09-15,300229,拓尔思,SZ,21.91,22.17,21.62,21.68,32031381.0
2025-09-16,300229,拓尔思,SZ,21.69,22.25,21.5,22.17,35479433.0
2025-09-17,300229,拓尔思,SZ,22.05,22.63,21.83,22.4,39174398.0
2025-09-18,300229,拓尔思,SZ,22.28,23.04,21.92,22.2,59738987.0
2025-09-19,300229,拓尔思,SZ,22.22,22.75,21.58,21.68,38550455.0
2025-09-22,300229,拓尔思,SZ,21.72,22.09,21.13,21.56,40670960.0
2025-09-23,300229,拓尔思,SZ,21.55,21.56,20.45,20.93,45419058.0
2025-09-24,300229,拓尔思,SZ,20.71,21.28,20.62,21.25,32227975.0
2025-09-25,300229,拓尔思,SZ,21.28,22.69,21.21,22.26,69667367.0
2025-09-26,300229,拓尔思,SZ,22.22,22.22,21.39,21.39,38717476.0
2025-09-29,300229,拓尔思,SZ,21.5,21.58,20.95,21.21,30245886.0
2025-09-30,300229,拓尔思,SZ,21.83,22.98,21.77,22.41,69532480.0
2025-10-09,300229,拓尔思,SZ,22.5,22.97,22.0,22.69,59483875.0
2025-10-10,300229,拓尔思,SZ,22.4,22.44,21.32,21.4,47867464.0
2025-10-13,300229,拓尔思,SZ,20.52,21.3,20.51,21.1,27255996.0
2025-10-14,300229,拓尔思,SZ,21.3,21.5,20.56,20.61,27963039.0
2025-10-15,300229,拓尔思,SZ,20.61,20.9,19.8,20.89,26159996.0
2025-10-16,300229,拓尔思,SZ,20.77,20.77,20.05,20.12,25328673.0
2025-10-17,300229,拓尔思,SZ,20.13,20.22,19.21,19.22,28065596.0
2025-10-20,300229,拓尔思,SZ,19.6,19.85,19.47,19.66,19629312.0
2025-10-21,300229,拓尔思,SZ,19.7,19.82,19.52,19.73,15772751.0
2025-10-22,300229,拓尔思,SZ,19.55,19.72,19.44,19.52,11598411.0
2025-10-23,300229,拓尔思,SZ,19.52,20.02,19.28,19.95,18197988.0
2025-10-24,300229,拓尔思,SZ,19.65,19.82,19.31,19.41,31631025.0
2025-10-27,300229,拓尔思,SZ,19.54,19.87,19.35,19.65,24093035.0
2025-10-28,300229,拓尔思,SZ,19.67,20.11,19.48,19.77,26677169.0
2025-10-29,300229,拓尔思,SZ,19.68,19.82,19.41,19.82,20500554.0
2025-10-30,300229,拓尔思,SZ,19.81,20.09,19.52,19.63,25549507.0
2025-10-31,300229,拓尔思,SZ,19.5,20.94,19.5,20.58,59032479.0
2025-11-03,300229,拓尔思,SZ,20.8,21.45,20.45,21.35,51983068.0
2025-11-04,300229,拓尔思,SZ,20.98,21.03,20.52,20.72,33101428.0
2025-11-05,300229,拓尔思,SZ,20.4,20.62,20.13,20.41,22234311.0
2025-11-06,300229,拓尔思,SZ,20.35,20.46,20.0,20.25,20849649.0
2025-11-07,300229,拓尔思,SZ,20.06,20.34,19.92,19.99,19342660.0
2025-11-10,300229,拓尔思,SZ,20.33,20.56,20.0,20.17,16830956.0
2025-11-11,300229,拓尔思,SZ,20.17,20.88,19.81,20.28,29787804.0
2025-11-12,300229,拓尔思,SZ,20.13,20.2,19.58,19.72,19400492.0
2025-11-13,300229,拓尔思,SZ,19.66,20.12,19.56,20.11,17470354.0
2025-11-14,300229,拓尔思,SZ,19.99,19.99,19.5,19.5,18142574.0
2025-11-17,300229,拓尔思,SZ,19.4,20.3,19.4,20.17,27270091.0
2025-11-18,300229,拓尔思,SZ,20.15,20.93,19.95,20.66,41055128.0
2025-11-19,300229,拓尔思,SZ,20.79,20.9,20.13,20.25,25815842.0
2025-11-20,300229,拓尔思,SZ,20.39,20.5,19.77,19.8,22410189.0
2025-11-21,300229,拓尔思,SZ,19.52,20.24,19.21,19.56,28797269.0
2025-11-24,300229,拓尔思,SZ,19.98,20.89,19.75,20.72,58213267.0
2025-11-25,300229,拓尔思,SZ,20.7,21.4,20.67,21.09,59965703.0
2025-11-26,300229,拓尔思,SZ,20.98,21.39,20.8,20.84,39873590.0
2025-11-27,300229,拓尔思,SZ,20.75,21.05,20.54,20.76,31179961.0
2025-11-28,300229,拓尔思,SZ,20.7,21.65,20.31,21.44,68614491.0
2025-12-01,300229,拓尔思,SZ,20.99,21.14,20.7,20.95,45782857.0
2025-12-02,300229,拓尔思,SZ,21.16,21.29,20.57,20.63,29740937.0
2025-12-03,300229,拓尔思,SZ,20.57,20.63,19.86,19.98,29386982.0
2025-12-04,300229,拓尔思,SZ,19.9,20.1,19.76,20.01,15572162.0
2025-12-05,300229,拓尔思,SZ,20.0,20.18,19.7,20.11,20175162.0
2025-12-08,300229,拓尔思,SZ,20.08,20.28,20.01,20.06,24344083.0
2025-12-09,300229,拓尔思,SZ,19.96,20.13,19.63,19.66,21608474.0
2025-12-10,300229,拓尔思,SZ,19.67,19.82,19.45,19.81,15889420.0
2025-12-11,300229,拓尔思,SZ,19.8,19.8,19.45,19.45,14892659.0
2025-12-12,300229,拓尔思,SZ,19.45,19.79,19.42,19.68,15323378.0
2025-12-15,300229,拓尔思,SZ,19.48,19.57,19.24,19.24,13872480.0
2025-12-16,300229,拓尔思,SZ,19.23,19.24,18.3,18.4,20391603.0
2025-12-17,300229,拓尔思,SZ,18.43,18.67,17.95,18.6,18236502.0
2025-12-18,300229,拓尔思,SZ,18.42,18.64,18.35,18.41,10833856.0
2025-12-19,300229,拓尔思,SZ,18.46,18.6,18.4,18.58,10371623.0
2025-12-22,300229,拓尔思,SZ,18.6,18.74,18.53,18.67,11122159.0
2025-12-23,300229,拓尔思,SZ,18.99,19.17,18.5,18.55,12490058.0
2025-12-24,300229,拓尔思,SZ,18.45,18.64,18.36,18.6,12273311.0
2025-12-25,300229,拓尔思,SZ,18.65,18.92,18.56,18.8,13108052.0
2025-12-26,300229,拓尔思,SZ,18.8,18.99,18.69,18.83,14574979.0
2025-12-29,300229,拓尔思,SZ,18.8,19.39,18.77,19.2,23025678.0
2025-12-30,300229,拓尔思,SZ,19.22,19.66,19.22,19.46,24008637.0
2025-12-31,300229,拓尔思,SZ,19.5,20.04,19.33,19.9,29321302.0
2026-01-05,300229,拓尔思,SZ,19.92,20.48,19.75,20.33,40523564.0
2026-01-06,300229,拓尔思,SZ,20.32,20.32,20.0,20.26,32407282.0
2026-01-07,300229,拓尔思,SZ,20.2,20.43,19.98,20.08,26639047.0
2026-01-08,300229,拓尔思,SZ,20.21,21.0,20.02,20.48,41739331.0
2026-01-09,300229,拓尔思,SZ,20.38,22.12,20.36,22.03,88360315.0
2026-01-12,300229,拓尔思,SZ,23.01,26.44,22.81,26.44,176986504.0
2026-01-13,300229,拓尔思,SZ,28.67,29.88,26.5,26.8,248741376.0
2026-01-14,300229,拓尔思,SZ,26.23,31.0,26.23,30.88,254922305.0
2026-01-15,300229,拓尔思,SZ,28.79,29.0,26.44,27.06,167608923.0
2026-01-16,300229,拓尔思,SZ,26.7,27.13,24.9,25.14,132652637.0
2026-01-19,300229,拓尔思,SZ,24.89,25.18,24.39,24.53,68416997.0
2026-01-20,300229,拓尔思,SZ,24.93,25.06,23.8,23.93,67160959.0
2026-01-21,300229,拓尔思,SZ,23.42,24.39,23.42,23.7,46373232.0
2026-01-22,300229,拓尔思,SZ,23.85,24.33,23.54,23.98,48770806.0
2026-01-23,300229,拓尔思,SZ,24.01,24.87,23.72,24.56,69042419.0
2026-01-26,300229,拓尔思,SZ,24.82,25.15,23.31,23.83,67869260.0
2026-01-27,300229,拓尔思,SZ,23.97,24.74,23.16,24.28,73705215.0
2026-01-28,300229,拓尔思,SZ,24.31,24.45,23.2,23.28,63755213.0
2026-01-29,300229,拓尔思,SZ,22.98,25.34,22.89,23.9,109513976.0
2026-01-30,300229,拓尔思,SZ,23.71,23.81,22.7,22.91,53550897.0
2026-02-02,300229,拓尔思,SZ,23.34,23.49,22.45,22.46,42004553.0
2026-02-03,300229,拓尔思,SZ,22.8,23.3,22.61,23.3,41416265.0
2026-02-04,300229,拓尔思,SZ,23.0,23.42,22.3,22.87,44038464.0
2026-02-05,300229,拓尔思,SZ,22.47,22.78,22.23,22.28,27197202.0
2026-02-06,300229,拓尔思,SZ,22.09,22.39,21.62,21.8,31822179.0
2026-02-09,300229,拓尔思,SZ,22.33,23.35,22.33,23.12,49814288.0
2026-02-10,300229,拓尔思,SZ,23.36,24.26,23.13,23.87,71090285.0
2026-02-11,300229,拓尔思,SZ,23.99,24.17,23.4,23.5,44988674.0
2026-02-12,300229,拓尔思,SZ,23.75,24.39,23.49,24.12,62769011.0
2026-02-13,300229,拓尔思,SZ,23.93,24.64,23.68,23.7,52141975.0
2026-02-24,300229,拓尔思,SZ,23.78,23.78,22.2,22.41,54470980.0
2026-02-25,300229,拓尔思,SZ,22.59,23.04,22.27,22.71,40281514.0
2026-02-26,300229,拓尔思,SZ,22.55,22.73,22.2,22.39,30912501.0
2026-02-27,300229,拓尔思,SZ,22.32,23.66,22.2,23.15,54285688.0
2026-03-02,300229,拓尔思,SZ,24.0,24.98,23.31,23.39,97036774.0
2026-03-03,300229,拓尔思,SZ,23.86,23.99,21.04,21.17,74205451.0
2026-03-04,300229,拓尔思,SZ,20.76,21.36,20.53,20.76,38685927.0
2026-03-05,300229,拓尔思,SZ,21.3,21.4,20.44,20.74,37118308.0
2026-03-06,300229,拓尔思,SZ,20.5,20.97,20.48,20.75,27690265.0
2026-03-09,300229,拓尔思,SZ,20.3,21.58,19.99,21.42,52481381.0
2026-03-10,300229,拓尔思,SZ,21.68,22.66,21.09,21.55,59116860.0
2026-03-11,300229,拓尔思,SZ,21.59,21.77,21.01,21.05,32623086.0
2026-03-12,300229,拓尔思,SZ,21.02,21.49,20.76,20.78,29750104.0
2026-03-13,300229,拓尔思,SZ,20.69,20.72,19.76,19.8,38389544.0
2026-03-16,300229,拓尔思,SZ,19.87,19.99,19.54,19.96,20214371.0
2026-03-17,300229,拓尔思,SZ,20.0,20.06,19.31,19.32,21475313.0
2026-03-18,300229,拓尔思,SZ,19.45,19.97,19.31,19.91,22677199.0
2026-03-19,300229,拓尔思,SZ,19.51,19.8,19.41,19.64,18846363.0
2026-03-20,300229,拓尔思,SZ,19.69,19.72,18.68,18.68,28627875.0
2026-03-23,300229,拓尔思,SZ,18.4,18.5,17.43,17.61,30313524.0
2026-03-24,300229,拓尔思,SZ,17.97,18.15,17.51,18.09,22386173.0
2026-03-25,300229,拓尔思,SZ,18.16,18.75,18.1,18.43,26902130.0
2026-03-26,300229,拓尔思,SZ,18.36,18.42,17.74,17.83,20533612.0
2026-03-27,300229,拓尔思,SZ,17.56,18.18,17.5,18.04,14696010.0
2026-03-30,300229,拓尔思,SZ,17.67,18.07,17.51,18.06,14723082.0
2026-03-31,300229,拓尔思,SZ,18.04,18.4,17.83,17.86,15610739.0
2026-04-01,300229,拓尔思,SZ,18.3,18.36,18.02,18.23,15363229.0
2026-04-02,300229,拓尔思,SZ,18.1,18.15,17.45,17.56,17550409.0
2026-04-03,300229,拓尔思,SZ,17.75,17.79,17.11,17.11,12764608.0
2022-01-04,601600,中国铝业,SH,6.11,6.12,6.0,6.07,220686791.0
2022-01-05,601600,中国铝业,SH,6.04,6.05,5.7,5.82,372622528.0
2022-01-06,601600,中国铝业,SH,5.8,5.93,5.77,5.86,185733531.0
2022-01-07,601600,中国铝业,SH,5.86,6.06,5.82,5.99,276188816.0
2022-01-10,601600,中国铝业,SH,5.97,6.17,5.93,6.09,228029209.0
2022-01-11,601600,中国铝业,SH,6.11,6.3,6.07,6.23,361285200.0
2022-01-12,601600,中国铝业,SH,6.33,6.38,6.13,6.25,240480963.0
2022-01-13,601600,中国铝业,SH,6.23,6.3,6.08,6.09,234814267.0
2022-01-14,601600,中国铝业,SH,6.02,6.06,5.9,5.93,208534811.0
2022-01-17,601600,中国铝业,SH,5.86,5.91,5.76,5.86,179320758.0
2022-01-18,601600,中国铝业,SH,5.85,6.0,5.81,5.95,172650863.0
2022-01-19,601600,中国铝业,SH,5.99,6.1,5.89,5.97,192336343.0
2022-01-20,601600,中国铝业,SH,5.95,6.03,5.86,5.9,133454033.0
2022-01-21,601600,中国铝业,SH,5.88,5.93,5.77,5.84,146279871.0
2022-01-24,601600,中国铝业,SH,5.71,5.74,5.57,5.7,159748432.0
2022-01-25,601600,中国铝业,SH,5.68,5.77,5.4,5.41,191711295.0
2022-01-26,601600,中国铝业,SH,5.49,5.73,5.45,5.66,242659917.0
2022-01-27,601600,中国铝业,SH,5.67,5.71,5.52,5.53,146810134.0
2022-01-28,601600,中国铝业,SH,5.38,5.42,5.1,5.26,314247248.0
2022-02-07,601600,中国铝业,SH,5.37,5.65,5.33,5.62,237406559.0
2022-02-08,601600,中国铝业,SH,5.65,5.95,5.61,5.89,280533968.0
2022-02-09,601600,中国铝业,SH,6.13,6.23,6.04,6.15,422193168.0
2022-02-10,601600,中国铝业,SH,6.28,6.38,6.16,6.26,410583552.0
2022-02-11,601600,中国铝业,SH,6.13,6.35,6.1,6.15,300837712.0
2022-02-14,601600,中国铝业,SH,6.17,6.22,6.01,6.06,213982094.0
2022-02-15,601600,中国铝业,SH,6.09,6.13,5.91,6.02,186994649.0
2022-02-16,601600,中国铝业,SH,5.98,6.07,5.95,6.03,168926306.0
2022-02-17,601600,中国铝业,SH,6.09,6.24,6.08,6.17,282292544.0
2022-02-18,601600,中国铝业,SH,6.11,6.34,6.08,6.26,243859362.0
2022-02-21,601600,中国铝业,SH,6.2,6.21,6.1,6.16,166341485.0
2022-02-22,601600,中国铝业,SH,6.21,6.27,6.07,6.27,276026112.0
2022-02-23,601600,中国铝业,SH,6.15,6.21,6.08,6.15,243530613.0
2022-02-24,601600,中国铝业,SH,6.08,6.53,6.06,6.26,638787408.0
2022-02-25,601600,中国铝业,SH,6.29,6.49,6.23,6.33,509890992.0
2022-02-28,601600,中国铝业,SH,6.46,6.52,6.3,6.48,357887440.0
2022-03-01,601600,中国铝业,SH,6.4,6.42,6.23,6.36,325702688.0
2022-03-02,601600,中国铝业,SH,6.49,7.0,6.45,6.91,841971472.0
2022-03-03,601600,中国铝业,SH,7.01,7.25,6.97,7.15,635084000.0
2022-03-04,601600,中国铝业,SH,7.21,7.5,6.95,7.11,539728944.0
2022-03-07,601600,中国铝业,SH,7.39,7.43,7.17,7.3,450227744.0
2022-03-08,601600,中国铝业,SH,6.9,7.0,6.57,6.71,541151120.0
2022-03-09,601600,中国铝业,SH,6.47,6.52,6.06,6.32,472152128.0
2022-03-10,601600,中国铝业,SH,6.2,6.31,6.05,6.23,307215952.0
2022-03-11,601600,中国铝业,SH,6.16,6.39,5.96,6.37,353134176.0
2022-03-14,601600,中国铝业,SH,6.18,6.3,6.0,6.02,278427856.0
2022-03-15,601600,中国铝业,SH,5.84,5.84,5.42,5.42,405053072.0
2022-03-16,601600,中国铝业,SH,5.5,5.67,5.32,5.63,278728176.0
2022-03-17,601600,中国铝业,SH,5.79,5.9,5.63,5.78,283385840.0
2022-03-18,601600,中国铝业,SH,5.86,6.02,5.83,5.98,261385752.0
2022-03-21,601600,中国铝业,SH,6.11,6.21,6.07,6.16,268785376.0
2022-03-22,601600,中国铝业,SH,6.2,6.34,6.11,6.26,248896966.0
2022-03-23,601600,中国铝业,SH,6.1,6.17,6.05,6.12,212134274.0
2022-03-24,601600,中国铝业,SH,6.18,6.24,6.08,6.14,230905024.0
2022-03-25,601600,中国铝业,SH,6.05,6.16,5.98,6.0,184759985.0
2022-03-28,601600,中国铝业,SH,5.89,6.18,5.81,6.12,197157231.0
2022-03-29,601600,中国铝业,SH,6.11,6.12,6.0,6.03,128588668.0
2022-03-30,601600,中国铝业,SH,5.93,5.98,5.86,5.97,196458835.0
2022-03-31,601600,中国铝业,SH,5.98,6.0,5.74,5.82,202690006.0
2022-04-01,601600,中国铝业,SH,5.76,5.85,5.68,5.81,135356528.0
2022-04-06,601600,中国铝业,SH,5.74,5.9,5.66,5.9,161248542.0
2022-04-07,601600,中国铝业,SH,5.83,5.86,5.69,5.7,149062264.0
2022-04-08,601600,中国铝业,SH,5.68,5.75,5.56,5.72,129162598.0
2022-04-11,601600,中国铝业,SH,5.65,5.71,5.4,5.41,189814256.0
2022-04-12,601600,中国铝业,SH,5.33,5.66,5.32,5.66,159701998.0
2022-04-13,601600,中国铝业,SH,5.59,5.94,5.56,5.82,248184596.0
2022-04-14,601600,中国铝业,SH,5.86,5.96,5.77,5.87,186537042.0
2022-04-15,601600,中国铝业,SH,5.91,5.98,5.7,5.72,155847177.0
2022-04-18,601600,中国铝业,SH,5.61,5.63,5.51,5.57,121314679.0
2022-04-19,601600,中国铝业,SH,5.62,5.74,5.58,5.69,138980509.0
2022-04-20,601600,中国铝业,SH,5.64,5.65,5.4,5.43,172668154.0
2022-04-21,601600,中国铝业,SH,5.41,5.47,5.25,5.28,151703803.0
2022-04-22,601600,中国铝业,SH,5.17,5.3,5.1,5.25,115684288.0
2022-04-25,601600,中国铝业,SH,5.13,5.14,4.73,4.73,237782715.0
2022-04-26,601600,中国铝业,SH,4.7,4.72,4.4,4.43,219403655.0
2022-04-27,601600,中国铝业,SH,4.36,4.71,4.31,4.67,241686459.0
2022-04-28,601600,中国铝业,SH,4.62,4.7,4.53,4.65,153489508.0
2022-04-29,601600,中国铝业,SH,4.66,4.78,4.61,4.76,179647918.0
2022-05-05,601600,中国铝业,SH,4.67,4.75,4.62,4.71,151331496.0
2022-05-06,601600,中国铝业,SH,4.54,4.54,4.43,4.46,157485776.0
2022-05-09,601600,中国铝业,SH,4.4,4.54,4.38,4.51,102524500.0
2022-05-10,601600,中国铝业,SH,4.35,4.54,4.32,4.53,141330737.0
2022-05-11,601600,中国铝业,SH,4.52,4.68,4.51,4.6,169644379.0
2022-05-12,601600,中国铝业,SH,4.57,4.64,4.45,4.52,139699777.0
2022-05-13,601600,中国铝业,SH,4.52,4.56,4.46,4.56,103986139.0
2022-05-16,601600,中国铝业,SH,4.62,4.66,4.56,4.58,123013019.0
2022-05-17,601600,中国铝业,SH,4.57,4.62,4.53,4.62,107954211.0
2022-05-18,601600,中国铝业,SH,4.63,4.64,4.54,4.58,90333487.0
2022-05-19,601600,中国铝业,SH,4.5,4.61,4.45,4.61,116713685.0
2022-05-20,601600,中国铝业,SH,4.7,5.07,4.68,5.07,358185408.0
2022-05-23,601600,中国铝业,SH,5.18,5.37,5.05,5.24,398579184.0
2022-05-24,601600,中国铝业,SH,5.15,5.22,4.93,4.93,250402984.0
2022-05-25,601600,中国铝业,SH,4.92,5.01,4.9,4.97,161442611.0
2022-05-26,601600,中国铝业,SH,5.0,5.1,4.86,5.02,172714714.0
2022-05-27,601600,中国铝业,SH,5.06,5.11,4.96,5.02,128059035.0
2022-05-30,601600,中国铝业,SH,5.03,5.08,4.94,5.06,121287849.0
2022-05-31,601600,中国铝业,SH,5.05,5.27,4.97,5.15,184589111.0
2022-06-01,601600,中国铝业,SH,5.05,5.06,4.97,5.02,185412252.0
2022-06-02,601600,中国铝业,SH,4.98,5.06,4.95,5.04,157765886.0
2022-06-06,601600,中国铝业,SH,5.04,5.15,5.03,5.12,239726348.0
2022-06-07,601600,中国铝业,SH,5.08,5.12,5.02,5.05,188200038.0
2022-06-08,601600,中国铝业,SH,5.09,5.21,5.02,5.2,314602272.0
2022-06-09,601600,中国铝业,SH,5.17,5.19,5.03,5.07,207816836.0
2022-06-10,601600,中国铝业,SH,4.98,5.18,4.95,5.15,265146587.0
2022-06-13,601600,中国铝业,SH,5.08,5.18,5.02,5.08,231602778.0
2022-06-14,601600,中国铝业,SH,5.02,5.05,4.72,4.97,373898128.0
2022-06-15,601600,中国铝业,SH,4.94,5.15,4.92,5.06,344973072.0
2022-06-16,601600,中国铝业,SH,5.12,5.19,5.01,5.03,248663713.0
2022-06-17,601600,中国铝业,SH,4.94,5.02,4.9,4.99,226914949.0
2022-06-20,601600,中国铝业,SH,4.98,4.99,4.84,4.86,262653684.0
2022-06-21,601600,中国铝业,SH,4.85,4.87,4.74,4.77,207410139.0
2022-06-22,601600,中国铝业,SH,4.78,4.82,4.69,4.7,173975979.0
2022-06-23,601600,中国铝业,SH,4.69,4.77,4.61,4.76,221244478.0
2022-06-24,601600,中国铝业,SH,4.74,4.75,4.68,4.74,159601996.0
2022-06-27,601600,中国铝业,SH,4.75,4.86,4.73,4.8,196704591.0
2022-06-28,601600,中国铝业,SH,4.81,4.95,4.8,4.95,285856704.0
2022-06-29,601600,中国铝业,SH,4.95,4.99,4.75,4.76,324287088.0
2022-06-30,601600,中国铝业,SH,4.73,4.78,4.72,4.75,148137132.0
2022-07-01,601600,中国铝业,SH,4.71,4.76,4.67,4.74,113219382.0
2022-07-04,601600,中国铝业,SH,4.7,4.73,4.68,4.72,103995312.0
2022-07-05,601600,中国铝业,SH,4.71,4.88,4.7,4.8,237394129.0
2022-07-06,601600,中国铝业,SH,4.72,4.73,4.6,4.63,212180732.0
2022-07-07,601600,中国铝业,SH,4.61,4.72,4.61,4.67,110572621.0
2022-07-08,601600,中国铝业,SH,4.71,4.75,4.65,4.67,98126440.0
2022-07-11,601600,中国铝业,SH,4.64,4.64,4.53,4.57,126474063.0
2022-07-12,601600,中国铝业,SH,4.53,4.62,4.53,4.56,86966586.0
2022-07-13,601600,中国铝业,SH,4.53,4.55,4.48,4.54,99344146.0
2022-07-14,601600,中国铝业,SH,4.54,4.54,4.5,4.5,71600478.0
2022-07-15,601600,中国铝业,SH,4.47,4.48,4.38,4.38,113178151.0
2022-07-18,601600,中国铝业,SH,4.43,4.65,4.43,4.63,196320139.0
2022-07-19,601600,中国铝业,SH,4.65,4.72,4.6,4.65,137278708.0
2022-07-20,601600,中国铝业,SH,4.65,4.65,4.58,4.61,82596831.0
2022-07-21,601600,中国铝业,SH,4.58,4.59,4.53,4.53,95477532.0
2022-07-22,601600,中国铝业,SH,4.53,4.57,4.47,4.53,87373332.0
2022-07-25,601600,中国铝业,SH,4.75,4.78,4.58,4.61,203024804.0
2022-07-26,601600,中国铝业,SH,4.61,4.63,4.54,4.62,86368482.0
2022-07-27,601600,中国铝业,SH,4.6,4.62,4.58,4.59,64448477.0
2022-07-28,601600,中国铝业,SH,4.65,4.66,4.61,4.63,81638663.0
2022-07-29,601600,中国铝业,SH,4.65,4.72,4.61,4.67,151523691.0
2022-08-01,601600,中国铝业,SH,4.63,4.65,4.59,4.63,100100680.0
2022-08-02,601600,中国铝业,SH,4.57,4.57,4.37,4.42,173585547.0
2022-08-03,601600,中国铝业,SH,4.4,4.48,4.35,4.38,111901516.0
2022-08-04,601600,中国铝业,SH,4.37,4.41,4.35,4.4,78688312.0
2022-08-05,601600,中国铝业,SH,4.4,4.5,4.4,4.49,93122517.0
2022-08-08,601600,中国铝业,SH,4.46,4.52,4.44,4.5,72050177.0
2022-08-09,601600,中国铝业,SH,4.49,4.52,4.47,4.51,80527166.0
2022-08-10,601600,中国铝业,SH,4.5,4.64,4.49,4.56,137490723.0
2022-08-11,601600,中国铝业,SH,4.58,4.61,4.55,4.59,104409847.0
2022-08-12,601600,中国铝业,SH,4.58,4.69,4.57,4.66,148121410.0
2022-08-15,601600,中国铝业,SH,4.61,4.64,4.56,4.61,113966803.0
2022-08-16,601600,中国铝业,SH,4.59,4.61,4.56,4.57,94839022.0
2022-08-17,601600,中国铝业,SH,4.59,4.66,4.54,4.65,132462068.0
2022-08-18,601600,中国铝业,SH,4.64,4.66,4.56,4.57,102462683.0
2022-08-19,601600,中国铝业,SH,4.54,4.55,4.47,4.49,89315717.0
2022-08-22,601600,中国铝业,SH,4.47,4.64,4.43,4.63,163089373.0
2022-08-23,601600,中国铝业,SH,4.6,4.64,4.56,4.61,90877018.0
2022-08-24,601600,中国铝业,SH,4.69,4.75,4.6,4.61,220083626.0
2022-08-25,601600,中国铝业,SH,4.62,4.79,4.56,4.77,333668549.0
2022-08-26,601600,中国铝业,SH,4.76,4.77,4.67,4.7,181191924.0
2022-08-29,601600,中国铝业,SH,4.62,4.72,4.58,4.7,135506098.0
2022-08-30,601600,中国铝业,SH,4.68,4.7,4.59,4.62,110313390.0
2022-08-31,601600,中国铝业,SH,4.57,4.59,4.47,4.51,138823806.0
2022-09-01,601600,中国铝业,SH,4.49,4.53,4.46,4.48,99657936.0
2022-09-02,601600,中国铝业,SH,4.47,4.49,4.43,4.45,76625110.0
2022-09-05,601600,中国铝业,SH,4.44,4.49,4.43,4.49,71539512.0
2022-09-06,601600,中国铝业,SH,4.49,4.58,4.48,4.57,102599377.0
2022-09-07,601600,中国铝业,SH,4.55,4.99,4.53,4.93,578380659.0
2022-09-08,601600,中国铝业,SH,4.9,4.95,4.77,4.88,299344964.0
2022-09-09,601600,中国铝业,SH,4.93,5.07,4.9,5.01,313783817.0
2022-09-13,601600,中国铝业,SH,5.07,5.09,4.92,4.95,233079383.0
2022-09-14,601600,中国铝业,SH,4.86,4.94,4.82,4.84,144238887.0
2022-09-15,601600,中国铝业,SH,4.86,4.88,4.69,4.74,156515262.0
2022-09-16,601600,中国铝业,SH,4.75,4.76,4.48,4.49,237260372.0
2022-09-19,601600,中国铝业,SH,4.48,4.54,4.42,4.45,145093211.0
2022-09-20,601600,中国铝业,SH,4.48,4.52,4.45,4.47,115220708.0
2022-09-21,601600,中国铝业,SH,4.44,4.54,4.36,4.52,139078073.0
2022-09-22,601600,中国铝业,SH,4.47,4.53,4.45,4.47,84270536.0
2022-09-23,601600,中国铝业,SH,4.47,4.51,4.38,4.4,109760207.0
2022-09-26,601600,中国铝业,SH,4.33,4.33,4.12,4.13,228630302.0
2022-09-27,601600,中国铝业,SH,4.13,4.19,4.05,4.17,126043159.0
2022-09-28,601600,中国铝业,SH,4.12,4.14,4.01,4.02,129185425.0
2022-09-29,601600,中国铝业,SH,4.06,4.1,4.02,4.04,89395114.0
2022-09-30,601600,中国铝业,SH,4.05,4.15,4.04,4.13,110054651.0
2022-10-10,601600,中国铝业,SH,4.12,4.19,4.07,4.08,94811406.0
2022-10-11,601600,中国铝业,SH,4.11,4.14,4.05,4.11,69183766.0
2022-10-12,601600,中国铝业,SH,4.11,4.17,4.04,4.17,116004296.0
2022-10-13,601600,中国铝业,SH,4.22,4.26,4.18,4.2,132794040.0
2022-10-14,601600,中国铝业,SH,4.24,4.27,4.19,4.25,118544901.0
2022-10-17,601600,中国铝业,SH,4.2,4.24,4.15,4.22,122884972.0
2022-10-18,601600,中国铝业,SH,4.23,4.24,4.17,4.18,83930190.0
2022-10-19,601600,中国铝业,SH,4.17,4.2,4.13,4.13,66922177.0
2022-10-20,601600,中国铝业,SH,4.11,4.15,4.07,4.11,65181257.0
2022-10-21,601600,中国铝业,SH,4.13,4.17,4.1,4.12,60785863.0
2022-10-24,601600,中国铝业,SH,4.13,4.17,4.04,4.06,79444655.0
2022-10-25,601600,中国铝业,SH,4.05,4.09,3.99,4.07,81610676.0
2022-10-26,601600,中国铝业,SH,4.01,4.1,4.0,4.07,93585793.0
2022-10-27,601600,中国铝业,SH,4.08,4.11,4.06,4.07,80483015.0
2022-10-28,601600,中国铝业,SH,4.04,4.04,3.92,3.92,127367537.0
2022-10-31,601600,中国铝业,SH,3.88,3.92,3.85,3.86,92600022.0
2022-11-01,601600,中国铝业,SH,3.87,3.97,3.86,3.97,77388392.0
2022-11-02,601600,中国铝业,SH,3.95,4.04,3.93,4.01,76884286.0
2022-11-03,601600,中国铝业,SH,3.98,4.07,3.96,4.01,86140144.0
2022-11-04,601600,中国铝业,SH,4.0,4.14,4.0,4.12,134707532.0
2022-11-07,601600,中国铝业,SH,4.18,4.29,4.16,4.24,181348567.0
2022-11-08,601600,中国铝业,SH,4.24,4.28,4.2,4.25,122495928.0
2022-11-09,601600,中国铝业,SH,4.28,4.34,4.24,4.25,121698995.0
2022-11-10,601600,中国铝业,SH,4.21,4.25,4.17,4.23,72938969.0
2022-11-11,601600,中国铝业,SH,4.35,4.38,4.29,4.34,175229254.0
2022-11-14,601600,中国铝业,SH,4.42,4.44,4.31,4.33,122589444.0
2022-11-15,601600,中国铝业,SH,4.3,4.39,4.28,4.39,93227794.0
2022-11-16,601600,中国铝业,SH,4.39,4.42,4.36,4.41,92396632.0
2022-11-17,601600,中国铝业,SH,4.38,4.4,4.3,4.36,95550157.0
2022-11-18,601600,中国铝业,SH,4.35,4.36,4.3,4.3,71196656.0
2022-11-21,601600,中国铝业,SH,4.26,4.28,4.21,4.26,68232774.0
2022-11-22,601600,中国铝业,SH,4.26,4.49,4.25,4.34,154615805.0
2022-11-23,601600,中国铝业,SH,4.35,4.48,4.33,4.38,149121031.0
2022-11-24,601600,中国铝业,SH,4.43,4.47,4.36,4.42,112260425.0
2022-11-25,601600,中国铝业,SH,4.42,4.5,4.36,4.47,119269069.0
2022-11-28,601600,中国铝业,SH,4.41,4.44,4.29,4.42,107662597.0
2022-11-29,601600,中国铝业,SH,4.41,4.56,4.4,4.54,182725595.0
2022-11-30,601600,中国铝业,SH,4.5,4.54,4.46,4.47,105262607.0
2022-12-01,601600,中国铝业,SH,4.58,4.59,4.48,4.5,115892236.0
2022-12-02,601600,中国铝业,SH,4.48,4.5,4.41,4.44,89449360.0
2022-12-05,601600,中国铝业,SH,4.5,4.88,4.48,4.88,443593750.0
2022-12-06,601600,中国铝业,SH,4.8,4.97,4.75,4.93,381721887.0
2022-12-07,601600,中国铝业,SH,4.85,4.88,4.75,4.8,232591244.0
2022-12-08,601600,中国铝业,SH,4.76,4.81,4.72,4.79,126046527.0
2022-12-09,601600,中国铝业,SH,4.76,4.94,4.76,4.91,206022656.0
2022-12-12,601600,中国铝业,SH,4.84,4.85,4.7,4.73,163791085.0
2022-12-13,601600,中国铝业,SH,4.72,4.78,4.68,4.72,107018586.0
2022-12-14,601600,中国铝业,SH,4.72,4.82,4.72,4.77,86982415.0
2022-12-15,601600,中国铝业,SH,4.72,4.74,4.64,4.73,93593244.0
2022-12-16,601600,中国铝业,SH,4.67,4.79,4.66,4.74,76017090.0
2022-12-19,601600,中国铝业,SH,4.75,4.76,4.58,4.6,104229728.0
2022-12-20,601600,中国铝业,SH,4.58,4.65,4.54,4.58,68229766.0
2022-12-21,601600,中国铝业,SH,4.6,4.62,4.52,4.53,62042912.0
2022-12-22,601600,中国铝业,SH,4.59,4.67,4.47,4.49,83063480.0
2022-12-23,601600,中国铝业,SH,4.45,4.51,4.4,4.5,44471661.0
2022-12-26,601600,中国铝业,SH,4.5,4.51,4.43,4.48,51452004.0
2022-12-27,601600,中国铝业,SH,4.49,4.62,4.49,4.61,73441367.0
2022-12-28,601600,中国铝业,SH,4.59,4.7,4.56,4.6,76221116.0
2022-12-29,601600,中国铝业,SH,4.59,4.6,4.46,4.46,69057943.0
2022-12-30,601600,中国铝业,SH,4.52,4.53,4.46,4.47,41828933.0
2023-01-03,601600,中国铝业,SH,4.48,4.55,4.4,4.54,81173834.0
2023-01-04,601600,中国铝业,SH,4.51,4.53,4.43,4.45,71682106.0
2023-01-05,601600,中国铝业,SH,4.46,4.51,4.45,4.48,62669566.0
2023-01-06,601600,中国铝业,SH,4.47,4.55,4.46,4.5,65085878.0
2023-01-09,601600,中国铝业,SH,4.52,4.76,4.52,4.69,162783795.0
2023-01-10,601600,中国铝业,SH,4.69,4.85,4.67,4.77,153530929.0
2023-01-11,601600,中国铝业,SH,4.8,4.85,4.78,4.79,111940609.0
2023-01-12,601600,中国铝业,SH,4.82,4.84,4.76,4.79,75718640.0
2023-01-13,601600,中国铝业,SH,4.82,4.89,4.81,4.87,109636057.0
2023-01-16,601600,中国铝业,SH,4.91,4.96,4.85,4.92,108832829.0
2023-01-17,601600,中国铝业,SH,4.91,4.91,4.84,4.89,70285591.0
2023-01-18,601600,中国铝业,SH,4.9,5.07,4.89,5.01,138751687.0
2023-01-19,601600,中国铝业,SH,4.99,5.03,4.97,5.03,70424422.0
2023-01-20,601600,中国铝业,SH,5.04,5.22,5.01,5.2,176522209.0
2023-01-30,601600,中国铝业,SH,5.29,5.32,5.18,5.26,167731544.0
2023-01-31,601600,中国铝业,SH,5.24,5.35,5.19,5.29,114165897.0
2023-02-01,601600,中国铝业,SH,5.34,5.64,5.32,5.54,232856636.0
2023-02-02,601600,中国铝业,SH,5.52,5.53,5.47,5.49,121273168.0
2023-02-03,601600,中国铝业,SH,5.45,5.45,5.3,5.35,138976954.0
2023-02-06,601600,中国铝业,SH,5.29,5.36,5.21,5.3,104836072.0
2023-02-07,601600,中国铝业,SH,5.36,5.39,5.31,5.38,78196365.0
2023-02-08,601600,中国铝业,SH,5.4,5.41,5.29,5.31,66199107.0
2023-02-09,601600,中国铝业,SH,5.29,5.36,5.24,5.33,57494233.0
2023-02-10,601600,中国铝业,SH,5.33,5.33,5.24,5.27,70340300.0
2023-02-13,601600,中国铝业,SH,5.25,5.35,5.22,5.32,71213174.0
2023-02-14,601600,中国铝业,SH,5.34,5.53,5.34,5.44,121625195.0
2023-02-15,601600,中国铝业,SH,5.42,5.56,5.41,5.49,119937206.0
2023-02-16,601600,中国铝业,SH,5.48,5.49,5.23,5.28,126505707.0
2023-02-17,601600,中国铝业,SH,5.31,5.46,5.29,5.34,103833914.0
2023-02-20,601600,中国铝业,SH,5.45,5.77,5.44,5.68,232068926.0
2023-02-21,601600,中国铝业,SH,5.68,5.81,5.65,5.74,151786191.0
2023-02-22,601600,中国铝业,SH,5.67,5.74,5.63,5.65,89214733.0
2023-02-23,601600,中国铝业,SH,5.64,5.68,5.53,5.6,82113847.0
2023-02-24,601600,中国铝业,SH,5.56,5.58,5.46,5.49,88344165.0
2023-02-27,601600,中国铝业,SH,5.46,5.51,5.42,5.45,71311812.0
2023-02-28,601600,中国铝业,SH,5.49,5.54,5.43,5.53,84311785.0
2023-03-01,601600,中国铝业,SH,5.52,5.68,5.51,5.68,110597071.0
2023-03-02,601600,中国铝业,SH,5.68,5.76,5.62,5.7,102637444.0
2023-03-03,601600,中国铝业,SH,5.65,5.76,5.63,5.72,85697116.0
2023-03-06,601600,中国铝业,SH,5.73,5.88,5.6,5.69,131813200.0
2023-03-07,601600,中国铝业,SH,5.69,5.85,5.64,5.72,158924258.0
2023-03-08,601600,中国铝业,SH,5.65,5.68,5.6,5.65,92726919.0
2023-03-09,601600,中国铝业,SH,5.69,5.69,5.51,5.59,81336647.0
2023-03-10,601600,中国铝业,SH,5.53,5.54,5.42,5.46,90663908.0
2023-03-13,601600,中国铝业,SH,5.44,5.61,5.44,5.59,107473778.0
2023-03-14,601600,中国铝业,SH,5.58,5.8,5.57,5.62,124712566.0
2023-03-15,601600,中国铝业,SH,5.65,5.77,5.52,5.72,107262118.0
2023-03-16,601600,中国铝业,SH,5.62,5.63,5.37,5.38,175034784.0
2023-03-17,601600,中国铝业,SH,5.4,5.61,5.4,5.54,119693436.0
2023-03-20,601600,中国铝业,SH,5.55,5.68,5.55,5.56,93640515.0
2023-03-21,601600,中国铝业,SH,5.56,5.6,5.51,5.54,56205700.0
2023-03-22,601600,中国铝业,SH,5.5,5.52,5.3,5.36,146434852.0
2023-03-23,601600,中国铝业,SH,5.35,5.7,5.31,5.65,197094253.0
2023-03-24,601600,中国铝业,SH,5.62,5.68,5.52,5.62,103245022.0
2023-03-27,601600,中国铝业,SH,5.58,5.59,5.45,5.46,81137560.0
2023-03-28,601600,中国铝业,SH,5.46,5.55,5.39,5.4,72034045.0
2023-03-29,601600,中国铝业,SH,5.45,5.46,5.33,5.36,63982144.0
2023-03-30,601600,中国铝业,SH,5.38,5.4,5.26,5.39,65660719.0
2023-03-31,601600,中国铝业,SH,5.38,5.55,5.36,5.52,96139250.0
2023-04-03,601600,中国铝业,SH,5.48,5.55,5.45,5.51,58809972.0
2023-04-04,601600,中国铝业,SH,5.49,5.72,5.45,5.64,137295257.0
2023-04-06,601600,中国铝业,SH,5.6,5.75,5.59,5.7,96859251.0
2023-04-07,601600,中国铝业,SH,5.7,5.81,5.65,5.72,100610156.0
2023-04-10,601600,中国铝业,SH,5.7,6.02,5.7,5.91,161499326.0
2023-04-11,601600,中国铝业,SH,5.9,6.02,5.86,6.0,155478777.0
2023-04-12,601600,中国铝业,SH,6.01,6.25,6.01,6.2,163286883.0
2023-04-13,601600,中国铝业,SH,6.18,6.34,6.15,6.19,167945692.0
2023-04-14,601600,中国铝业,SH,6.28,6.41,6.24,6.36,139803918.0
2023-04-17,601600,中国铝业,SH,6.32,6.64,6.28,6.63,200023552.0
2023-04-18,601600,中国铝业,SH,6.64,6.65,6.43,6.54,134382586.0
2023-04-19,601600,中国铝业,SH,6.53,6.76,6.52,6.6,137942431.0
2023-04-20,601600,中国铝业,SH,6.56,6.59,6.38,6.55,148148097.0
2023-04-21,601600,中国铝业,SH,6.53,6.54,6.33,6.34,102376923.0
2023-04-24,601600,中国铝业,SH,6.34,6.35,6.13,6.16,138434158.0
2023-04-25,601600,中国铝业,SH,6.22,6.24,6.07,6.16,110242612.0
2023-04-26,601600,中国铝业,SH,6.15,6.38,6.06,6.26,148544728.0
2023-04-27,601600,中国铝业,SH,6.25,6.29,6.12,6.2,74837591.0
2023-04-28,601600,中国铝业,SH,6.17,6.5,6.17,6.39,137825240.0
2023-05-04,601600,中国铝业,SH,6.33,6.53,6.25,6.41,151202428.0
2023-05-05,601600,中国铝业,SH,6.37,6.41,6.23,6.32,108685471.0
2023-05-08,601600,中国铝业,SH,6.32,6.6,6.31,6.53,164344773.0
2023-05-09,601600,中国铝业,SH,6.58,6.59,6.35,6.35,145551292.0
2023-05-10,601600,中国铝业,SH,6.31,6.39,6.23,6.29,86923636.0
2023-05-11,601600,中国铝业,SH,6.26,6.28,6.04,6.06,153493491.0
2023-05-12,601600,中国铝业,SH,6.0,6.0,5.74,5.79,185304453.0
2023-05-15,601600,中国铝业,SH,5.86,5.9,5.59,5.77,166412030.0
2023-05-16,601600,中国铝业,SH,5.78,5.84,5.66,5.69,93975623.0
2023-05-17,601600,中国铝业,SH,5.68,5.72,5.59,5.65,95657060.0
2023-05-18,601600,中国铝业,SH,5.71,5.77,5.66,5.68,67542264.0
2023-05-19,601600,中国铝业,SH,5.65,5.69,5.54,5.59,56668773.0
2023-05-22,601600,中国铝业,SH,5.57,5.64,5.5,5.61,63768190.0
2023-05-23,601600,中国铝业,SH,5.58,5.62,5.41,5.42,113574484.0
2023-05-24,601600,中国铝业,SH,5.39,5.42,5.28,5.28,92661582.0
2023-05-25,601600,中国铝业,SH,5.28,5.31,5.13,5.2,102558428.0
2023-05-26,601600,中国铝业,SH,5.19,5.28,5.13,5.26,69457540.0
2023-05-29,601600,中国铝业,SH,5.29,5.44,5.24,5.37,118129632.0
2023-05-30,601600,中国铝业,SH,5.35,5.49,5.3,5.46,119087051.0
2023-05-31,601600,中国铝业,SH,5.4,5.45,5.37,5.41,75458904.0
2023-06-01,601600,中国铝业,SH,5.44,5.48,5.37,5.44,98394898.0
2023-06-02,601600,中国铝业,SH,5.48,5.66,5.45,5.65,134671062.0
2023-06-05,601600,中国铝业,SH,5.62,5.64,5.46,5.49,93211350.0
2023-06-06,601600,中国铝业,SH,5.46,5.66,5.45,5.52,99575537.0
2023-06-07,601600,中国铝业,SH,5.53,5.59,5.47,5.51,50320648.0
2023-06-08,601600,中国铝业,SH,5.48,5.64,5.47,5.6,70783662.0
2023-06-09,601600,中国铝业,SH,5.65,5.71,5.56,5.58,83838901.0
2023-06-12,601600,中国铝业,SH,5.59,5.63,5.53,5.6,74045451.0
2023-06-13,601600,中国铝业,SH,5.57,5.59,5.47,5.53,81091534.0
2023-06-14,601600,中国铝业,SH,5.58,5.72,5.56,5.65,105779009.0
2023-06-15,601600,中国铝业,SH,5.63,5.68,5.55,5.65,73195590.0
2023-06-16,601600,中国铝业,SH,5.66,5.87,5.65,5.85,153593981.0
2023-06-19,601600,中国铝业,SH,5.8,5.8,5.58,5.64,153546122.0
2023-06-20,601600,中国铝业,SH,5.63,5.64,5.54,5.54,86662220.0
2023-06-21,601600,中国铝业,SH,5.51,5.56,5.44,5.45,59209697.0
2023-06-26,601600,中国铝业,SH,5.35,5.46,5.28,5.33,76444941.0
2023-06-27,601600,中国铝业,SH,5.36,5.57,5.33,5.51,84847808.0
2023-06-28,601600,中国铝业,SH,5.57,5.57,5.42,5.51,57239372.0
2023-06-29,601600,中国铝业,SH,5.52,5.52,5.43,5.46,50479899.0
2023-06-30,601600,中国铝业,SH,5.44,5.53,5.44,5.49,51279444.0
2023-07-03,601600,中国铝业,SH,5.49,5.62,5.49,5.61,88549026.0
2023-07-04,601600,中国铝业,SH,5.85,5.91,5.58,5.62,171947784.0
2023-07-05,601600,中国铝业,SH,5.6,5.83,5.59,5.78,214223060.0
2023-07-06,601600,中国铝业,SH,5.85,5.85,5.63,5.65,135060694.0
2023-07-07,601600,中国铝业,SH,5.66,6.22,5.66,6.06,544356084.0
2023-07-10,601600,中国铝业,SH,6.0,6.19,5.86,5.86,375474768.0
2023-07-11,601600,中国铝业,SH,5.83,5.85,5.68,5.75,223579764.0
2023-07-12,601600,中国铝业,SH,5.72,5.8,5.69,5.74,164783460.0
2023-07-13,601600,中国铝业,SH,5.75,5.91,5.75,5.9,202021393.0
2023-07-14,601600,中国铝业,SH,5.95,6.08,5.87,5.89,205903554.0
2023-07-17,601600,中国铝业,SH,5.81,5.84,5.7,5.74,113243627.0
2023-07-18,601600,中国铝业,SH,5.76,5.85,5.72,5.8,89491295.0
2023-07-19,601600,中国铝业,SH,5.77,5.82,5.73,5.8,77595046.0
2023-07-20,601600,中国铝业,SH,5.8,5.98,5.79,5.86,154519496.0
2023-07-21,601600,中国铝业,SH,5.86,5.9,5.81,5.86,77339524.0
2023-07-24,601600,中国铝业,SH,5.84,5.84,5.73,5.76,90906181.0
2023-07-25,601600,中国铝业,SH,5.86,6.19,5.86,6.09,267747449.0
2023-07-26,601600,中国铝业,SH,6.12,6.2,6.04,6.11,116701557.0
2023-07-27,601600,中国铝业,SH,6.11,6.23,6.06,6.11,125059118.0
2023-07-28,601600,中国铝业,SH,6.07,6.28,6.03,6.21,157191809.0
2023-07-31,601600,中国铝业,SH,6.27,6.49,6.27,6.37,148436183.0
2023-08-01,601600,中国铝业,SH,6.4,6.5,6.28,6.33,160503315.0
2023-08-02,601600,中国铝业,SH,6.29,6.4,6.24,6.37,117933486.0
2023-08-03,601600,中国铝业,SH,6.34,6.37,6.24,6.33,83972695.0
2023-08-04,601600,中国铝业,SH,6.4,6.46,6.29,6.31,110244673.0
2023-08-07,601600,中国铝业,SH,6.29,6.35,6.26,6.32,81062410.0
2023-08-08,601600,中国铝业,SH,6.28,6.44,6.28,6.39,80638267.0
2023-08-09,601600,中国铝业,SH,6.39,6.39,6.24,6.31,89178717.0
2023-08-10,601600,中国铝业,SH,6.35,6.37,6.3,6.31,56782553.0
2023-08-11,601600,中国铝业,SH,6.31,6.33,6.13,6.14,98130510.0
2023-08-14,601600,中国铝业,SH,6.0,6.18,5.97,6.12,92717441.0
2023-08-15,601600,中国铝业,SH,6.11,6.16,6.0,6.07,67476840.0
2023-08-16,601600,中国铝业,SH,6.05,6.09,5.98,5.99,64853259.0
2023-08-17,601600,中国铝业,SH,5.96,6.06,5.89,6.04,80302138.0
2023-08-18,601600,中国铝业,SH,6.03,6.07,5.92,5.92,72355494.0
2023-08-21,601600,中国铝业,SH,5.89,5.99,5.86,5.86,52825308.0
2023-08-22,601600,中国铝业,SH,5.87,5.98,5.86,5.97,86771093.0
2023-08-23,601600,中国铝业,SH,5.93,5.98,5.8,5.82,92993382.0
2023-08-24,601600,中国铝业,SH,5.85,6.04,5.84,5.94,116716101.0
2023-08-25,601600,中国铝业,SH,5.91,5.92,5.79,5.82,80422055.0
2023-08-28,601600,中国铝业,SH,6.22,6.22,5.91,5.94,106478315.0
2023-08-29,601600,中国铝业,SH,5.91,5.96,5.84,5.94,129784403.0
2023-08-30,601600,中国铝业,SH,5.94,6.05,5.85,5.89,110551989.0
2023-08-31,601600,中国铝业,SH,5.9,6.02,5.87,5.92,107405157.0
2023-09-01,601600,中国铝业,SH,5.95,6.36,5.93,6.31,264599930.0
2023-09-04,601600,中国铝业,SH,6.35,6.84,6.33,6.82,335268521.0
2023-09-05,601600,中国铝业,SH,6.75,6.78,6.66,6.75,166642634.0
2023-09-06,601600,中国铝业,SH,6.74,6.79,6.6,6.77,118367850.0
2023-09-07,601600,中国铝业,SH,6.73,6.87,6.65,6.7,126972820.0
2023-09-08,601600,中国铝业,SH,6.7,6.72,6.51,6.57,97101391.0
2023-09-11,601600,中国铝业,SH,6.63,6.71,6.6,6.66,97719819.0
2023-09-12,601600,中国铝业,SH,6.7,6.73,6.55,6.56,73170142.0
2023-09-13,601600,中国铝业,SH,6.54,6.68,6.5,6.6,84619270.0
2023-09-14,601600,中国铝业,SH,6.59,6.71,6.57,6.67,107560606.0
2023-09-15,601600,中国铝业,SH,6.74,6.85,6.64,6.68,163150856.0
2023-09-18,601600,中国铝业,SH,6.64,6.66,6.51,6.58,89948617.0
2023-09-19,601600,中国铝业,SH,6.57,6.65,6.55,6.61,69217724.0
2023-09-20,601600,中国铝业,SH,6.58,6.65,6.55,6.56,53436622.0
2023-09-21,601600,中国铝业,SH,6.59,6.62,6.46,6.49,74713393.0
2023-09-22,601600,中国铝业,SH,6.45,6.53,6.33,6.47,102054079.0
2023-09-25,601600,中国铝业,SH,6.47,6.54,6.37,6.38,58792640.0
2023-09-26,601600,中国铝业,SH,6.37,6.46,6.36,6.36,55983831.0
2023-09-27,601600,中国铝业,SH,6.35,6.39,6.27,6.3,71873831.0
2023-09-28,601600,中国铝业,SH,6.32,6.38,6.26,6.28,64509167.0
2023-10-09,601600,中国铝业,SH,6.24,6.34,6.14,6.31,74126521.0
2023-10-10,601600,中国铝业,SH,6.32,6.35,6.25,6.27,46889633.0
2023-10-11,601600,中国铝业,SH,6.32,6.35,6.15,6.21,82953000.0
2023-10-12,601600,中国铝业,SH,6.23,6.31,6.22,6.3,69135151.0
2023-10-13,601600,中国铝业,SH,6.25,6.26,6.09,6.11,82669153.0
2023-10-16,601600,中国铝业,SH,6.13,6.17,6.04,6.06,51887330.0
2023-10-17,601600,中国铝业,SH,6.07,6.08,5.99,6.04,71241814.0
2023-10-18,601600,中国铝业,SH,6.05,6.12,6.03,6.04,66166035.0
2023-10-19,601600,中国铝业,SH,6.03,6.05,5.93,5.95,62469766.0
2023-10-20,601600,中国铝业,SH,5.95,6.0,5.9,5.91,61170258.0
2023-10-23,601600,中国铝业,SH,5.89,5.89,5.62,5.69,92499088.0
2023-10-24,601600,中国铝业,SH,5.67,5.76,5.67,5.74,67787439.0
2023-10-25,601600,中国铝业,SH,5.9,6.1,5.86,5.9,125226660.0
2023-10-26,601600,中国铝业,SH,5.88,6.01,5.8,6.0,85414902.0
2023-10-27,601600,中国铝业,SH,5.96,6.15,5.95,6.04,88195501.0
2023-10-30,601600,中国铝业,SH,6.05,6.21,6.03,6.14,84838871.0
2023-10-31,601600,中国铝业,SH,6.12,6.22,6.12,6.2,76440396.0
2023-11-01,601600,中国铝业,SH,6.2,6.28,6.09,6.27,85515560.0
2023-11-02,601600,中国铝业,SH,6.28,6.36,6.15,6.17,105316521.0
2023-11-03,601600,中国铝业,SH,6.2,6.21,6.01,6.03,114815030.0
2023-11-06,601600,中国铝业,SH,6.07,6.09,5.85,5.87,170539500.0
2023-11-07,601600,中国铝业,SH,5.84,5.86,5.77,5.83,122421242.0
2023-11-08,601600,中国铝业,SH,5.83,5.83,5.72,5.76,106483608.0
2023-11-09,601600,中国铝业,SH,5.77,5.79,5.72,5.77,93023125.0
2023-11-10,601600,中国铝业,SH,5.74,5.75,5.64,5.68,90465755.0
2023-11-13,601600,中国铝业,SH,5.67,5.69,5.61,5.68,101059039.0
2023-11-14,601600,中国铝业,SH,5.68,5.85,5.67,5.81,153941572.0
2023-11-15,601600,中国铝业,SH,5.88,6.05,5.85,5.88,160768714.0
2023-11-16,601600,中国铝业,SH,5.86,5.86,5.74,5.8,86315935.0
2023-11-17,601600,中国铝业,SH,5.76,5.83,5.7,5.82,88316513.0
2023-11-20,601600,中国铝业,SH,5.85,5.85,5.71,5.76,89099081.0
2023-11-21,601600,中国铝业,SH,5.76,5.93,5.75,5.84,132460731.0
2023-11-22,601600,中国铝业,SH,5.81,5.82,5.68,5.68,120877328.0
2023-11-23,601600,中国铝业,SH,5.65,5.72,5.62,5.71,54622122.0
2023-11-24,601600,中国铝业,SH,5.7,5.73,5.63,5.66,65830546.0
2023-11-27,601600,中国铝业,SH,5.65,5.69,5.55,5.61,89763457.0
2023-11-28,601600,中国铝业,SH,5.61,5.64,5.54,5.64,72797069.0
2023-11-29,601600,中国铝业,SH,5.64,5.68,5.58,5.59,63100346.0
2023-11-30,601600,中国铝业,SH,5.56,5.6,5.5,5.54,78514746.0
2023-12-01,601600,中国铝业,SH,5.54,5.6,5.49,5.59,81105946.0
2023-12-04,601600,中国铝业,SH,5.6,5.68,5.45,5.48,156042486.0
2023-12-05,601600,中国铝业,SH,5.41,5.44,5.32,5.34,101102457.0
2023-12-06,601600,中国铝业,SH,5.32,5.34,5.26,5.31,86655093.0
2023-12-07,601600,中国铝业,SH,5.29,5.32,5.21,5.27,93062705.0
2023-12-08,601600,中国铝业,SH,5.27,5.29,5.2,5.23,79494937.0
2023-12-11,601600,中国铝业,SH,5.17,5.24,5.08,5.23,121084596.0
2023-12-12,601600,中国铝业,SH,5.19,5.24,5.13,5.23,88005212.0
2023-12-13,601600,中国铝业,SH,5.23,5.23,5.07,5.09,94602417.0
2023-12-14,601600,中国铝业,SH,5.15,5.18,5.1,5.11,61708719.0
2023-12-15,601600,中国铝业,SH,5.2,5.29,5.11,5.11,99850457.0
2023-12-18,601600,中国铝业,SH,5.08,5.14,5.04,5.08,65790270.0
2023-12-19,601600,中国铝业,SH,5.08,5.1,5.04,5.09,64559084.0
2023-12-20,601600,中国铝业,SH,5.09,5.15,5.08,5.09,90627879.0
2023-12-21,601600,中国铝业,SH,5.08,5.16,5.04,5.16,86638695.0
2023-12-22,601600,中国铝业,SH,5.16,5.43,5.13,5.39,241667114.0
2023-12-25,601600,中国铝业,SH,5.33,5.41,5.3,5.41,108885580.0
2023-12-26,601600,中国铝业,SH,5.38,5.47,5.37,5.37,80146378.0
2023-12-27,601600,中国铝业,SH,5.37,5.52,5.37,5.51,114492424.0
2023-12-28,601600,中国铝业,SH,5.57,5.64,5.55,5.58,154097107.0
2023-12-29,601600,中国铝业,SH,5.55,5.65,5.52,5.64,128845776.0
2024-01-02,601600,中国铝业,SH,5.67,5.7,5.57,5.65,146857825.0
2024-01-03,601600,中国铝业,SH,5.62,5.7,5.6,5.63,129482523.0
2024-01-04,601600,中国铝业,SH,5.58,5.6,5.52,5.6,94306846.0
2024-01-05,601600,中国铝业,SH,5.57,5.64,5.53,5.56,83943121.0
2024-01-08,601600,中国铝业,SH,5.52,5.57,5.48,5.56,85618314.0
2024-01-09,601600,中国铝业,SH,5.5,5.6,5.45,5.54,70040851.0
2024-01-10,601600,中国铝业,SH,5.52,5.59,5.47,5.51,69318568.0
2024-01-11,601600,中国铝业,SH,5.5,5.52,5.43,5.46,82603077.0
2024-01-12,601600,中国铝业,SH,5.43,5.61,5.41,5.52,88945021.0
2024-01-15,601600,中国铝业,SH,5.48,5.57,5.46,5.51,58299283.0
2024-01-16,601600,中国铝业,SH,5.49,5.53,5.41,5.51,66380975.0
2024-01-17,601600,中国铝业,SH,5.51,5.51,5.31,5.32,74928189.0
2024-01-18,601600,中国铝业,SH,5.29,5.32,5.09,5.29,106538993.0
2024-01-19,601600,中国铝业,SH,5.27,5.35,5.22,5.26,63440420.0
2024-01-22,601600,中国铝业,SH,5.23,5.25,4.97,5.02,95501368.0
2024-01-23,601600,中国铝业,SH,5.0,5.06,4.9,5.01,84214068.0
2024-01-24,601600,中国铝业,SH,5.11,5.28,5.03,5.27,108911132.0
2024-01-25,601600,中国铝业,SH,5.25,5.65,5.23,5.64,190460217.0
2024-01-26,601600,中国铝业,SH,5.6,5.8,5.58,5.73,186148469.0
2024-01-29,601600,中国铝业,SH,5.85,5.95,5.73,5.75,179789877.0
2024-01-30,601600,中国铝业,SH,5.66,5.83,5.63,5.68,124595358.0
2024-01-31,601600,中国铝业,SH,5.65,5.84,5.59,5.69,157047293.0
2024-02-01,601600,中国铝业,SH,5.65,5.72,5.5,5.58,124789948.0
2024-02-02,601600,中国铝业,SH,5.58,5.71,5.36,5.54,132343794.0
2024-02-05,601600,中国铝业,SH,5.43,5.6,5.38,5.5,140699489.0
2024-02-06,601600,中国铝业,SH,5.41,5.66,5.39,5.65,153604678.0
2024-02-07,601600,中国铝业,SH,5.63,5.73,5.55,5.73,167639690.0
2024-02-08,601600,中国铝业,SH,5.75,5.77,5.62,5.7,149812105.0
2024-02-19,601600,中国铝业,SH,5.76,5.9,5.71,5.9,154047329.0
2024-02-20,601600,中国铝业,SH,5.87,5.99,5.8,5.9,121264519.0
2024-02-21,601600,中国铝业,SH,5.92,6.15,5.9,6.02,150359295.0
2024-02-22,601600,中国铝业,SH,6.0,6.1,5.96,6.09,112110981.0
2024-02-23,601600,中国铝业,SH,6.11,6.2,6.06,6.16,116561071.0
2024-02-26,601600,中国铝业,SH,6.1,6.2,5.95,5.95,143438024.0
2024-02-27,601600,中国铝业,SH,5.92,6.09,5.91,6.06,105543739.0
2024-02-28,601600,中国铝业,SH,6.04,6.12,5.96,5.96,115782323.0
2024-02-29,601600,中国铝业,SH,5.91,6.05,5.91,6.05,91106682.0
2024-03-01,601600,中国铝业,SH,6.05,6.16,6.05,6.12,94927718.0
2024-03-04,601600,中国铝业,SH,6.15,6.25,6.11,6.22,117449745.0
2024-03-05,601600,中国铝业,SH,6.22,6.28,6.17,6.25,87236598.0
2024-03-06,601600,中国铝业,SH,6.25,6.3,6.19,6.27,90769760.0
2024-03-07,601600,中国铝业,SH,6.28,6.65,6.26,6.48,210178253.0
2024-03-08,601600,中国铝业,SH,6.53,6.68,6.41,6.66,164052809.0
2024-03-11,601600,中国铝业,SH,6.63,6.69,6.47,6.61,146579432.0
2024-03-12,601600,中国铝业,SH,6.57,6.58,6.29,6.36,178146653.0
2024-03-13,601600,中国铝业,SH,6.34,6.51,6.25,6.44,138258834.0
2024-03-14,601600,中国铝业,SH,6.52,6.68,6.43,6.47,148849106.0
2024-03-15,601600,中国铝业,SH,6.42,6.74,6.36,6.73,202203104.0
2024-03-18,601600,中国铝业,SH,6.77,6.92,6.61,6.78,181763244.0
2024-03-19,601600,中国铝业,SH,6.71,6.9,6.66,6.69,126451482.0
2024-03-20,601600,中国铝业,SH,6.63,6.77,6.56,6.67,111587713.0
2024-03-21,601600,中国铝业,SH,6.8,7.03,6.71,6.91,181720038.0
2024-03-22,601600,中国铝业,SH,6.87,7.05,6.83,6.9,168083222.0
2024-03-25,601600,中国铝业,SH,6.9,7.32,6.89,7.16,257900076.0
2024-03-26,601600,中国铝业,SH,7.16,7.22,7.06,7.18,135164261.0
2024-03-27,601600,中国铝业,SH,7.13,7.25,7.06,7.1,128365687.0
2024-03-28,601600,中国铝业,SH,7.1,7.2,6.96,7.11,204696485.0
2024-03-29,601600,中国铝业,SH,7.16,7.41,7.16,7.4,215383094.0
2024-04-01,601600,中国铝业,SH,7.49,7.5,7.16,7.22,256024354.0
2024-04-02,601600,中国铝业,SH,7.17,7.32,7.14,7.23,167724771.0
2024-04-03,601600,中国铝业,SH,7.3,7.52,7.21,7.49,279016305.0
2024-04-08,601600,中国铝业,SH,7.49,7.73,7.27,7.33,322542445.0
2024-04-09,601600,中国铝业,SH,7.23,7.39,7.12,7.2,214004409.0
2024-04-10,601600,中国铝业,SH,7.24,7.33,7.11,7.23,174787412.0
2024-04-11,601600,中国铝业,SH,7.13,7.54,7.06,7.33,203420809.0
2024-04-12,601600,中国铝业,SH,7.35,7.52,7.26,7.42,172512072.0
2024-04-15,601600,中国铝业,SH,7.55,7.6,7.2,7.58,264034394.0
2024-04-16,601600,中国铝业,SH,7.45,7.58,7.15,7.17,217133914.0
2024-04-17,601600,中国铝业,SH,7.18,7.46,7.14,7.45,179229871.0
2024-04-18,601600,中国铝业,SH,7.34,7.39,7.21,7.36,164961449.0
2024-04-19,601600,中国铝业,SH,7.36,7.53,7.24,7.3,163596161.0
2024-04-22,601600,中国铝业,SH,7.39,7.62,7.3,7.31,264554051.0
2024-04-23,601600,中国铝业,SH,7.15,7.15,6.86,6.89,318619668.0
2024-04-24,601600,中国铝业,SH,6.9,7.08,6.86,7.08,155162693.0
2024-04-25,601600,中国铝业,SH,7.06,7.44,7.02,7.35,199554396.0
2024-04-26,601600,中国铝业,SH,7.26,7.58,7.25,7.53,227284602.0
2024-04-29,601600,中国铝业,SH,7.5,7.54,7.3,7.44,161382875.0
2024-04-30,601600,中国铝业,SH,7.47,7.68,7.41,7.42,163583734.0
2024-05-06,601600,中国铝业,SH,7.43,7.47,7.15,7.45,179209511.0
2024-05-07,601600,中国铝业,SH,7.44,7.8,7.42,7.69,249547482.0
2024-05-08,601600,中国铝业,SH,7.61,7.72,7.5,7.63,121745505.0
2024-05-09,601600,中国铝业,SH,7.63,7.98,7.61,7.92,219478324.0
2024-05-10,601600,中国铝业,SH,7.96,8.05,7.79,7.9,169456723.0
2024-05-13,601600,中国铝业,SH,7.75,7.87,7.63,7.82,164597271.0
2024-05-14,601600,中国铝业,SH,7.85,7.94,7.74,7.86,141601838.0
2024-05-15,601600,中国铝业,SH,7.77,7.81,7.57,7.61,144067679.0
2024-05-16,601600,中国铝业,SH,7.69,7.82,7.63,7.65,139492732.0
2024-05-17,601600,中国铝业,SH,7.65,7.77,7.56,7.77,99271446.0
2024-05-20,601600,中国铝业,SH,7.94,8.25,7.79,8.14,302824221.0
2024-05-21,601600,中国铝业,SH,8.49,8.53,8.0,8.07,318998086.0
2024-05-22,601600,中国铝业,SH,8.13,8.22,7.85,7.92,199418581.0
2024-05-23,601600,中国铝业,SH,7.64,7.8,7.5,7.67,192760070.0
2024-05-24,601600,中国铝业,SH,7.64,7.74,7.53,7.57,192021828.0
2024-05-27,601600,中国铝业,SH,7.61,8.03,7.6,8.01,213354160.0
2024-05-28,601600,中国铝业,SH,8.09,8.35,8.01,8.13,205985942.0
2024-05-29,601600,中国铝业,SH,8.14,8.5,8.1,8.43,230531917.0
2024-05-30,601600,中国铝业,SH,8.58,8.77,8.21,8.28,262699900.0
2024-05-31,601600,中国铝业,SH,8.3,8.35,8.08,8.19,138938039.0
2024-06-03,601600,中国铝业,SH,8.08,8.2,7.9,7.99,173951641.0
2024-06-04,601600,中国铝业,SH,7.99,8.17,7.84,8.09,196914912.0
2024-06-05,601600,中国铝业,SH,8.06,8.06,7.75,7.77,180195915.0
2024-06-06,601600,中国铝业,SH,7.8,8.04,7.79,7.94,158686803.0
2024-06-07,601600,中国铝业,SH,7.99,8.04,7.77,7.92,117557585.0
2024-06-11,601600,中国铝业,SH,7.63,7.82,7.59,7.69,141423304.0
2024-06-12,601600,中国铝业,SH,7.66,7.91,7.66,7.86,106229633.0
2024-06-13,601600,中国铝业,SH,7.81,7.91,7.57,7.66,131074539.0
2024-06-14,601600,中国铝业,SH,7.62,7.75,7.6,7.73,116277062.0
2024-06-17,601600,中国铝业,SH,7.62,7.74,7.46,7.49,147844239.0
2024-06-18,601600,中国铝业,SH,7.51,7.62,7.4,7.55,108110629.0
2024-06-19,601600,中国铝业,SH,7.6,7.78,7.56,7.64,117359463.0
2024-06-20,601600,中国铝业,SH,7.64,7.78,7.6,7.64,98203695.0
2024-06-21,601600,中国铝业,SH,7.69,7.72,7.53,7.58,97464349.0
2024-06-24,601600,中国铝业,SH,7.41,7.52,7.34,7.41,119226555.0
2024-06-25,601600,中国铝业,SH,7.4,7.64,7.38,7.55,121032612.0
2024-06-26,601600,中国铝业,SH,7.54,7.57,7.36,7.55,103366671.0
2024-06-27,601600,中国铝业,SH,7.49,7.52,7.32,7.35,85925315.0
2024-06-28,601600,中国铝业,SH,7.33,7.68,7.31,7.63,122653083.0
2024-07-01,601600,中国铝业,SH,7.65,7.91,7.64,7.91,121613859.0
2024-07-02,601600,中国铝业,SH,7.9,7.9,7.7,7.8,110951752.0
2024-07-03,601600,中国铝业,SH,7.82,7.86,7.59,7.67,105558998.0
2024-07-04,601600,中国铝业,SH,7.71,7.81,7.58,7.59,104167389.0
2024-07-05,601600,中国铝业,SH,7.58,7.72,7.48,7.69,101810957.0
2024-07-08,601600,中国铝业,SH,7.7,7.85,7.65,7.74,131477081.0
2024-07-09,601600,中国铝业,SH,7.77,8.08,7.74,8.06,160513411.0
2024-07-10,601600,中国铝业,SH,7.99,8.04,7.48,7.56,228069835.0
2024-07-11,601600,中国铝业,SH,7.57,7.87,7.35,7.8,185017198.0
2024-07-12,601600,中国铝业,SH,8.1,8.3,7.87,7.92,332400816.0
2024-07-15,601600,中国铝业,SH,7.9,8.2,7.79,8.05,167993312.0
2024-07-16,601600,中国铝业,SH,8.01,8.08,7.85,7.91,158129742.0
2024-07-17,601600,中国铝业,SH,7.85,7.87,7.32,7.34,282183482.0
2024-07-18,601600,中国铝业,SH,7.25,7.37,7.08,7.36,157482930.0
2024-07-19,601600,中国铝业,SH,7.23,7.32,7.09,7.26,124766237.0
2024-07-22,601600,中国铝业,SH,7.26,7.46,7.21,7.42,142417622.0
2024-07-23,601600,中国铝业,SH,7.4,7.45,7.0,7.01,164102107.0
2024-07-24,601600,中国铝业,SH,7.01,7.03,6.81,6.91,140542204.0
2024-07-25,601600,中国铝业,SH,6.85,6.88,6.67,6.73,128144107.0
2024-07-26,601600,中国铝业,SH,6.71,6.94,6.69,6.82,118168612.0
2024-07-29,601600,中国铝业,SH,6.84,6.91,6.75,6.84,72915007.0
2024-07-30,601600,中国铝业,SH,6.76,6.77,6.58,6.61,126837639.0
2024-07-31,601600,中国铝业,SH,6.62,6.92,6.62,6.9,124475810.0
2024-08-01,601600,中国铝业,SH,6.99,7.12,6.78,6.84,179908834.0
2024-08-02,601600,中国铝业,SH,6.72,6.73,6.51,6.57,203161273.0
2024-08-05,601600,中国铝业,SH,6.47,6.58,6.32,6.36,184833616.0
2024-08-06,601600,中国铝业,SH,6.4,6.44,6.26,6.38,119496288.0
2024-08-07,601600,中国铝业,SH,6.39,6.48,6.33,6.42,102740679.0
2024-08-08,601600,中国铝业,SH,6.37,6.43,6.32,6.39,79891596.0
2024-08-09,601600,中国铝业,SH,6.5,6.65,6.46,6.47,149345807.0
2024-08-12,601600,中国铝业,SH,6.47,6.67,6.46,6.56,119511703.0
2024-08-13,601600,中国铝业,SH,6.59,6.64,6.48,6.56,78988922.0
2024-08-14,601600,中国铝业,SH,6.55,6.56,6.42,6.43,71250281.0
2024-08-15,601600,中国铝业,SH,6.41,6.6,6.38,6.55,105175998.0
2024-08-16,601600,中国铝业,SH,6.62,6.73,6.6,6.62,115971110.0
2024-08-19,601600,中国铝业,SH,6.7,6.9,6.68,6.81,155711327.0
2024-08-20,601600,中国铝业,SH,6.86,6.86,6.65,6.7,112943980.0
2024-08-21,601600,中国铝业,SH,6.7,6.8,6.66,6.79,118535116.0
2024-08-22,601600,中国铝业,SH,6.78,6.8,6.66,6.76,95051155.0
2024-08-23,601600,中国铝业,SH,6.72,6.83,6.66,6.78,78215335.0
2024-08-26,601600,中国铝业,SH,6.87,6.91,6.76,6.87,101264778.0
2024-08-27,601600,中国铝业,SH,6.86,6.94,6.82,6.89,102305902.0
2024-08-28,601600,中国铝业,SH,6.89,7.0,6.78,6.86,126551654.0
2024-08-29,601600,中国铝业,SH,6.8,6.93,6.66,6.84,134711014.0
2024-08-30,601600,中国铝业,SH,6.81,6.92,6.69,6.83,142225272.0
2024-09-02,601600,中国铝业,SH,6.76,6.83,6.68,6.77,115109414.0
2024-09-03,601600,中国铝业,SH,6.75,6.94,6.74,6.83,110398606.0
2024-09-04,601600,中国铝业,SH,6.73,6.74,6.52,6.61,133608780.0
2024-09-05,601600,中国铝业,SH,6.62,6.68,6.38,6.46,133551295.0
2024-09-06,601600,中国铝业,SH,6.5,6.52,6.43,6.46,68660307.0
2024-09-09,601600,中国铝业,SH,6.38,6.41,6.24,6.34,113028627.0
2024-09-10,601600,中国铝业,SH,6.35,6.38,6.2,6.3,97535765.0
2024-09-11,601600,中国铝业,SH,6.28,6.3,6.13,6.25,100072391.0
2024-09-12,601600,中国铝业,SH,6.3,6.41,6.23,6.31,94821576.0
2024-09-13,601600,中国铝业,SH,6.37,6.47,6.31,6.32,105015541.0
2024-09-18,601600,中国铝业,SH,6.39,6.63,6.36,6.58,135340625.0
2024-09-19,601600,中国铝业,SH,6.59,6.98,6.54,6.98,196312940.0
2024-09-20,601600,中国铝业,SH,6.91,7.08,6.86,7.06,162073786.0
2024-09-23,601600,中国铝业,SH,6.99,7.08,6.91,7.0,110779046.0
2024-09-24,601600,中国铝业,SH,7.08,7.34,7.06,7.25,196760119.0
2024-09-25,601600,中国铝业,SH,7.4,7.62,7.35,7.39,225547304.0
2024-09-26,601600,中国铝业,SH,7.38,7.85,7.34,7.84,199524272.0
2024-09-27,601600,中国铝业,SH,7.99,8.22,7.99,8.13,114575439.0
2024-09-30,601600,中国铝业,SH,8.4,8.92,8.4,8.9,325958617.0
2024-10-08,601600,中国铝业,SH,9.67,9.72,8.37,8.71,612233944.0
2024-10-09,601600,中国铝业,SH,8.5,8.5,7.93,7.99,365056483.0
2024-10-10,601600,中国铝业,SH,8.09,8.75,8.08,8.49,327788343.0
2024-10-11,601600,中国铝业,SH,8.58,8.8,8.3,8.52,264888863.0
2024-10-14,601600,中国铝业,SH,8.72,9.22,8.72,9.09,423082173.0
2024-10-15,601600,中国铝业,SH,8.93,8.95,8.51,8.51,273428862.0
2024-10-16,601600,中国铝业,SH,8.35,8.75,8.33,8.65,192436023.0
2024-10-17,601600,中国铝业,SH,8.73,8.9,8.5,8.51,183624360.0
2024-10-18,601600,中国铝业,SH,8.42,8.71,8.39,8.55,236161880.0
2024-10-21,601600,中国铝业,SH,8.63,8.87,8.52,8.76,228666561.0
2024-10-22,601600,中国铝业,SH,8.7,8.86,8.58,8.84,171198521.0
2024-10-23,601600,中国铝业,SH,8.86,8.9,8.61,8.72,189929305.0
2024-10-24,601600,中国铝业,SH,8.63,8.89,8.55,8.82,181203156.0
2024-10-25,601600,中国铝业,SH,8.69,8.71,8.43,8.49,279195839.0
2024-10-28,601600,中国铝业,SH,8.52,8.71,8.51,8.58,189761154.0
2024-10-29,601600,中国铝业,SH,8.53,8.53,8.31,8.35,169548815.0
2024-10-30,601600,中国铝业,SH,7.95,7.95,7.61,7.69,523755239.0
2024-10-31,601600,中国铝业,SH,7.65,7.78,7.58,7.63,252052395.0
2024-11-01,601600,中国铝业,SH,7.66,8.15,7.66,7.94,397514759.0
2024-11-04,601600,中国铝业,SH,8.06,8.06,7.73,7.92,274049361.0
2024-11-05,601600,中国铝业,SH,7.88,8.14,7.82,8.09,271729072.0
2024-11-06,601600,中国铝业,SH,8.18,8.38,8.12,8.24,302978368.0
2024-11-07,601600,中国铝业,SH,8.13,8.51,8.05,8.48,296238801.0
2024-11-08,601600,中国铝业,SH,8.7,8.8,8.39,8.5,301533713.0
2024-11-11,601600,中国铝业,SH,8.39,8.39,8.2,8.39,227550042.0
2024-11-12,601600,中国铝业,SH,8.32,8.38,8.0,8.06,290554646.0
2024-11-13,601600,中国铝业,SH,8.01,8.16,7.97,8.1,121895960.0
2024-11-14,601600,中国铝业,SH,8.1,8.2,7.93,7.95,136722142.0
2024-11-15,601600,中国铝业,SH,7.93,8.15,7.91,7.98,149878608.0
2024-11-18,601600,中国铝业,SH,7.59,7.99,7.54,7.8,250881808.0
2024-11-19,601600,中国铝业,SH,7.8,7.95,7.73,7.94,134919207.0
2024-11-20,601600,中国铝业,SH,7.98,8.12,7.88,7.91,138271942.0
2024-11-21,601600,中国铝业,SH,7.9,7.99,7.79,7.93,113600942.0
2024-11-22,601600,中国铝业,SH,7.9,7.96,7.63,7.65,128124241.0
2024-11-25,601600,中国铝业,SH,7.64,7.76,7.5,7.57,108407114.0
2024-11-26,601600,中国铝业,SH,7.53,7.67,7.48,7.57,79610605.0
2024-11-27,601600,中国铝业,SH,7.55,7.65,7.45,7.64,96307067.0
2024-11-28,601600,中国铝业,SH,7.64,7.66,7.51,7.52,98575885.0
2024-11-29,601600,中国铝业,SH,7.51,7.61,7.4,7.52,115711950.0
2024-12-02,601600,中国铝业,SH,7.53,7.62,7.51,7.59,142230415.0
2024-12-03,601600,中国铝业,SH,7.6,7.63,7.48,7.59,123568957.0
2024-12-04,601600,中国铝业,SH,7.76,7.8,7.58,7.64,218884831.0
2024-12-05,601600,中国铝业,SH,7.61,7.65,7.51,7.54,148401126.0
2024-12-06,601600,中国铝业,SH,7.52,7.65,7.5,7.64,155111815.0
2024-12-09,601600,中国铝业,SH,7.62,7.74,7.59,7.64,153599414.0
2024-12-10,601600,中国铝业,SH,7.83,7.99,7.65,7.67,238581656.0
2024-12-11,601600,中国铝业,SH,7.64,7.99,7.63,7.88,265224566.0
2024-12-12,601600,中国铝业,SH,7.8,7.89,7.8,7.85,127995568.0
2024-12-13,601600,中国铝业,SH,7.8,7.84,7.58,7.6,193760308.0
2024-12-16,601600,中国铝业,SH,7.58,7.61,7.43,7.45,133375884.0
2024-12-17,601600,中国铝业,SH,7.41,7.46,7.31,7.39,124705223.0
2024-12-18,601600,中国铝业,SH,7.4,7.49,7.36,7.38,99188885.0
2024-12-19,601600,中国铝业,SH,7.31,7.4,7.21,7.39,97712112.0
2024-12-20,601600,中国铝业,SH,7.39,7.44,7.26,7.28,88121486.0
2024-12-23,601600,中国铝业,SH,7.28,7.39,7.26,7.29,107860873.0
2024-12-24,601600,中国铝业,SH,7.27,7.43,7.26,7.43,99027637.0
2024-12-25,601600,中国铝业,SH,7.44,7.44,7.35,7.38,60567506.0
2024-12-26,601600,中国铝业,SH,7.38,7.48,7.33,7.44,80820737.0
2024-12-27,601600,中国铝业,SH,7.36,7.45,7.27,7.28,111498955.0
2024-12-30,601600,中国铝业,SH,7.27,7.51,7.26,7.48,152277560.0
2024-12-31,601600,中国铝业,SH,7.47,7.51,7.35,7.35,106095258.0
2025-01-02,601600,中国铝业,SH,7.34,7.44,7.13,7.2,130703562.0
2025-01-03,601600,中国铝业,SH,7.18,7.47,7.17,7.3,180001546.0
2025-01-06,601600,中国铝业,SH,7.25,7.38,7.12,7.18,135571631.0
2025-01-07,601600,中国铝业,SH,7.16,7.32,7.08,7.2,128898156.0
2025-01-08,601600,中国铝业,SH,7.19,7.19,6.96,7.07,144671025.0
2025-01-09,601600,中国铝业,SH,7.06,7.28,7.01,7.22,141622533.0
2025-01-10,601600,中国铝业,SH,7.27,7.38,7.16,7.28,135467479.0
2025-01-13,601600,中国铝业,SH,7.25,7.53,7.21,7.43,180303312.0
2025-01-14,601600,中国铝业,SH,7.39,7.54,7.35,7.54,144878113.0
2025-01-15,601600,中国铝业,SH,7.52,7.63,7.33,7.4,131471502.0
2025-01-16,601600,中国铝业,SH,7.47,7.78,7.44,7.77,261282601.0
2025-01-17,601600,中国铝业,SH,7.75,7.82,7.66,7.8,128245110.0
2025-01-20,601600,中国铝业,SH,7.85,7.88,7.71,7.76,108302970.0
2025-01-21,601600,中国铝业,SH,7.78,7.8,7.64,7.67,92107408.0
2025-01-22,601600,中国铝业,SH,7.68,7.72,7.58,7.69,91781238.0
2025-01-23,601600,中国铝业,SH,7.72,7.76,7.6,7.62,112247938.0
2025-01-24,601600,中国铝业,SH,7.65,7.88,7.63,7.87,168465864.0
2025-01-27,601600,中国铝业,SH,7.85,7.93,7.7,7.76,144903462.0
2025-02-05,601600,中国铝业,SH,7.82,7.89,7.72,7.84,137014704.0
2025-02-06,601600,中国铝业,SH,7.86,7.89,7.64,7.65,194998526.0
2025-02-07,601600,中国铝业,SH,7.66,7.88,7.55,7.82,205187467.0
2025-02-10,601600,中国铝业,SH,7.78,8.06,7.77,7.88,191160243.0
2025-02-11,601600,中国铝业,SH,7.86,7.97,7.81,7.85,125674256.0
2025-02-12,601600,中国铝业,SH,7.8,7.82,7.62,7.69,138858443.0
2025-02-13,601600,中国铝业,SH,7.68,7.72,7.56,7.56,140124753.0
2025-02-14,601600,中国铝业,SH,7.54,7.71,7.54,7.66,127073227.0
2025-02-17,601600,中国铝业,SH,7.62,7.66,7.41,7.49,187001396.0
2025-02-18,601600,中国铝业,SH,7.49,7.53,7.42,7.45,105694441.0
2025-02-19,601600,中国铝业,SH,7.45,7.54,7.4,7.49,108054049.0
2025-02-20,601600,中国铝业,SH,7.48,7.52,7.41,7.51,88016869.0
2025-02-21,601600,中国铝业,SH,7.56,7.84,7.54,7.7,217378558.0
2025-02-24,601600,中国铝业,SH,7.64,7.71,7.52,7.69,138845207.0
2025-02-25,601600,中国铝业,SH,7.63,7.66,7.41,7.42,143614530.0
2025-02-26,601600,中国铝业,SH,7.42,7.54,7.35,7.41,126500058.0
2025-02-27,601600,中国铝业,SH,7.41,7.41,7.16,7.23,193040157.0
2025-02-28,601600,中国铝业,SH,7.21,7.27,7.15,7.15,112463845.0
2025-03-03,601600,中国铝业,SH,7.2,7.44,7.16,7.31,202935602.0
2025-03-04,601600,中国铝业,SH,7.31,7.32,7.18,7.24,100915294.0
2025-03-05,601600,中国铝业,SH,7.24,7.42,7.15,7.41,167596126.0
2025-03-06,601600,中国铝业,SH,7.48,7.66,7.47,7.65,217610917.0
2025-03-07,601600,中国铝业,SH,7.66,7.81,7.62,7.73,155591527.0
2025-03-10,601600,中国铝业,SH,7.8,7.83,7.68,7.79,121477007.0
2025-03-11,601600,中国铝业,SH,7.7,7.72,7.56,7.72,128287939.0
2025-03-12,601600,中国铝业,SH,7.72,7.84,7.71,7.74,106268610.0
2025-03-13,601600,中国铝业,SH,7.71,7.82,7.69,7.8,105245411.0
2025-03-14,601600,中国铝业,SH,7.88,7.92,7.78,7.8,119448142.0
2025-03-17,601600,中国铝业,SH,7.77,7.85,7.68,7.69,110546814.0
2025-03-18,601600,中国铝业,SH,7.73,7.83,7.68,7.75,94567471.0
2025-03-19,601600,中国铝业,SH,7.71,7.73,7.62,7.69,85994739.0
2025-03-20,601600,中国铝业,SH,7.73,7.83,7.71,7.74,106782404.0
2025-03-21,601600,中国铝业,SH,7.71,7.79,7.56,7.58,100001704.0
2025-03-24,601600,中国铝业,SH,7.61,7.87,7.56,7.83,185365945.0
2025-03-25,601600,中国铝业,SH,7.86,7.98,7.8,7.87,125572009.0
2025-03-26,601600,中国铝业,SH,7.9,7.97,7.67,7.68,150225928.0
2025-03-27,601600,中国铝业,SH,7.65,7.7,7.56,7.65,108694001.0
2025-03-28,601600,中国铝业,SH,7.61,7.68,7.51,7.58,140304186.0
2025-03-31,601600,中国铝业,SH,7.52,7.57,7.41,7.46,113849446.0
2025-04-01,601600,中国铝业,SH,7.49,7.63,7.43,7.61,124520998.0
2025-04-02,601600,中国铝业,SH,7.57,7.62,7.44,7.46,94661915.0
2025-04-03,601600,中国铝业,SH,7.4,7.41,7.15,7.17,205172086.0
2025-04-07,601600,中国铝业,SH,6.5,6.6,6.45,6.45,176584500.0
2025-04-08,601600,中国铝业,SH,6.53,6.56,6.13,6.28,358227054.0
2025-04-09,601600,中国铝业,SH,6.24,6.37,5.96,6.37,316222819.0
2025-04-10,601600,中国铝业,SH,6.53,6.64,6.43,6.63,252877632.0
2025-04-11,601600,中国铝业,SH,6.55,6.6,6.48,6.56,156217460.0
2025-04-14,601600,中国铝业,SH,6.62,6.68,6.56,6.58,175126488.0
2025-04-15,601600,中国铝业,SH,6.57,6.57,6.41,6.45,168271933.0
2025-04-16,601600,中国铝业,SH,6.45,6.46,6.32,6.41,145291982.0
2025-04-17,601600,中国铝业,SH,6.37,6.43,6.34,6.4,131056415.0
2025-04-18,601600,中国铝业,SH,6.37,6.42,6.34,6.4,91703054.0
2025-04-21,601600,中国铝业,SH,6.39,6.55,6.37,6.54,153169510.0
2025-04-22,601600,中国铝业,SH,6.52,6.53,6.48,6.48,113835251.0
2025-04-23,601600,中国铝业,SH,6.53,6.55,6.48,6.52,114372576.0
2025-04-24,601600,中国铝业,SH,6.53,6.55,6.44,6.48,120958178.0
2025-04-25,601600,中国铝业,SH,6.52,6.7,6.52,6.61,233590160.0
2025-04-28,601600,中国铝业,SH,6.58,6.59,6.43,6.48,169276050.0
2025-04-29,601600,中国铝业,SH,6.44,6.46,6.38,6.42,111622090.0
2025-04-30,601600,中国铝业,SH,6.43,6.44,6.39,6.4,96450023.0
2025-05-06,601600,中国铝业,SH,6.43,6.49,6.42,6.49,137646880.0
2025-05-07,601600,中国铝业,SH,6.56,6.58,6.46,6.5,151953123.0
2025-05-08,601600,中国铝业,SH,6.46,6.52,6.44,6.5,124127267.0
2025-05-09,601600,中国铝业,SH,6.49,6.55,6.41,6.42,142009220.0
2025-05-12,601600,中国铝业,SH,6.47,6.59,6.45,6.59,215971703.0
2025-05-13,601600,中国铝业,SH,6.66,6.7,6.58,6.59,178073655.0
2025-05-14,601600,中国铝业,SH,6.63,6.77,6.62,6.77,203691625.0
2025-05-15,601600,中国铝业,SH,6.77,6.79,6.67,6.69,144227710.0
2025-05-16,601600,中国铝业,SH,6.66,6.7,6.59,6.61,112471900.0
2025-05-19,601600,中国铝业,SH,6.68,6.76,6.62,6.62,150769720.0
2025-05-20,601600,中国铝业,SH,6.62,6.66,6.59,6.63,102796980.0
2025-05-21,601600,中国铝业,SH,6.64,6.82,6.61,6.79,202522991.0
2025-05-22,601600,中国铝业,SH,6.73,6.77,6.66,6.67,122349669.0
2025-05-23,601600,中国铝业,SH,6.65,6.7,6.62,6.62,92665045.0
2025-05-26,601600,中国铝业,SH,6.61,6.66,6.56,6.61,88734683.0
2025-05-27,601600,中国铝业,SH,6.61,6.61,6.45,6.49,156715396.0
2025-05-28,601600,中国铝业,SH,6.49,6.54,6.49,6.52,80939369.0
2025-05-29,601600,中国铝业,SH,6.52,6.62,6.5,6.6,104482714.0
2025-05-30,601600,中国铝业,SH,6.57,6.59,6.5,6.54,84273806.0
2025-06-03,601600,中国铝业,SH,6.63,6.73,6.58,6.68,173091398.0
2025-06-04,601600,中国铝业,SH,6.68,6.75,6.65,6.68,97249217.0
2025-06-05,601600,中国铝业,SH,6.69,6.71,6.64,6.68,98218698.0
2025-06-06,601600,中国铝业,SH,6.69,6.77,6.68,6.73,112919480.0
2025-06-09,601600,中国铝业,SH,6.73,6.83,6.66,6.82,154803144.0
2025-06-10,601600,中国铝业,SH,6.83,6.88,6.76,6.84,132135364.0
2025-06-11,601600,中国铝业,SH,6.85,7.01,6.83,6.94,142208669.0
2025-06-12,601600,中国铝业,SH,6.94,6.98,6.9,6.92,118583099.0
2025-06-13,601600,中国铝业,SH,6.92,6.95,6.8,6.8,213356430.0
2025-06-16,601600,中国铝业,SH,6.82,6.95,6.8,6.9,130901041.0
2025-06-17,601600,中国铝业,SH,6.89,6.95,6.85,6.93,80897485.0
2025-06-18,601600,中国铝业,SH,6.96,7.0,6.86,6.92,77258193.0
2025-06-19,601600,中国铝业,SH,6.9,6.91,6.77,6.79,93481019.0
2025-06-20,601600,中国铝业,SH,6.8,6.92,6.77,6.9,103966839.0
2025-06-23,601600,中国铝业,SH,6.87,6.95,6.85,6.91,81128394.0
2025-06-24,601600,中国铝业,SH,6.92,7.05,6.91,6.94,133141100.0
2025-06-25,601600,中国铝业,SH,6.94,6.95,6.85,6.92,129196589.0
2025-06-26,601600,中国铝业,SH,6.91,7.02,6.9,6.97,144982926.0
2025-06-27,601600,中国铝业,SH,7.02,7.18,7.02,7.12,194750211.0
2025-06-30,601600,中国铝业,SH,7.13,7.14,7.01,7.04,153432269.0
2025-07-01,601600,中国铝业,SH,7.05,7.08,6.95,7.08,132872891.0
2025-07-02,601600,中国铝业,SH,7.06,7.2,7.03,7.19,179127054.0
2025-07-03,601600,中国铝业,SH,7.21,7.23,7.15,7.18,114311711.0
2025-07-04,601600,中国铝业,SH,7.16,7.23,7.09,7.16,118088508.0
2025-07-07,601600,中国铝业,SH,7.12,7.13,7.03,7.04,121982354.0
2025-07-08,601600,中国铝业,SH,7.01,7.07,7.01,7.06,104395093.0
2025-07-09,601600,中国铝业,SH,7.09,7.11,6.97,6.98,151047107.0
2025-07-10,601600,中国铝业,SH,7.0,7.17,7.0,7.13,192319087.0
2025-07-11,601600,中国铝业,SH,7.14,7.39,7.12,7.27,231097691.0
2025-07-14,601600,中国铝业,SH,7.22,7.32,7.18,7.18,149718471.0
2025-07-15,601600,中国铝业,SH,7.18,7.25,7.06,7.15,111182283.0
2025-07-16,601600,中国铝业,SH,7.11,7.17,7.09,7.11,82993986.0
2025-07-17,601600,中国铝业,SH,7.11,7.2,7.09,7.14,87113385.0
2025-07-18,601600,中国铝业,SH,7.17,7.28,7.15,7.24,120837955.0
2025-07-21,601600,中国铝业,SH,7.42,7.7,7.36,7.63,299776452.0
2025-07-22,601600,中国铝业,SH,7.58,7.77,7.54,7.77,234178049.0
2025-07-23,601600,中国铝业,SH,7.78,7.81,7.63,7.64,170940205.0
2025-07-24,601600,中国铝业,SH,7.61,7.83,7.6,7.81,201978819.0
2025-07-25,601600,中国铝业,SH,7.8,7.93,7.7,7.72,179736175.0
2025-07-28,601600,中国铝业,SH,7.6,7.71,7.5,7.63,139916712.0
2025-07-29,601600,中国铝业,SH,7.63,7.73,7.62,7.71,125730597.0
2025-07-30,601600,中国铝业,SH,7.72,7.84,7.7,7.73,134091168.0
2025-07-31,601600,中国铝业,SH,7.62,7.67,7.4,7.43,176504977.0
2025-08-01,601600,中国铝业,SH,7.41,7.52,7.36,7.39,95989393.0
2025-08-04,601600,中国铝业,SH,7.35,7.45,7.32,7.44,97588218.0
2025-08-05,601600,中国铝业,SH,7.44,7.48,7.4,7.48,122327575.0
2025-08-06,601600,中国铝业,SH,7.47,7.58,7.45,7.53,124463211.0
2025-08-07,601600,中国铝业,SH,7.59,7.64,7.43,7.54,133016554.0
2025-08-08,601600,中国铝业,SH,7.39,7.61,7.36,7.54,144864137.0
2025-08-11,601600,中国铝业,SH,7.55,7.58,7.48,7.51,127724323.0
2025-08-12,601600,中国铝业,SH,7.51,7.63,7.47,7.59,134185542.0
2025-08-13,601600,中国铝业,SH,7.63,7.79,7.61,7.73,196215199.0
2025-08-14,601600,中国铝业,SH,7.7,7.76,7.65,7.65,151020681.0
2025-08-15,601600,中国铝业,SH,7.63,8.04,7.62,7.96,273412177.0
2025-08-18,601600,中国铝业,SH,7.93,7.95,7.72,7.72,301586509.0
2025-08-19,601600,中国铝业,SH,7.73,7.8,7.6,7.63,195281739.0
2025-08-20,601600,中国铝业,SH,7.58,7.73,7.56,7.67,159636196.0
2025-08-21,601600,中国铝业,SH,7.67,7.75,7.63,7.66,144437274.0
2025-08-22,601600,中国铝业,SH,7.66,7.74,7.6,7.72,152652770.0
2025-08-25,601600,中国铝业,SH,7.82,8.12,7.82,8.08,372089558.0
2025-08-26,601600,中国铝业,SH,8.03,8.22,7.97,8.18,236324920.0
2025-08-27,601600,中国铝业,SH,8.18,8.27,7.96,7.97,268557416.0
2025-08-28,601600,中国铝业,SH,7.85,7.9,7.67,7.89,313492162.0
2025-08-29,601600,中国铝业,SH,7.91,8.1,7.8,7.83,402046348.0
2025-09-01,601600,中国铝业,SH,7.93,7.97,7.77,7.85,325330613.0
2025-09-02,601600,中国铝业,SH,7.9,7.97,7.75,7.83,303494608.0
2025-09-03,601600,中国铝业,SH,7.89,7.98,7.71,7.8,315093733.0
2025-09-04,601600,中国铝业,SH,7.76,7.81,7.32,7.43,346255520.0
2025-09-05,601600,中国铝业,SH,7.41,7.73,7.38,7.7,245718804.0
2025-09-08,601600,中国铝业,SH,7.69,7.75,7.56,7.62,189788544.0
2025-09-09,601600,中国铝业,SH,7.64,7.82,7.59,7.66,222453422.0
2025-09-10,601600,中国铝业,SH,7.6,7.64,7.48,7.6,155263979.0
2025-09-11,601600,中国铝业,SH,7.6,7.85,7.58,7.83,233402335.0
2025-09-12,601600,中国铝业,SH,7.98,8.19,7.97,8.04,414913973.0
2025-09-15,601600,中国铝业,SH,8.08,8.17,8.0,8.07,236710788.0
2025-09-16,601600,中国铝业,SH,8.13,8.17,7.71,7.88,360081667.0
2025-09-17,601600,中国铝业,SH,7.84,7.99,7.78,7.95,207108749.0
2025-09-18,601600,中国铝业,SH,7.84,7.84,7.58,7.64,284197361.0
2025-09-19,601600,中国铝业,SH,7.69,7.84,7.64,7.74,188364671.0
2025-09-22,601600,中国铝业,SH,7.78,7.81,7.6,7.69,151440557.0
2025-09-23,601600,中国铝业,SH,7.65,7.72,7.49,7.58,172444416.0
2025-09-24,601600,中国铝业,SH,7.53,7.61,7.44,7.6,168063192.0
2025-09-25,601600,中国铝业,SH,7.68,7.76,7.56,7.61,224439924.0
2025-09-26,601600,中国铝业,SH,7.56,7.72,7.53,7.62,226923259.0
2025-09-29,601600,中国铝业,SH,7.69,8.18,7.64,8.15,494872564.0
2025-09-30,601600,中国铝业,SH,8.13,8.27,8.09,8.24,317271927.0
2025-10-09,601600,中国铝业,SH,8.49,8.69,8.32,8.68,537060471.0
2025-10-10,601600,中国铝业,SH,8.58,8.82,8.48,8.62,369705241.0
2025-10-13,601600,中国铝业,SH,8.28,8.62,8.28,8.57,375291193.0
2025-10-14,601600,中国铝业,SH,8.82,9.27,8.58,8.64,624172965.0
2025-10-15,601600,中国铝业,SH,8.74,8.98,8.62,8.87,388002318.0
2025-10-16,601600,中国铝业,SH,8.8,8.98,8.62,8.72,309421379.0
2025-10-17,601600,中国铝业,SH,8.72,8.86,8.45,8.47,279847593.0
2025-10-20,601600,中国铝业,SH,8.51,8.57,8.32,8.37,233492875.0
2025-10-21,601600,中国铝业,SH,8.45,8.77,8.43,8.62,297020357.0
2025-10-22,601600,中国铝业,SH,8.42,8.8,8.39,8.75,282027131.0
2025-10-23,601600,中国铝业,SH,8.78,9.14,8.7,9.04,470458098.0
2025-10-24,601600,中国铝业,SH,9.2,9.48,9.02,9.23,415340618.0
2025-10-27,601600,中国铝业,SH,9.27,9.41,9.11,9.4,403775537.0
2025-10-28,601600,中国铝业,SH,9.35,9.72,9.24,9.26,461288635.0
2025-10-29,601600,中国铝业,SH,9.38,10.05,9.34,9.91,494031442.0
2025-10-30,601600,中国铝业,SH,9.81,10.5,9.78,10.31,550706179.0
2025-10-31,601600,中国铝业,SH,10.25,10.3,9.95,9.99,424832180.0
2025-11-03,601600,中国铝业,SH,10.14,10.22,9.75,10.17,402931315.0
2025-11-04,601600,中国铝业,SH,10.16,10.39,9.76,9.85,377335607.0
2025-11-05,601600,中国铝业,SH,9.51,9.9,9.46,9.87,286561284.0
2025-11-06,601600,中国铝业,SH,9.87,10.86,9.83,10.86,696823304.0
2025-11-07,601600,中国铝业,SH,10.7,10.99,10.65,10.75,499544339.0
2025-11-10,601600,中国铝业,SH,10.82,11.26,10.68,11.1,553630553.0
2025-11-11,601600,中国铝业,SH,11.1,11.22,10.9,10.98,338138628.0
2025-11-12,601600,中国铝业,SH,10.98,11.74,10.93,11.71,584617873.0
2025-11-13,601600,中国铝业,SH,11.7,12.3,11.55,12.17,616600654.0
2025-11-14,601600,中国铝业,SH,11.85,12.06,11.65,11.66,450046256.0
2025-11-17,601600,中国铝业,SH,11.41,11.49,11.03,11.16,511784258.0
2025-11-18,601600,中国铝业,SH,10.91,11.05,10.62,10.75,459397217.0
2025-11-19,601600,中国铝业,SH,10.78,11.11,10.78,10.98,352875653.0
2025-11-20,601600,中国铝业,SH,11.1,11.3,10.99,11.04,293002683.0
2025-11-21,601600,中国铝业,SH,10.72,10.91,10.5,10.52,370727747.0
2025-11-24,601600,中国铝业,SH,10.58,10.65,10.19,10.49,333719770.0
2025-11-25,601600,中国铝业,SH,10.67,10.7,10.42,10.55,255255830.0
2025-11-26,601600,中国铝业,SH,10.54,10.63,10.33,10.39,213504753.0
2025-11-27,601600,中国铝业,SH,10.61,10.76,10.42,10.44,244799497.0
2025-11-28,601600,中国铝业,SH,10.39,10.64,10.31,10.51,173393401.0
2025-12-01,601600,中国铝业,SH,10.78,10.92,10.57,10.69,357066076.0
2025-12-02,601600,中国铝业,SH,10.61,10.64,10.44,10.58,163313602.0
2025-12-03,601600,中国铝业,SH,10.55,11.27,10.55,11.03,402031691.0
2025-12-04,601600,中国铝业,SH,11.27,11.3,10.84,10.89,316820004.0
2025-12-05,601600,中国铝业,SH,10.92,11.49,10.92,11.4,385304366.0
2025-12-08,601600,中国铝业,SH,11.33,11.34,11.02,11.27,347288026.0
2025-12-09,601600,中国铝业,SH,11.14,11.15,10.48,10.59,406731192.0
2025-12-10,601600,中国铝业,SH,10.58,10.73,10.47,10.72,205557543.0
2025-12-11,601600,中国铝业,SH,10.8,10.88,10.46,10.47,238714984.0
2025-12-12,601600,中国铝业,SH,10.68,10.79,10.6,10.75,316042056.0
2025-12-15,601600,中国铝业,SH,10.53,10.8,10.47,10.54,204673974.0
2025-12-16,601600,中国铝业,SH,10.44,10.5,10.09,10.28,202540915.0
2025-12-17,601600,中国铝业,SH,10.38,10.66,10.32,10.59,180582240.0
2025-12-18,601600,中国铝业,SH,10.59,10.77,10.51,10.53,144878522.0
2025-12-19,601600,中国铝业,SH,10.58,10.93,10.43,10.85,228500452.0
2025-12-22,601600,中国铝业,SH,11.05,11.1,10.86,10.97,203505633.0
2025-12-23,601600,中国铝业,SH,10.89,11.25,10.85,10.97,226324631.0
2025-12-24,601600,中国铝业,SH,11.0,11.09,10.8,11.07,216217792.0
2025-12-25,601600,中国铝业,SH,10.97,10.98,10.82,10.96,161778236.0
2025-12-26,601600,中国铝业,SH,10.99,11.94,10.97,11.84,473629142.0
2025-12-29,601600,中国铝业,SH,11.87,11.94,11.41,11.45,425870836.0
2025-12-30,601600,中国铝业,SH,11.13,12.12,11.12,11.99,409754352.0
2025-12-31,601600,中国铝业,SH,11.99,12.38,11.96,12.22,398049375.0
2026-01-05,601600,中国铝业,SH,12.72,13.3,12.61,13.02,458673305.0
2026-01-06,601600,中国铝业,SH,13.28,14.18,13.28,13.97,564924030.0
2026-01-07,601600,中国铝业,SH,13.96,14.24,13.62,14.05,479627163.0
2026-01-08,601600,中国铝业,SH,13.7,14.05,13.48,13.65,376908247.0
2026-01-09,601600,中国铝业,SH,13.49,14.3,13.49,14.05,392865127.0
2026-01-12,601600,中国铝业,SH,14.34,14.44,13.62,13.85,474327718.0
2026-01-13,601600,中国铝业,SH,13.8,14.37,13.69,13.97,380848757.0
2026-01-14,601600,中国铝业,SH,14.1,14.43,13.56,13.63,539974887.0
2026-01-15,601600,中国铝业,SH,13.48,14.18,13.32,13.74,421352590.0
2026-01-16,601600,中国铝业,SH,13.75,14.09,13.1,13.26,527008746.0
2026-01-19,601600,中国铝业,SH,13.25,13.41,12.83,13.33,361276809.0
2026-01-20,601600,中国铝业,SH,13.4,13.62,12.93,13.29,347086063.0
2026-01-21,601600,中国铝业,SH,13.2,13.46,13.02,13.4,267865289.0
2026-01-22,601600,中国铝业,SH,13.4,13.5,13.21,13.28,274707418.0
2026-01-23,601600,中国铝业,SH,13.39,13.52,13.08,13.23,475917841.0
2026-01-26,601600,中国铝业,SH,13.46,13.86,13.33,13.4,675222124.0
2026-01-27,601600,中国铝业,SH,13.34,13.7,13.11,13.27,510560557.0
2026-01-28,601600,中国铝业,SH,13.45,14.6,13.13,14.6,829795766.0
2026-01-29,601600,中国铝业,SH,15.01,15.85,14.24,15.7,1067686227.0
2026-01-30,601600,中国铝业,SH,14.7,15.01,14.13,14.13,776754492.0
2026-02-02,601600,中国铝业,SH,13.01,13.6,12.72,12.72,787814097.0
2026-02-03,601600,中国铝业,SH,13.1,13.19,12.67,13.14,475032529.0
2026-02-04,601600,中国铝业,SH,13.37,13.54,13.22,13.44,337011723.0
2026-02-05,601600,中国铝业,SH,13.13,13.26,12.36,12.64,383179127.0
2026-02-06,601600,中国铝业,SH,12.18,13.08,12.18,12.89,296306951.0
2026-02-09,601600,中国铝业,SH,13.12,13.2,12.88,13.05,206139969.0
2026-02-10,601600,中国铝业,SH,13.12,13.26,13.01,13.15,198249261.0
2026-02-11,601600,中国铝业,SH,13.06,13.45,13.05,13.32,212624623.0
2026-02-12,601600,中国铝业,SH,13.26,13.44,13.2,13.21,187857021.0
2026-02-13,601600,中国铝业,SH,12.97,13.09,12.66,12.69,259190406.0
2026-02-24,601600,中国铝业,SH,13.01,13.12,12.87,12.96,198410386.0
2026-02-25,601600,中国铝业,SH,13.07,13.79,13.01,13.53,324128252.0
2026-02-26,601600,中国铝业,SH,13.75,13.78,13.34,13.46,235503639.0
2026-02-27,601600,中国铝业,SH,13.35,13.92,13.32,13.72,273842389.0
2026-03-02,601600,中国铝业,SH,13.88,14.31,13.47,14.27,476840355.0
2026-03-03,601600,中国铝业,SH,14.29,14.55,13.8,13.97,451023626.0
2026-03-04,601600,中国铝业,SH,14.17,14.85,14.11,14.45,477629648.0
2026-03-05,601600,中国铝业,SH,14.85,15.2,14.44,14.79,539558741.0
2026-03-06,601600,中国铝业,SH,14.39,14.39,13.71,13.97,375445882.0
2026-03-09,601600,中国铝业,SH,14.3,14.44,13.88,14.02,368425209.0
2026-03-10,601600,中国铝业,SH,13.57,13.82,13.51,13.7,268983915.0
2026-03-11,601600,中国铝业,SH,13.76,14.06,13.68,13.96,276323190.0
2026-03-12,601600,中国铝业,SH,14.2,14.9,14.03,14.76,511417496.0
2026-03-13,601600,中国铝业,SH,14.7,15.0,13.97,14.08,395629478.0
2026-03-16,601600,中国铝业,SH,14.18,14.25,13.06,13.54,472396490.0
2026-03-17,601600,中国铝业,SH,13.59,13.92,13.0,13.02,321180158.0
2026-03-18,601600,中国铝业,SH,12.95,12.95,12.45,12.64,318151678.0
2026-03-19,601600,中国铝业,SH,12.29,12.49,11.73,11.83,379517064.0
2026-03-20,601600,中国铝业,SH,11.67,11.99,11.5,11.53,294775733.0
2026-03-23,601600,中国铝业,SH,11.02,11.47,10.89,11.05,339090321.0
2026-03-24,601600,中国铝业,SH,11.3,11.34,10.9,11.3,269955445.0
2026-03-25,601600,中国铝业,SH,11.55,11.72,11.41,11.51,267057666.0
2026-03-26,601600,中国铝业,SH,11.45,11.58,11.21,11.31,195867429.0
2026-03-27,601600,中国铝业,SH,11.11,11.51,11.06,11.44,190005963.0
2026-03-30,601600,中国铝业,SH,12.0,12.22,11.67,11.97,640071588.0
2026-03-31,601600,中国铝业,SH,11.98,12.0,11.34,11.4,409060071.0
2026-04-01,601600,中国铝业,SH,11.63,11.68,11.43,11.56,301488779.0
2026-04-02,601600,中国铝业,SH,11.75,11.95,11.61,11.68,344082582.0
2026-04-03,601600,中国铝业,SH,11.6,11.64,11.18,11.21,229492313.0
2022-03-11,9988,阿里巴巴,HK,90.55,88.05,92.15,90.8,74997978.0
2022-03-14,9988,阿里巴巴,HK,86.15,80.25,86.6,80.9,99109140.0
2022-03-15,9988,阿里巴巴,HK,73.8,71.0,79.35,71.25,166892058.0
2022-03-16,9988,阿里巴巴,HK,74.5,73.7,91.05,90.7,159307067.0
2022-03-17,9988,阿里巴巴,HK,104.0,95.3,104.0,102.0,147199025.0
2022-03-18,9988,阿里巴巴,HK,97.15,95.0,100.2,98.35,69216323.0
2022-03-21,9988,阿里巴巴,HK,104.8,97.25,104.8,99.1,78145126.0
2022-03-22,9988,阿里巴巴,HK,102.3,102.1,111.4,110.2,82216795.0
2022-03-23,9988,阿里巴巴,HK,114.6,112.5,119.4,117.6,109736384.0
2022-03-24,9988,阿里巴巴,HK,116.4,113.5,119.0,113.8,56175392.0
2022-03-25,9988,阿里巴巴,HK,111.4,104.8,113.5,107.4,59754137.0
2022-03-28,9988,阿里巴巴,HK,107.4,106.1,113.5,111.1,35856686.0
2022-03-29,9988,阿里巴巴,HK,112.7,112.2,114.8,113.5,28129247.0
2022-03-30,9988,阿里巴巴,HK,115.0,112.6,115.7,113.9,43050119.0
2022-03-31,9988,阿里巴巴,HK,114.9,109.7,114.9,112.1,26780152.0
2022-04-01,9988,阿里巴巴,HK,106.8,105.7,109.7,109.7,38709405.0
2022-04-04,9988,阿里巴巴,HK,110.6,110.0,114.6,113.7,41875311.0
2022-04-06,9988,阿里巴巴,HK,109.1,107.1,109.8,107.6,46638063.0
2022-04-07,9988,阿里巴巴,HK,106.4,105.2,108.9,105.2,35575706.0
2022-04-08,9988,阿里巴巴,HK,102.8,101.5,103.8,103.8,38153586.0
2022-04-11,9988,阿里巴巴,HK,102.8,97.85,103.0,98.5,40131164.0
2022-04-12,9988,阿里巴巴,HK,98.5,96.35,100.6,99.0,39683531.0
2022-04-13,9988,阿里巴巴,HK,98.4,97.0,99.5,98.5,24650087.0
2022-04-14,9988,阿里巴巴,HK,97.65,93.85,98.0,95.5,52348941.0
2022-04-19,9988,阿里巴巴,HK,92.55,90.9,93.45,91.5,34060706.0
2022-04-20,9988,阿里巴巴,HK,91.1,90.3,92.95,90.7,24190299.0
2022-04-21,9988,阿里巴巴,HK,88.75,86.5,89.7,87.9,37481397.0
2022-04-22,9988,阿里巴巴,HK,83.5,83.4,87.35,86.65,33414007.0
2022-04-25,9988,阿里巴巴,HK,84.8,81.2,84.95,81.85,43001305.0
2022-04-26,9988,阿里巴巴,HK,84.5,83.75,87.9,84.9,38304821.0
2022-04-27,9988,阿里巴巴,HK,84.35,83.0,85.45,84.55,27917828.0
2022-04-28,9988,阿里巴巴,HK,88.0,86.3,88.55,88.25,40675166.0
2022-04-29,9988,阿里巴巴,HK,88.25,87.15,103.8,102.1,102134425.0
2022-05-03,9988,阿里巴巴,HK,100.0,92.5,103.1,100.3,103238870.0
2022-05-04,9988,阿里巴巴,HK,98.5,95.85,98.55,96.55,29177225.0
2022-05-05,9988,阿里巴巴,HK,99.5,96.2,101.1,96.7,27991225.0
2022-05-06,9988,阿里巴巴,HK,92.05,89.3,92.85,90.35,50887668.0
2022-05-10,9988,阿里巴巴,HK,83.5,83.15,87.2,86.0,64139439.0
2022-05-11,9988,阿里巴巴,HK,83.7,83.6,87.95,85.65,63211009.0
2022-05-12,9988,阿里巴巴,HK,81.85,79.9,82.55,80.0,69966835.0
2022-05-13,9988,阿里巴巴,HK,82.2,81.25,82.85,82.2,53688518.0
2022-05-16,9988,阿里巴巴,HK,86.0,83.1,86.25,84.6,37186669.0
2022-05-17,9988,阿里巴巴,HK,87.5,86.65,91.8,90.55,65364000.0
2022-05-18,9988,阿里巴巴,HK,90.55,87.8,90.55,90.0,40887159.0
2022-05-19,9988,阿里巴巴,HK,85.0,82.75,85.4,83.35,63967045.0
2022-05-20,9988,阿里巴巴,HK,86.3,85.6,88.8,88.05,37411832.0
2022-05-23,9988,阿里巴巴,HK,86.2,83.85,86.55,85.1,48116001.0
2022-05-24,9988,阿里巴巴,HK,84.8,82.9,86.3,83.6,41592157.0
2022-05-25,9988,阿里巴巴,HK,82.0,81.35,84.15,82.35,39360501.0
2022-05-26,9988,阿里巴巴,HK,82.0,79.65,82.0,81.1,44520428.0
2022-05-27,9988,阿里巴巴,HK,91.0,89.85,92.4,91.0,94943603.0
2022-05-30,9988,阿里巴巴,HK,91.7,91.3,94.9,94.9,58244941.0
2022-05-31,9988,阿里巴巴,HK,94.6,93.1,97.5,96.25,87590516.0
2022-06-01,9988,阿里巴巴,HK,96.0,94.0,96.2,94.6,34758451.0
2022-06-02,9988,阿里巴巴,HK,91.75,91.0,93.0,92.3,38921083.0
2022-06-06,9988,阿里巴巴,HK,92.85,91.25,98.6,96.95,61560025.0
2022-06-07,9988,阿里巴巴,HK,96.95,96.15,101.8,98.8,88847430.0
2022-06-08,9988,阿里巴巴,HK,103.4,102.5,110.4,108.8,116293353.0
2022-06-09,9988,阿里巴巴,HK,116.2,108.1,116.3,111.3,113806634.0
2022-06-10,9988,阿里巴巴,HK,107.6,107.0,116.0,112.8,107826465.0
2022-06-13,9988,阿里巴巴,HK,106.2,103.5,108.4,103.8,85883479.0
2022-06-14,9988,阿里巴巴,HK,98.25,97.2,102.4,101.2,79243938.0
2022-06-15,9988,阿里巴巴,HK,105.0,104.3,106.7,105.6,62840727.0
2022-06-16,9988,阿里巴巴,HK,108.8,100.4,109.8,102.4,51964072.0
2022-06-17,9988,阿里巴巴,HK,100.1,100.0,104.8,104.5,98242313.0
2022-06-20,9988,阿里巴巴,HK,102.0,99.65,104.6,104.4,64777753.0
2022-06-21,9988,阿里巴巴,HK,104.5,103.4,106.1,105.8,56377679.0
2022-06-22,9988,阿里巴巴,HK,104.8,101.5,105.1,101.5,56378203.0
2022-06-23,9988,阿里巴巴,HK,104.9,103.4,109.9,108.0,80541807.0
2022-06-24,9988,阿里巴巴,HK,112.6,111.5,115.5,113.9,88759544.0
2022-06-27,9988,阿里巴巴,HK,117.3,116.1,120.4,118.1,98194624.0
2022-06-28,9988,阿里巴巴,HK,117.6,112.6,119.1,118.1,70432843.0
2022-06-29,9988,阿里巴巴,HK,114.5,113.0,116.3,114.5,54735988.0
2022-06-30,9988,阿里巴巴,HK,113.6,110.7,114.4,111.9,47263509.0
2022-07-04,9988,阿里巴巴,HK,111.6,109.4,114.1,113.2,38788782.0
2022-07-05,9988,阿里巴巴,HK,116.3,114.7,118.4,115.2,45974352.0
2022-07-06,9988,阿里巴巴,HK,119.0,114.6,119.0,117.0,52058276.0
2022-07-07,9988,阿里巴巴,HK,115.3,113.5,117.5,116.7,40428095.0
2022-07-08,9988,阿里巴巴,HK,122.0,119.8,122.0,121.0,58168745.0
2022-07-11,9988,阿里巴巴,HK,117.3,112.0,117.9,114.0,59279763.0
2022-07-12,9988,阿里巴巴,HK,108.3,107.1,109.6,107.8,61833006.0
2022-07-13,9988,阿里巴巴,HK,107.5,107.0,109.5,107.4,37018374.0
2022-07-14,9988,阿里巴巴,HK,107.8,107.5,110.4,108.7,39688425.0
2022-07-15,9988,阿里巴巴,HK,102.5,102.1,106.1,102.2,60291037.0
2022-07-18,9988,阿里巴巴,HK,100.8,99.85,104.3,103.9,54210503.0
2022-07-19,9988,阿里巴巴,HK,101.8,100.1,102.2,100.9,40614536.0
2022-07-20,9988,阿里巴巴,HK,104.8,103.2,105.7,103.2,40062258.0
2022-07-21,9988,阿里巴巴,HK,102.8,101.2,104.0,102.0,38969577.0
2022-07-22,9988,阿里巴巴,HK,102.7,101.7,103.7,102.1,25271063.0
2022-07-25,9988,阿里巴巴,HK,100.0,99.1,100.7,99.6,41783554.0
2022-07-26,9988,阿里巴巴,HK,103.0,102.5,106.1,104.4,62335905.0
2022-07-27,9988,阿里巴巴,HK,101.0,99.9,101.2,101.0,59523684.0
2022-07-28,9988,阿里巴巴,HK,100.8,99.1,100.8,99.15,47788609.0
2022-07-29,9988,阿里巴巴,HK,98.7,91.7,98.7,93.1,101884460.0
2022-08-01,9988,阿里巴巴,HK,88.1,87.8,91.65,89.6,90581313.0
2022-08-02,9988,阿里巴巴,HK,89.0,86.1,89.0,87.05,67822076.0
2022-08-03,9988,阿里巴巴,HK,90.85,89.2,91.85,90.35,43309986.0
2022-08-04,9988,阿里巴巴,HK,95.55,93.35,96.2,95.0,52297501.0
2022-08-05,9988,阿里巴巴,HK,95.4,91.9,95.65,92.9,50440861.0
2022-08-08,9988,阿里巴巴,HK,90.0,88.5,90.25,88.8,47770883.0
2022-08-09,9988,阿里巴巴,HK,90.0,88.45,91.7,89.6,44942429.0
2022-08-10,9988,阿里巴巴,HK,89.35,86.8,89.65,87.95,37209371.0
2022-08-11,9988,阿里巴巴,HK,91.0,89.4,92.4,91.75,52998669.0
2022-08-12,9988,阿里巴巴,HK,92.9,91.25,93.4,92.9,26387695.0
2022-08-15,9988,阿里巴巴,HK,91.8,91.7,93.8,91.75,23076972.0
2022-08-16,9988,阿里巴巴,HK,92.0,88.55,92.4,89.95,33043745.0
2022-08-17,9988,阿里巴巴,HK,90.8,89.65,91.4,90.35,24355633.0
2022-08-18,9988,阿里巴巴,HK,89.0,87.5,89.05,88.25,41421479.0
2022-08-19,9988,阿里巴巴,HK,88.0,87.85,90.25,89.5,26850751.0
2022-08-22,9988,阿里巴巴,HK,87.8,87.7,89.75,88.5,34067261.0
2022-08-23,9988,阿里巴巴,HK,89.0,86.75,89.3,88.4,36228033.0
2022-08-24,9988,阿里巴巴,HK,86.85,85.5,87.5,86.25,35976874.0
2022-08-25,9988,阿里巴巴,HK,90.0,88.9,95.2,93.8,66382425.0
2022-08-26,9988,阿里巴巴,HK,97.65,94.7,97.65,95.8,54668306.0
2022-08-29,9988,阿里巴巴,HK,94.75,93.8,96.8,95.15,37070401.0
2022-08-30,9988,阿里巴巴,HK,95.4,92.7,95.45,95.2,35706777.0
2022-08-31,9988,阿里巴巴,HK,91.9,91.5,96.9,94.3,52002425.0
2022-09-01,9988,阿里巴巴,HK,93.85,91.85,95.55,92.2,41471390.0
2022-09-02,9988,阿里巴巴,HK,92.0,90.2,92.75,90.65,40477868.0
2022-09-05,9988,阿里巴巴,HK,89.5,87.55,89.5,88.5,35505940.0
2022-09-06,9988,阿里巴巴,HK,88.85,87.2,89.5,88.05,29242315.0
2022-09-07,9988,阿里巴巴,HK,86.1,85.95,87.85,87.4,28479263.0
2022-09-08,9988,阿里巴巴,HK,88.5,86.75,89.2,87.2,33528981.0
2022-09-09,9988,阿里巴巴,HK,87.2,86.55,90.35,89.8,31544613.0
2022-09-13,9988,阿里巴巴,HK,91.8,90.8,92.3,91.2,41280098.0
2022-09-14,9988,阿里巴巴,HK,87.8,86.9,88.3,87.1,35250138.0
2022-09-15,9988,阿里巴巴,HK,86.9,86.9,88.55,88.1,21920813.0
2022-09-16,9988,阿里巴巴,HK,86.7,86.05,87.65,86.8,39457544.0
2022-09-19,9988,阿里巴巴,HK,85.05,83.2,85.5,83.7,41066371.0
2022-09-20,9988,阿里巴巴,HK,85.3,85.1,87.35,86.2,36089021.0
2022-09-21,9988,阿里巴巴,HK,84.1,82.6,84.15,83.05,37225757.0
2022-09-22,9988,阿里巴巴,HK,80.0,79.7,81.0,80.85,49260960.0
2022-09-23,9988,阿里巴巴,HK,79.15,78.4,80.35,78.4,45213463.0
2022-09-26,9988,阿里巴巴,HK,77.4,76.7,80.3,78.7,47488911.0
2022-09-27,9988,阿里巴巴,HK,78.6,76.05,79.2,77.9,49807775.0
2022-09-28,9988,阿里巴巴,HK,76.55,74.45,77.25,74.7,53790769.0
2022-09-29,9988,阿里巴巴,HK,78.85,75.85,79.2,76.85,62711018.0
2022-09-30,9988,阿里巴巴,HK,77.3,75.9,78.75,77.95,46992673.0
2022-10-03,9988,阿里巴巴,HK,77.9,76.8,78.75,77.65,30742228.0
2022-10-05,9988,阿里巴巴,HK,82.0,81.4,84.6,84.2,65113124.0
2022-10-06,9988,阿里巴巴,HK,83.0,82.65,84.55,83.15,29151683.0
2022-10-07,9988,阿里巴巴,HK,81.7,81.2,82.8,81.35,27043107.0
2022-10-10,9988,阿里巴巴,HK,79.25,78.0,79.55,78.7,28520208.0
2022-10-11,9988,阿里巴巴,HK,78.15,75.6,78.6,76.0,39298810.0
2022-10-12,9988,阿里巴巴,HK,74.5,72.3,77.35,74.35,56354876.0
2022-10-13,9988,阿里巴巴,HK,74.35,72.6,74.95,72.75,25774888.0
2022-10-14,9988,阿里巴巴,HK,74.0,72.35,76.1,73.25,43037199.0
2022-10-17,9988,阿里巴巴,HK,72.15,70.9,74.65,73.2,45035937.0
2022-10-18,9988,阿里巴巴,HK,75.3,73.85,76.4,76.0,35967664.0
2022-10-19,9988,阿里巴巴,HK,75.1,72.5,75.6,72.7,39088213.0
2022-10-20,9988,阿里巴巴,HK,69.0,68.0,71.2,69.9,63153613.0
2022-10-21,9988,阿里巴巴,HK,70.1,69.35,71.1,69.6,55066786.0
2022-10-24,9988,阿里巴巴,HK,66.0,60.8,67.25,61.65,169668961.0
2022-10-25,9988,阿里巴巴,HK,61.85,60.25,65.95,63.6,102026681.0
2022-10-26,9988,阿里巴巴,HK,61.8,61.25,64.65,62.3,93276020.0
2022-10-27,9988,阿里巴巴,HK,67.55,64.65,67.95,64.85,91203977.0
2022-10-28,9988,阿里巴巴,HK,64.25,60.9,64.55,61.75,69414690.0
2022-10-31,9988,阿里巴巴,HK,61.0,60.3,64.55,61.45,65768272.0
2022-11-01,9988,阿里巴巴,HK,63.05,62.85,68.25,66.1,112728864.0
2022-11-02,9988,阿里巴巴,HK,65.3,64.15,68.0,67.4,44674540.0
2022-11-03,9988,阿里巴巴,HK,63.6,62.85,65.0,63.0,58022487.0
2022-11-04,9988,阿里巴巴,HK,64.0,64.0,76.2,69.9,151997251.0
2022-11-07,9988,阿里巴巴,HK,66.7,66.3,71.8,69.7,99793174.0
2022-11-08,9988,阿里巴巴,HK,68.75,66.4,69.0,67.1,64928791.0
2022-11-09,9988,阿里巴巴,HK,66.7,65.15,67.75,66.0,63076446.0
2022-11-10,9988,阿里巴巴,HK,63.9,62.6,64.5,63.0,58517362.0
2022-11-11,9988,阿里巴巴,HK,68.75,67.05,71.45,70.8,110961720.0
2022-11-14,9988,阿里巴巴,HK,73.0,70.0,73.7,71.05,93784730.0
2022-11-15,9988,阿里巴巴,HK,71.0,69.75,80.85,78.9,187288574.0
2022-11-16,9988,阿里巴巴,HK,77.75,77.0,80.8,78.8,100509510.0
2022-11-17,9988,阿里巴巴,HK,77.0,74.0,79.7,78.25,89532516.0
2022-11-18,9988,阿里巴巴,HK,83.25,79.25,83.5,79.95,110896755.0
2022-11-21,9988,阿里巴巴,HK,77.15,75.0,77.3,76.15,49675006.0
2022-11-22,9988,阿里巴巴,HK,75.2,72.2,75.7,73.1,60909746.0
2022-11-23,9988,阿里巴巴,HK,73.75,73.05,76.45,75.4,54202563.0
2022-11-24,9988,阿里巴巴,HK,76.7,74.9,77.2,76.4,31644335.0
2022-11-25,9988,阿里巴巴,HK,75.9,73.85,76.0,74.75,28359869.0
2022-11-28,9988,阿里巴巴,HK,70.6,69.8,73.35,72.2,65982901.0
2022-11-29,9988,阿里巴巴,HK,73.65,73.2,78.8,78.75,94542048.0
2022-11-30,9988,阿里巴巴,HK,77.7,76.45,80.9,79.9,109081005.0
2022-12-01,9988,阿里巴巴,HK,85.6,82.45,86.9,82.8,106301600.0
2022-12-02,9988,阿里巴巴,HK,83.6,82.95,85.75,84.8,74134786.0
2022-12-05,9988,阿里巴巴,HK,88.8,87.25,92.85,92.65,132953207.0
2022-12-06,9988,阿里巴巴,HK,88.15,88.15,91.75,89.85,66889543.0
2022-12-07,9988,阿里巴巴,HK,89.2,84.8,92.0,85.05,83595457.0
2022-12-08,9988,阿里巴巴,HK,86.8,86.3,91.1,89.4,70524387.0
2022-12-09,9988,阿里巴巴,HK,90.65,88.85,93.2,91.85,85186929.0
2022-12-12,9988,阿里巴巴,HK,89.8,87.6,90.9,88.35,48772508.0
2022-12-13,9988,阿里巴巴,HK,87.7,87.1,90.25,88.35,49026085.0
2022-12-14,9988,阿里巴巴,HK,89.7,88.55,90.5,89.5,42497183.0
2022-12-15,9988,阿里巴巴,HK,88.5,85.2,88.55,85.9,46551464.0
2022-12-16,9988,阿里巴巴,HK,84.15,84.15,88.75,86.45,77057783.0
2022-12-19,9988,阿里巴巴,HK,86.9,86.4,90.8,87.05,70038366.0
2022-12-20,9988,阿里巴巴,HK,85.0,82.5,85.55,84.05,57291122.0
2022-12-21,9988,阿里巴巴,HK,84.45,83.7,85.4,84.45,31475853.0
2022-12-22,9988,阿里巴巴,HK,86.5,86.45,89.15,87.9,53772623.0
2022-12-23,9988,阿里巴巴,HK,85.4,85.4,87.55,86.5,34114821.0
2022-12-28,9988,阿里巴巴,HK,87.3,87.3,89.35,87.7,55669943.0
2022-12-29,9988,阿里巴巴,HK,85.4,84.65,85.85,85.55,44950446.0
2022-12-30,9988,阿里巴巴,HK,87.3,85.7,88.3,86.25,35928445.0
2023-01-03,9988,阿里巴巴,HK,85.7,84.6,89.15,88.65,45393323.0
2023-01-04,9988,阿里巴巴,HK,90.75,89.5,96.5,96.4,118636981.0
2023-01-05,9988,阿里巴巴,HK,102.1,98.2,103.8,99.6,104685426.0
2023-01-06,9988,阿里巴巴,HK,101.5,99.7,102.7,101.6,73315739.0
2023-01-09,9988,阿里巴巴,HK,105.6,105.0,110.9,110.4,123720147.0
2023-01-10,9988,阿里巴巴,HK,109.0,107.0,110.0,109.5,76284815.0
2023-01-11,9988,阿里巴巴,HK,112.2,110.5,115.0,112.9,108863653.0
2023-01-12,9988,阿里巴巴,HK,113.1,107.8,113.1,110.8,91858342.0
2023-01-13,9988,阿里巴巴,HK,110.8,109.0,113.0,112.7,72120768.0
2023-01-16,9988,阿里巴巴,HK,114.2,110.9,115.4,113.4,65734884.0
2023-01-17,9988,阿里巴巴,HK,114.0,112.8,116.8,114.5,62173474.0
2023-01-18,9988,阿里巴巴,HK,112.9,110.7,114.9,114.1,55425698.0
2023-01-19,9988,阿里巴巴,HK,111.0,110.3,113.6,112.2,55515129.0
2023-01-20,9988,阿里巴巴,HK,114.8,114.3,117.0,116.3,64593525.0
2023-01-26,9988,阿里巴巴,HK,117.8,116.3,118.5,117.5,54550091.0
2023-01-27,9988,阿里巴巴,HK,117.7,115.8,118.2,117.3,49008508.0
2023-01-30,9988,阿里巴巴,HK,114.5,107.8,115.4,109.0,131046567.0
2023-01-31,9988,阿里巴巴,HK,109.6,105.5,110.5,107.6,94863420.0
2023-02-01,9988,阿里巴巴,HK,109.0,107.2,110.5,110.0,55654697.0
2023-02-02,9988,阿里巴巴,HK,111.4,108.7,112.3,109.0,39931077.0
2023-02-03,9988,阿里巴巴,HK,107.2,105.3,107.7,106.1,55271792.0
2023-02-06,9988,阿里巴巴,HK,102.2,101.5,103.8,103.2,53151968.0
2023-02-07,9988,阿里巴巴,HK,103.5,103.5,106.7,104.8,38073535.0
2023-02-08,9988,阿里巴巴,HK,104.4,102.1,104.8,103.5,39292294.0
2023-02-09,9988,阿里巴巴,HK,103.5,103.1,108.5,107.6,60791720.0
2023-02-10,9988,阿里巴巴,HK,107.3,103.4,107.6,104.1,44532345.0
2023-02-13,9988,阿里巴巴,HK,101.1,100.7,104.9,104.0,41478273.0
2023-02-14,9988,阿里巴巴,HK,103.6,102.3,103.9,102.5,39436631.0
2023-02-15,9988,阿里巴巴,HK,102.3,100.1,102.5,100.9,46755321.0
2023-02-16,9988,阿里巴巴,HK,102.0,101.5,105.4,102.1,43292397.0
2023-02-17,9988,阿里巴巴,HK,102.1,99.45,102.9,99.45,37616027.0
2023-02-20,9988,阿里巴巴,HK,98.8,98.0,100.5,99.4,38508675.0
2023-02-21,9988,阿里巴巴,HK,99.5,95.0,99.5,95.2,58373987.0
2023-02-22,9988,阿里巴巴,HK,92.1,92.1,94.8,92.95,59459217.0
2023-02-23,9988,阿里巴巴,HK,92.75,92.6,96.25,95.15,48408447.0
2023-02-24,9988,阿里巴巴,HK,93.25,90.0,93.25,90.05,81538617.0
2023-02-27,9988,阿里巴巴,HK,88.0,87.75,92.15,89.4,77371929.0
2023-02-28,9988,阿里巴巴,HK,88.25,86.05,89.25,86.5,82590338.0
2023-03-01,9988,阿里巴巴,HK,86.7,86.6,92.15,91.9,76906503.0
2023-03-02,9988,阿里巴巴,HK,88.6,87.45,89.0,87.6,79258745.0
2023-03-03,9988,阿里巴巴,HK,89.5,87.3,89.5,88.0,50893726.0
2023-03-06,9988,阿里巴巴,HK,87.35,86.55,88.25,87.25,53347406.0
2023-03-07,9988,阿里巴巴,HK,89.0,87.8,91.65,88.6,62222775.0
2023-03-08,9988,阿里巴巴,HK,87.0,85.1,87.1,85.75,51977469.0
2023-03-09,9988,阿里巴巴,HK,86.3,84.5,86.5,84.5,43587344.0
2023-03-10,9988,阿里巴巴,HK,81.5,81.0,82.2,81.15,77303637.0
2023-03-13,9988,阿里巴巴,HK,82.4,81.45,84.95,83.25,64694323.0
2023-03-14,9988,阿里巴巴,HK,81.5,79.5,82.05,80.0,73040873.0
2023-03-15,9988,阿里巴巴,HK,82.7,81.55,83.7,82.05,46739487.0
2023-03-16,9988,阿里巴巴,HK,80.2,79.8,81.45,80.5,45643767.0
2023-03-17,9988,阿里巴巴,HK,81.4,80.55,82.2,81.5,67317247.0
2023-03-20,9988,阿里巴巴,HK,80.95,78.1,81.15,79.2,52567854.0
2023-03-21,9988,阿里巴巴,HK,79.35,78.7,80.65,80.5,36073232.0
2023-03-22,9988,阿里巴巴,HK,82.2,82.1,84.4,82.85,44553051.0
2023-03-23,9988,阿里巴巴,HK,82.55,82.35,86.7,86.2,67377220.0
2023-03-24,9988,阿里巴巴,HK,85.45,84.5,86.6,85.3,48345392.0
2023-03-27,9988,阿里巴巴,HK,86.35,83.8,89.95,85.25,100519321.0
2023-03-28,9988,阿里巴巴,HK,85.1,83.3,85.65,84.25,53162509.0
2023-03-29,9988,阿里巴巴,HK,96.85,94.35,98.0,94.55,163130347.0
2023-03-30,9988,阿里巴巴,HK,97.1,94.65,97.2,96.9,88453938.0
2023-03-31,9988,阿里巴巴,HK,101.2,99.6,102.0,100.4,89687911.0
2023-04-03,9988,阿里巴巴,HK,99.0,97.6,99.95,98.55,53752683.0
2023-04-04,9988,阿里巴巴,HK,96.15,93.7,96.45,95.65,53862168.0
2023-04-06,9988,阿里巴巴,HK,96.2,95.9,98.0,97.75,40751702.0
2023-04-11,9988,阿里巴巴,HK,100.2,98.1,101.5,99.3,60954920.0
2023-04-12,9988,阿里巴巴,HK,97.65,95.7,98.15,96.05,38659231.0
2023-04-13,9988,阿里巴巴,HK,91.6,91.1,94.35,94.15,65547652.0
2023-04-14,9988,阿里巴巴,HK,94.5,93.75,95.15,94.5,26025094.0
2023-04-17,9988,阿里巴巴,HK,93.2,92.8,96.35,95.4,37951973.0
2023-04-18,9988,阿里巴巴,HK,94.1,94.1,95.6,94.8,26770456.0
2023-04-19,9988,阿里巴巴,HK,94.5,91.95,94.5,92.25,35119559.0
2023-04-20,9988,阿里巴巴,HK,92.2,91.45,92.95,91.75,29866001.0
2023-04-21,9988,阿里巴巴,HK,89.35,87.3,89.85,87.95,62592264.0
2023-04-24,9988,阿里巴巴,HK,87.45,86.0,88.5,86.9,35872549.0
2023-04-25,9988,阿里巴巴,HK,85.7,83.3,85.95,84.1,56529023.0
2023-04-26,9988,阿里巴巴,HK,81.6,81.25,84.7,83.3,72936666.0
2023-04-27,9988,阿里巴巴,HK,81.8,80.8,82.2,81.8,63401706.0
2023-04-28,9988,阿里巴巴,HK,82.85,81.65,83.9,82.05,46940162.0
2023-05-02,9988,阿里巴巴,HK,83.65,81.5,84.1,82.3,26572826.0
2023-05-03,9988,阿里巴巴,HK,80.1,79.7,80.6,80.35,39306160.0
2023-05-04,9988,阿里巴巴,HK,80.5,80.35,81.45,80.7,34428742.0
2023-05-05,9988,阿里巴巴,HK,82.0,81.1,82.45,81.65,33666492.0
2023-05-08,9988,阿里巴巴,HK,81.65,81.4,82.4,81.95,40005891.0
2023-05-09,9988,阿里巴巴,HK,81.95,78.9,81.95,79.45,53328129.0
2023-05-10,9988,阿里巴巴,HK,80.05,78.8,80.7,80.2,41918692.0
2023-05-11,9988,阿里巴巴,HK,81.8,80.8,82.75,82.65,45547433.0
2023-05-12,9988,阿里巴巴,HK,85.15,83.8,85.5,84.65,60973363.0
2023-05-15,9988,阿里巴巴,HK,84.0,83.0,86.5,85.45,41392670.0
2023-05-16,9988,阿里巴巴,HK,86.8,84.95,86.8,85.75,26388517.0
2023-05-17,9988,阿里巴巴,HK,87.35,85.0,87.5,85.45,43307971.0
2023-05-18,9988,阿里巴巴,HK,88.2,87.25,89.2,87.75,72221529.0
2023-05-19,9988,阿里巴巴,HK,83.45,82.0,84.35,82.45,92873084.0
2023-05-22,9988,阿里巴巴,HK,82.45,81.4,85.1,83.6,54249146.0
2023-05-23,9988,阿里巴巴,HK,83.6,82.35,84.65,83.0,32115656.0
2023-05-24,9988,阿里巴巴,HK,81.05,80.6,81.9,81.05,39045036.0
2023-05-25,9988,阿里巴巴,HK,80.0,77.6,80.3,78.65,75187196.0
2023-05-29,9988,阿里巴巴,HK,78.95,77.6,79.55,77.8,48515697.0
2023-05-30,9988,阿里巴巴,HK,78.9,77.55,79.35,78.8,40606239.0
2023-05-31,9988,阿里巴巴,HK,77.95,75.8,77.95,77.9,177424030.0
2023-06-01,9988,阿里巴巴,HK,77.05,76.9,79.7,77.3,76088679.0
2023-06-02,9988,阿里巴巴,HK,80.75,80.1,82.85,82.5,69157566.0
2023-06-05,9988,阿里巴巴,HK,82.8,81.75,83.35,82.75,34970258.0
2023-06-06,9988,阿里巴巴,HK,83.0,81.8,84.2,82.35,32679498.0
2023-06-07,9988,阿里巴巴,HK,84.6,83.3,84.9,84.05,33719527.0
2023-06-08,9988,阿里巴巴,HK,83.4,82.05,83.9,83.35,30975757.0
2023-06-09,9988,阿里巴巴,HK,83.8,83.0,84.35,83.9,32630311.0
2023-06-12,9988,阿里巴巴,HK,84.5,83.0,84.5,84.0,21072194.0
2023-06-13,9988,阿里巴巴,HK,83.55,83.5,86.5,85.7,44562105.0
2023-06-14,9988,阿里巴巴,HK,85.9,84.45,86.45,85.15,36808428.0
2023-06-15,9988,阿里巴巴,HK,87.3,86.65,89.15,89.0,58981505.0
2023-06-16,9988,阿里巴巴,HK,90.6,89.5,92.7,91.6,176510302.0
2023-06-19,9988,阿里巴巴,HK,90.4,87.9,91.1,89.7,54103067.0
2023-06-20,9988,阿里巴巴,HK,89.5,87.95,89.75,88.35,37315367.0
2023-06-21,9988,阿里巴巴,HK,85.3,84.5,86.15,84.7,43362403.0
2023-06-23,9988,阿里巴巴,HK,85.0,83.1,85.1,84.05,29149129.0
2023-06-26,9988,阿里巴巴,HK,83.1,83.1,84.75,83.25,31955957.0
2023-06-27,9988,阿里巴巴,HK,84.25,83.65,85.75,85.45,33586916.0
2023-06-28,9988,阿里巴巴,HK,84.65,83.55,84.95,84.35,36259869.0
2023-06-29,9988,阿里巴巴,HK,83.35,81.6,83.95,82.2,36238490.0
2023-06-30,9988,阿里巴巴,HK,81.4,80.8,81.95,81.2,51987596.0
2023-07-03,9988,阿里巴巴,HK,82.0,82.0,84.0,83.55,27847744.0
2023-07-04,9988,阿里巴巴,HK,83.15,82.6,84.0,84.0,19606487.0
2023-07-05,9988,阿里巴巴,HK,84.45,82.2,84.45,82.65,23226533.0
2023-07-06,9988,阿里巴巴,HK,81.75,80.5,83.7,81.5,33922544.0
2023-07-07,9988,阿里巴巴,HK,82.3,81.5,86.7,84.3,69003665.0
2023-07-10,9988,阿里巴巴,HK,88.95,86.0,89.0,87.0,67683238.0
2023-07-11,9988,阿里巴巴,HK,88.5,87.7,89.25,88.75,51083010.0
2023-07-12,9988,阿里巴巴,HK,89.9,89.05,90.95,89.85,47490900.0
2023-07-13,9988,阿里巴巴,HK,92.0,91.55,92.75,92.75,61069223.0
2023-07-14,9988,阿里巴巴,HK,95.0,92.0,95.0,92.95,48280964.0
2023-07-17,9988,阿里巴巴,HK,92.95,92.95,92.95,92.95,0.0
2023-07-18,9988,阿里巴巴,HK,91.45,89.55,91.5,89.7,44406679.0
2023-07-19,9988,阿里巴巴,HK,88.5,87.5,91.15,90.35,46154569.0
2023-07-20,9988,阿里巴巴,HK,90.4,89.2,92.15,89.5,27696550.0
2023-07-21,9988,阿里巴巴,HK,89.5,89.5,91.4,91.3,32113785.0
2023-07-24,9988,阿里巴巴,HK,90.0,88.75,90.75,89.55,29727637.0
2023-07-25,9988,阿里巴巴,HK,94.05,92.95,95.15,95.15,69490852.0
2023-07-26,9988,阿里巴巴,HK,93.0,92.65,94.2,93.85,38602996.0
2023-07-27,9988,阿里巴巴,HK,94.85,94.35,95.7,95.45,42983693.0
2023-07-28,9988,阿里巴巴,HK,93.4,93.3,96.5,95.9,46062057.0
2023-07-31,9988,阿里巴巴,HK,99.0,96.8,99.75,97.5,74290881.0
2023-08-01,9988,阿里巴巴,HK,99.7,96.9,100.0,97.85,53949339.0
2023-08-02,9988,阿里巴巴,HK,97.65,94.6,98.6,95.15,37885551.0
2023-08-03,9988,阿里巴巴,HK,93.7,93.05,94.75,93.15,50021614.0
2023-08-04,9988,阿里巴巴,HK,95.25,94.4,96.6,95.15,32949492.0
2023-08-07,9988,阿里巴巴,HK,94.35,93.6,96.05,95.6,22359341.0
2023-08-08,9988,阿里巴巴,HK,94.1,92.7,94.3,93.05,35528837.0
2023-08-09,9988,阿里巴巴,HK,92.35,92.05,94.4,94.1,30298227.0
2023-08-10,9988,阿里巴巴,HK,93.8,92.35,94.7,94.3,34598900.0
2023-08-11,9988,阿里巴巴,HK,97.15,95.3,97.95,95.3,61924422.0
2023-08-14,9988,阿里巴巴,HK,92.3,91.45,93.35,92.8,41572767.0
2023-08-15,9988,阿里巴巴,HK,91.1,90.85,92.7,91.2,27712822.0
2023-08-16,9988,阿里巴巴,HK,90.0,88.9,90.65,89.25,42124798.0
2023-08-17,9988,阿里巴巴,HK,86.6,86.2,90.6,90.1,55171505.0
2023-08-18,9988,阿里巴巴,HK,89.25,86.8,89.85,87.0,42258149.0
2023-08-21,9988,阿里巴巴,HK,85.7,85.15,87.55,85.7,39147534.0
2023-08-22,9988,阿里巴巴,HK,86.35,85.4,88.7,87.35,37262451.0
2023-08-23,9988,阿里巴巴,HK,86.6,86.1,88.2,87.3,32126401.0
2023-08-24,9988,阿里巴巴,HK,88.1,87.7,90.3,89.55,39372255.0
2023-08-25,9988,阿里巴巴,HK,87.8,87.3,88.5,87.5,23103924.0
2023-08-28,9988,阿里巴巴,HK,91.85,88.7,91.9,88.9,30525112.0
2023-08-29,9988,阿里巴巴,HK,90.05,89.65,91.5,90.9,33359481.0
2023-08-30,9988,阿里巴巴,HK,92.0,89.85,92.0,90.35,39173999.0
2023-08-31,9988,阿里巴巴,HK,91.25,89.6,91.7,90.2,68704748.0
2023-09-01,9988,阿里巴巴,HK,90.2,90.2,90.2,90.2,0.0
2023-09-04,9988,阿里巴巴,HK,92.95,92.0,94.0,93.15,85600311.0
2023-09-05,9988,阿里巴巴,HK,93.0,91.75,93.95,92.35,54564801.0
2023-09-06,9988,阿里巴巴,HK,92.1,91.15,92.95,92.25,26538431.0
2023-09-07,9988,阿里巴巴,HK,93.05,90.5,93.05,90.8,26196625.0
2023-09-08,9988,阿里巴巴,HK,90.8,90.8,90.8,90.8,0.0
2023-09-11,9988,阿里巴巴,HK,87.95,86.85,88.8,88.05,64101748.0
2023-09-12,9988,阿里巴巴,HK,86.7,85.9,87.15,86.3,33461787.0
2023-09-13,9988,阿里巴巴,HK,86.85,85.3,87.1,85.55,31205429.0
2023-09-14,9988,阿里巴巴,HK,85.8,85.1,86.55,85.9,32653822.0
2023-09-15,9988,阿里巴巴,HK,86.0,85.2,87.45,86.25,53342662.0
2023-09-18,9988,阿里巴巴,HK,85.1,84.2,85.75,84.2,31917296.0
2023-09-19,9988,阿里巴巴,HK,84.8,84.05,85.15,84.8,21904464.0
2023-09-20,9988,阿里巴巴,HK,84.85,84.45,85.5,84.5,21150734.0
2023-09-21,9988,阿里巴巴,HK,84.25,82.35,84.3,82.65,33742916.0
2023-09-22,9988,阿里巴巴,HK,82.65,82.15,86.3,85.9,40153148.0
2023-09-25,9988,阿里巴巴,HK,86.2,84.25,86.5,84.35,20742680.0
2023-09-26,9988,阿里巴巴,HK,84.45,83.4,84.95,83.95,27428051.0
2023-09-27,9988,阿里巴巴,HK,83.9,83.9,85.65,84.5,27246265.0
2023-09-28,9988,阿里巴巴,HK,84.85,82.85,84.85,83.0,27187837.0
2023-09-29,9988,阿里巴巴,HK,84.0,83.6,86.65,85.6,34608437.0
2023-10-03,9988,阿里巴巴,HK,84.15,82.35,84.25,83.1,36631880.0
2023-10-04,9988,阿里巴巴,HK,82.1,81.2,82.9,81.75,25898508.0
2023-10-05,9988,阿里巴巴,HK,82.15,81.35,82.8,81.35,21793205.0
2023-10-06,9988,阿里巴巴,HK,82.0,82.0,83.35,82.9,15175175.0
2023-10-09,9988,阿里巴巴,HK,83.2,81.55,83.45,82.1,24082283.0
2023-10-10,9988,阿里巴巴,HK,83.9,83.25,85.3,83.4,29317215.0
2023-10-11,9988,阿里巴巴,HK,85.35,84.3,85.55,84.6,31718059.0
2023-10-12,9988,阿里巴巴,HK,86.9,85.65,86.9,85.85,26037608.0
2023-10-13,9988,阿里巴巴,HK,83.25,82.5,83.9,82.6,28548643.0
2023-10-16,9988,阿里巴巴,HK,82.2,81.1,82.8,81.3,22249354.0
2023-10-17,9988,阿里巴巴,HK,81.85,81.35,82.2,82.0,17701849.0
2023-10-18,9988,阿里巴巴,HK,81.9,81.0,82.7,81.45,21876252.0
2023-10-19,9988,阿里巴巴,HK,80.9,79.05,81.15,79.15,41786984.0
2023-10-20,9988,阿里巴巴,HK,78.2,78.1,79.15,78.5,35074847.0
2023-10-24,9988,阿里巴巴,HK,78.0,77.05,78.55,77.2,38345055.0
2023-10-25,9988,阿里巴巴,HK,80.8,79.0,81.4,79.3,45615979.0
2023-10-26,9988,阿里巴巴,HK,79.2,79.0,80.3,79.75,23719270.0
2023-10-27,9988,阿里巴巴,HK,80.45,80.25,82.8,82.4,42806617.0
2023-10-30,9988,阿里巴巴,HK,80.75,80.7,82.0,81.85,31881265.0
2023-10-31,9988,阿里巴巴,HK,81.3,79.9,81.3,80.05,27394938.0
2023-11-01,9988,阿里巴巴,HK,80.1,79.1,80.7,79.6,20894177.0
2023-11-02,9988,阿里巴巴,HK,81.2,80.3,82.2,80.5,17414151.0
2023-11-03,9988,阿里巴巴,HK,81.9,81.05,83.1,82.85,26892338.0
2023-11-06,9988,阿里巴巴,HK,84.3,83.55,84.95,84.85,30546035.0
2023-11-07,9988,阿里巴巴,HK,84.4,82.75,84.75,83.15,24603820.0
2023-11-08,9988,阿里巴巴,HK,83.0,82.3,84.15,82.5,22210760.0
2023-11-09,9988,阿里巴巴,HK,82.5,81.4,82.8,82.15,18303691.0
2023-11-10,9988,阿里巴巴,HK,80.9,79.55,81.0,79.6,34168743.0
2023-11-13,9988,阿里巴巴,HK,80.0,79.1,81.1,80.65,31021604.0
2023-11-14,9988,阿里巴巴,HK,80.25,79.1,80.45,79.2,28959042.0
2023-11-15,9988,阿里巴巴,HK,82.15,81.25,83.25,83.2,50397502.0
2023-11-16,9988,阿里巴巴,HK,84.2,81.0,84.2,81.35,58203453.0
2023-11-17,9988,阿里巴巴,HK,75.0,72.9,76.65,73.25,190538032.0
2023-11-20,9988,阿里巴巴,HK,74.8,73.6,75.25,74.45,109101660.0
2023-11-21,9988,阿里巴巴,HK,76.0,75.75,77.5,76.0,86788578.0
2023-11-22,9988,阿里巴巴,HK,76.55,76.1,77.2,76.85,47284218.0
2023-11-23,9988,阿里巴巴,HK,76.45,76.0,77.5,77.25,39544273.0
2023-11-24,9988,阿里巴巴,HK,77.1,75.9,77.35,76.2,29509755.0
2023-11-27,9988,阿里巴巴,HK,75.95,74.7,76.25,76.1,36613788.0
2023-11-28,9988,阿里巴巴,HK,75.0,74.0,75.45,74.35,56690172.0
2023-11-29,9988,阿里巴巴,HK,73.95,71.9,74.15,72.7,91555012.0
2023-11-30,9988,阿里巴巴,HK,72.5,71.65,73.0,72.75,85244702.0
2023-12-01,9988,阿里巴巴,HK,72.6,71.65,73.05,71.85,93686293.0
2023-12-04,9988,阿里巴巴,HK,72.35,70.55,72.55,70.8,78421903.0
2023-12-05,9988,阿里巴巴,HK,70.8,69.9,71.05,70.5,56325918.0
2023-12-06,9988,阿里巴巴,HK,70.0,69.4,70.85,70.15,74529931.0
2023-12-07,9988,阿里巴巴,HK,69.4,68.65,69.95,69.7,39815379.0
2023-12-08,9988,阿里巴巴,HK,69.7,69.3,71.0,70.5,52123073.0
2023-12-11,9988,阿里巴巴,HK,69.25,67.8,69.5,68.8,70139100.0
2023-12-12,9988,阿里巴巴,HK,69.05,68.85,70.2,70.1,37921483.0
2023-12-13,9988,阿里巴巴,HK,69.0,68.85,69.8,69.4,27833190.0
2023-12-14,9988,阿里巴巴,HK,69.55,68.6,70.6,69.1,44998398.0
2023-12-15,9988,阿里巴巴,HK,70.4,70.4,72.95,71.65,62228683.0
2023-12-18,9988,阿里巴巴,HK,71.9,71.7,72.8,72.1,37723193.0
2023-12-19,9988,阿里巴巴,HK,71.85,71.15,72.15,71.65,31969362.0
2023-12-20,9988,阿里巴巴,HK,72.65,72.25,73.7,72.55,44579808.0
2023-12-21,9988,阿里巴巴,HK,72.25,72.0,73.55,73.35,34236257.0
2023-12-22,9988,阿里巴巴,HK,74.2,71.65,74.8,71.85,59400452.0
2023-12-27,9988,阿里巴巴,HK,73.5,72.85,74.3,73.8,36876901.0
2023-12-28,9988,阿里巴巴,HK,73.8,73.65,76.15,75.85,49312462.0
2023-12-29,9988,阿里巴巴,HK,76.0,75.05,76.05,75.6,26301974.0
2024-01-02,9988,阿里巴巴,HK,76.1,74.15,76.2,74.7,28567849.0
2024-01-03,9988,阿里巴巴,HK,73.4,72.6,73.4,73.3,37529342.0
2024-01-04,9988,阿里巴巴,HK,74.0,73.3,74.2,74.05,37563294.0
2024-01-05,9988,阿里巴巴,HK,73.05,71.4,73.05,71.65,52087626.0
2024-01-08,9988,阿里巴巴,HK,71.3,69.65,71.35,70.35,34239253.0
2024-01-09,9988,阿里巴巴,HK,70.25,69.55,71.1,69.75,50769600.0
2024-01-10,9988,阿里巴巴,HK,69.9,68.9,70.35,69.3,52717505.0
2024-01-11,9988,阿里巴巴,HK,69.4,69.05,71.9,70.85,44861174.0
2024-01-12,9988,阿里巴巴,HK,70.4,70.1,71.75,70.55,28180147.0
2024-01-15,9988,阿里巴巴,HK,70.1,69.4,70.8,70.0,19966338.0
2024-01-16,9988,阿里巴巴,HK,68.85,68.05,70.0,68.4,42678068.0
2024-01-17,9988,阿里巴巴,HK,68.0,65.1,68.0,65.65,68277439.0
2024-01-18,9988,阿里巴巴,HK,67.1,66.15,67.4,66.65,57626977.0
2024-01-19,9988,阿里巴巴,HK,66.1,65.15,66.85,65.55,54296782.0
2024-01-22,9988,阿里巴巴,HK,67.1,64.6,67.2,65.45,74043690.0
2024-01-23,9988,阿里巴巴,HK,66.6,66.3,69.35,67.65,74570912.0
2024-01-24,9988,阿里巴巴,HK,71.7,70.15,73.0,72.6,103474200.0
2024-01-25,9988,阿里巴巴,HK,73.0,71.9,73.7,73.35,64649639.0
2024-01-26,9988,阿里巴巴,HK,72.4,70.25,72.6,70.9,60517346.0
2024-01-29,9988,阿里巴巴,HK,72.2,72.1,73.5,72.6,52527482.0
2024-01-30,9988,阿里巴巴,HK,71.65,70.75,72.0,71.15,39880218.0
2024-01-31,9988,阿里巴巴,HK,70.95,69.15,71.0,69.55,51391419.0
2024-02-01,9988,阿里巴巴,HK,70.2,69.75,72.65,71.05,50417313.0
2024-02-02,9988,阿里巴巴,HK,72.0,70.05,72.75,70.7,34666865.0
2024-02-05,9988,阿里巴巴,HK,69.05,69.05,71.5,70.65,38569568.0
2024-02-06,9988,阿里巴巴,HK,72.8,72.65,76.7,76.0,109957108.0
2024-02-07,9988,阿里巴巴,HK,76.85,74.55,77.05,74.9,62186756.0
2024-02-08,9988,阿里巴巴,HK,71.35,69.4,71.9,70.3,113581630.0
2024-02-09,9988,阿里巴巴,HK,68.5,68.05,69.5,69.3,42137510.0
2024-02-14,9988,阿里巴巴,HK,68.7,68.3,70.95,70.8,42049345.0
2024-02-15,9988,阿里巴巴,HK,70.7,70.6,71.9,71.3,32587285.0
2024-02-16,9988,阿里巴巴,HK,71.8,71.35,73.4,73.0,52343661.0
2024-02-19,9988,阿里巴巴,HK,72.5,71.5,72.7,71.5,29322068.0
2024-02-20,9988,阿里巴巴,HK,72.2,70.8,72.6,72.15,32254405.0
2024-02-21,9988,阿里巴巴,HK,71.4,71.15,74.2,72.9,51979465.0
2024-02-22,9988,阿里巴巴,HK,73.7,73.45,74.85,74.85,42773596.0
2024-02-23,9988,阿里巴巴,HK,74.1,73.75,75.2,74.55,27579751.0
2024-02-26,9988,阿里巴巴,HK,74.3,73.7,74.7,74.15,22212373.0
2024-02-27,9988,阿里巴巴,HK,74.45,73.15,75.85,75.5,40440438.0
2024-02-28,9988,阿里巴巴,HK,75.6,74.1,76.2,74.25,42583119.0
2024-02-29,9988,阿里巴巴,HK,72.75,72.4,74.1,72.9,49333481.0
2024-03-01,9988,阿里巴巴,HK,72.0,71.5,73.4,73.05,60262868.0
2024-03-04,9988,阿里巴巴,HK,73.3,71.5,73.45,72.1,55605212.0
2024-03-05,9988,阿里巴巴,HK,70.2,69.05,70.9,69.7,59448363.0
2024-03-06,9988,阿里巴巴,HK,70.55,70.3,72.7,71.85,56159854.0
2024-03-07,9988,阿里巴巴,HK,72.05,70.1,72.65,70.7,42526429.0
2024-03-08,9988,阿里巴巴,HK,70.8,70.75,72.35,71.25,33041436.0
2024-03-11,9988,阿里巴巴,HK,72.15,72.1,73.2,72.8,37032890.0
2024-03-12,9988,阿里巴巴,HK,73.55,72.95,75.0,74.85,73206579.0
2024-03-13,9988,阿里巴巴,HK,74.5,73.75,75.05,74.0,47435359.0
2024-03-14,9988,阿里巴巴,HK,74.3,72.8,75.2,73.45,48282142.0
2024-03-15,9988,阿里巴巴,HK,71.4,70.8,72.0,71.9,66420792.0
2024-03-18,9988,阿里巴巴,HK,71.15,71.15,72.5,72.0,29947868.0
2024-03-19,9988,阿里巴巴,HK,71.25,70.6,71.7,71.1,38328086.0
2024-03-20,9988,阿里巴巴,HK,71.3,70.35,71.75,71.25,30531961.0
2024-03-21,9988,阿里巴巴,HK,72.5,72.25,73.25,72.55,38991190.0
2024-03-22,9988,阿里巴巴,HK,72.2,70.1,72.4,71.0,46657792.0
2024-03-25,9988,阿里巴巴,HK,70.15,69.8,70.95,70.3,42502492.0
2024-03-26,9988,阿里巴巴,HK,69.5,69.3,70.85,70.3,46925401.0
2024-03-27,9988,阿里巴巴,HK,69.7,68.5,69.95,68.8,66012638.0
2024-03-28,9988,阿里巴巴,HK,69.35,69.35,71.7,70.25,63275589.0
2024-04-02,9988,阿里巴巴,HK,71.65,69.7,72.0,71.0,63731872.0
2024-04-03,9988,阿里巴巴,HK,71.85,70.15,71.85,70.35,42103303.0
2024-04-05,9988,阿里巴巴,HK,70.4,68.9,70.95,70.05,41301670.0
2024-04-08,9988,阿里巴巴,HK,69.9,69.25,71.0,70.4,29316176.0
2024-04-09,9988,阿里巴巴,HK,70.1,69.85,71.45,70.5,34509483.0
2024-04-10,9988,阿里巴巴,HK,71.3,71.3,74.6,73.95,87693112.0
2024-04-11,9988,阿里巴巴,HK,72.75,72.5,74.45,74.2,41223561.0
2024-04-12,9988,阿里巴巴,HK,73.15,71.45,73.5,71.65,44688721.0
2024-04-15,9988,阿里巴巴,HK,70.0,69.8,70.65,70.4,42987921.0
2024-04-16,9988,阿里巴巴,HK,68.8,68.2,69.25,68.45,53443746.0
2024-04-17,9988,阿里巴巴,HK,68.1,67.3,68.55,68.0,40972640.0
2024-04-18,9988,阿里巴巴,HK,67.7,67.2,68.55,67.9,31609984.0
2024-04-19,9988,阿里巴巴,HK,66.85,65.8,67.05,66.7,51647818.0
2024-04-22,9988,阿里巴巴,HK,67.6,67.6,69.45,68.45,42767591.0
2024-04-23,9988,阿里巴巴,HK,69.3,68.8,70.35,69.8,47335665.0
2024-04-24,9988,阿里巴巴,HK,71.25,70.75,73.0,72.5,64630900.0
2024-04-25,9988,阿里巴巴,HK,72.5,72.05,74.1,73.0,43558815.0
2024-04-26,9988,阿里巴巴,HK,73.2,73.2,75.7,75.3,76974505.0
2024-04-29,9988,阿里巴巴,HK,74.3,74.1,76.0,74.35,55367962.0
2024-04-30,9988,阿里巴巴,HK,75.15,73.8,75.4,74.35,47495457.0
2024-05-02,9988,阿里巴巴,HK,73.5,73.35,76.75,76.1,68356381.0
2024-05-03,9988,阿里巴巴,HK,78.7,78.5,80.45,79.2,79294381.0
2024-05-06,9988,阿里巴巴,HK,79.5,78.5,79.6,79.5,56218498.0
2024-05-07,9988,阿里巴巴,HK,79.05,77.4,79.35,78.05,45448994.0
2024-05-08,9988,阿里巴巴,HK,78.25,75.55,78.45,76.15,54000423.0
2024-05-09,9988,阿里巴巴,HK,75.75,75.3,76.95,76.8,52298823.0
2024-05-10,9988,阿里巴巴,HK,77.5,77.1,78.75,77.95,47295135.0
2024-05-13,9988,阿里巴巴,HK,77.65,77.3,81.6,81.15,78841984.0
2024-05-14,9988,阿里巴巴,HK,82.0,82.0,83.45,82.65,78159136.0
2024-05-16,9988,阿里巴巴,HK,79.3,78.8,81.0,79.7,111040078.0
2024-05-17,9988,阿里巴巴,HK,85.0,84.45,85.9,85.7,111456576.0
2024-05-20,9988,阿里巴巴,HK,85.9,84.85,86.3,85.35,53129878.0
2024-05-21,9988,阿里巴巴,HK,85.5,83.95,85.9,84.4,43053288.0
2024-05-22,9988,阿里巴巴,HK,84.15,83.0,84.3,83.0,34490738.0
2024-05-23,9988,阿里巴巴,HK,81.0,77.55,81.05,78.65,100353257.0
2024-05-24,9988,阿里巴巴,HK,78.45,77.65,79.9,78.15,48522482.0
2024-05-27,9988,阿里巴巴,HK,78.9,77.9,79.65,79.25,39037400.0
2024-05-28,9988,阿里巴巴,HK,79.2,78.85,80.2,79.55,32245775.0
2024-05-29,9988,阿里巴巴,HK,78.5,76.1,78.8,76.8,67568273.0
2024-05-30,9988,阿里巴巴,HK,76.4,75.9,77.6,76.3,46353905.0
2024-05-31,9988,阿里巴巴,HK,77.45,74.9,77.9,74.9,148283968.0
2024-06-03,9988,阿里巴巴,HK,76.5,76.45,77.5,76.65,73997961.0
2024-06-04,9988,阿里巴巴,HK,76.0,75.9,76.85,76.4,30437293.0
2024-06-05,9988,阿里巴巴,HK,77.15,76.6,78.4,76.95,41354457.0
2024-06-06,9988,阿里巴巴,HK,78.1,76.65,78.45,77.1,39115156.0
2024-06-07,9988,阿里巴巴,HK,78.1,76.9,78.1,77.1,46037914.0
2024-06-11,9988,阿里巴巴,HK,76.6,75.75,77.05,76.45,45378373.0
2024-06-12,9988,阿里巴巴,HK,74.5,74.05,75.2,74.15,34449076.0
2024-06-13,9988,阿里巴巴,HK,75.3,73.7,75.35,74.5,51382442.0
2024-06-14,9988,阿里巴巴,HK,73.75,72.25,73.9,72.8,61962416.0
2024-06-17,9988,阿里巴巴,HK,71.85,71.15,73.0,72.5,35419261.0
2024-06-18,9988,阿里巴巴,HK,72.5,71.85,73.4,72.1,34574126.0
2024-06-19,9988,阿里巴巴,HK,72.9,72.25,74.45,74.2,31831878.0
2024-06-20,9988,阿里巴巴,HK,73.95,73.3,74.45,73.4,24354943.0
2024-06-21,9988,阿里巴巴,HK,72.45,71.5,72.65,72.0,57906313.0
2024-06-24,9988,阿里巴巴,HK,71.05,71.0,72.1,72.05,32160122.0
2024-06-25,9988,阿里巴巴,HK,72.25,72.1,73.2,72.65,27467171.0
2024-06-26,9988,阿里巴巴,HK,71.7,71.7,73.45,72.85,29066186.0
2024-06-27,9988,阿里巴巴,HK,72.0,71.25,72.6,71.55,37688869.0
2024-06-28,9988,阿里巴巴,HK,70.6,70.5,71.6,70.5,39388456.0
2024-07-02,9988,阿里巴巴,HK,69.8,69.8,72.0,70.45,43280648.0
2024-07-03,9988,阿里巴巴,HK,71.65,71.1,72.75,72.2,38913160.0
2024-07-04,9988,阿里巴巴,HK,73.4,73.0,73.95,73.15,30491758.0
2024-07-05,9988,阿里巴巴,HK,73.1,72.75,73.8,72.9,30464780.0
2024-07-08,9988,阿里巴巴,HK,72.05,71.45,72.65,71.8,41071018.0
2024-07-09,9988,阿里巴巴,HK,71.25,71.25,73.0,72.5,33931545.0
2024-07-10,9988,阿里巴巴,HK,73.7,73.1,74.6,73.1,35940892.0
2024-07-11,9988,阿里巴巴,HK,74.0,73.8,76.0,75.45,48693395.0
2024-07-12,9988,阿里巴巴,HK,76.4,76.4,78.7,78.4,65804366.0
2024-07-15,9988,阿里巴巴,HK,77.2,76.35,77.95,76.65,40320270.0
2024-07-16,9988,阿里巴巴,HK,75.7,75.1,75.95,75.5,33288019.0
2024-07-17,9988,阿里巴巴,HK,75.95,75.8,76.95,76.3,43176485.0
2024-07-18,9988,阿里巴巴,HK,75.55,75.1,76.1,75.8,35852222.0
2024-07-19,9988,阿里巴巴,HK,74.55,73.45,74.95,73.8,42933703.0
2024-07-22,9988,阿里巴巴,HK,73.8,73.7,75.2,74.75,33903557.0
2024-07-23,9988,阿里巴巴,HK,75.15,74.0,75.2,74.1,29397901.0
2024-07-24,9988,阿里巴巴,HK,74.05,74.05,74.85,74.2,24392950.0
2024-07-25,9988,阿里巴巴,HK,74.5,73.2,74.55,73.3,28685062.0
2024-07-26,9988,阿里巴巴,HK,73.6,72.8,73.9,73.1,24685769.0
2024-07-29,9988,阿里巴巴,HK,74.8,74.75,77.3,76.55,74410239.0
2024-07-30,9988,阿里巴巴,HK,76.65,75.6,76.95,76.2,42711031.0
2024-07-31,9988,阿里巴巴,HK,76.3,76.1,78.3,77.3,63322191.0
2024-08-01,9988,阿里巴巴,HK,77.2,76.8,78.0,77.5,38913402.0
2024-08-02,9988,阿里巴巴,HK,76.0,74.85,76.75,75.35,36160705.0
2024-08-05,9988,阿里巴巴,HK,74.15,72.8,75.8,74.2,49548357.0
2024-08-06,9988,阿里巴巴,HK,75.35,75.2,76.2,75.25,47939836.0
2024-08-07,9988,阿里巴巴,HK,76.0,75.75,77.5,76.5,39385356.0
2024-08-08,9988,阿里巴巴,HK,75.75,75.35,78.25,76.55,49320546.0
2024-08-09,9988,阿里巴巴,HK,78.1,77.85,78.95,77.85,37944538.0
2024-08-12,9988,阿里巴巴,HK,77.85,77.2,78.85,78.45,36296039.0
2024-08-13,9988,阿里巴巴,HK,78.6,78.0,79.15,78.65,31992760.0
2024-08-14,9988,阿里巴巴,HK,78.85,78.05,79.35,78.3,35577408.0
2024-08-15,9988,阿里巴巴,HK,77.65,75.5,77.95,76.4,69314475.0
2024-08-16,9988,阿里巴巴,HK,77.75,77.55,80.65,80.1,86304798.0
2024-08-19,9988,阿里巴巴,HK,81.3,81.2,82.65,81.45,58682838.0
2024-08-20,9988,阿里巴巴,HK,81.7,79.95,81.75,80.4,42535840.0
2024-08-21,9988,阿里巴巴,HK,78.4,78.3,79.95,79.95,51464907.0
2024-08-22,9988,阿里巴巴,HK,81.1,79.95,81.95,81.65,40296293.0
2024-08-23,9988,阿里巴巴,HK,81.65,81.1,82.85,82.65,43575656.0
2024-08-26,9988,阿里巴巴,HK,83.4,81.95,83.95,83.3,47740986.0
2024-08-27,9988,阿里巴巴,HK,80.05,79.0,80.35,79.95,85310659.0
2024-08-28,9988,阿里巴巴,HK,79.9,78.6,80.1,79.1,38782872.0
2024-08-29,9988,阿里巴巴,HK,77.55,77.3,79.1,79.05,42829550.0
2024-08-30,9988,阿里巴巴,HK,78.7,78.4,82.05,81.45,109667309.0
2024-09-02,9988,阿里巴巴,HK,81.35,79.4,81.45,79.5,53674093.0
2024-09-03,9988,阿里巴巴,HK,79.65,79.0,80.55,80.1,27709377.0
2024-09-04,9988,阿里巴巴,HK,79.4,79.0,80.4,80.1,28553946.0
2024-09-05,9988,阿里巴巴,HK,80.3,79.2,80.85,79.8,29214099.0
2024-09-09,9988,阿里巴巴,HK,78.8,77.65,79.4,78.3,79250807.0
2024-09-10,9988,阿里巴巴,HK,80.0,80.0,82.45,81.6,206633087.0
2024-09-11,9988,阿里巴巴,HK,81.55,80.15,82.4,81.45,83945417.0
2024-09-12,9988,阿里巴巴,HK,82.55,82.35,83.9,83.2,83669607.0
2024-09-13,9988,阿里巴巴,HK,83.5,82.25,84.65,82.75,59196273.0
2024-09-16,9988,阿里巴巴,HK,81.85,81.4,82.3,82.0,26558684.0
2024-09-17,9988,阿里巴巴,HK,81.4,81.35,83.1,82.85,30485324.0
2024-09-19,9988,阿里巴巴,HK,82.85,82.5,86.5,85.7,109112014.0
2024-09-20,9988,阿里巴巴,HK,86.0,85.4,89.0,87.2,122726621.0
2024-09-23,9988,阿里巴巴,HK,86.9,86.55,88.7,86.75,69609537.0
2024-09-24,9988,阿里巴巴,HK,89.15,88.05,92.2,92.0,141958511.0
2024-09-25,9988,阿里巴巴,HK,95.0,90.6,95.0,91.3,159777709.0
2024-09-26,9988,阿里巴巴,HK,92.5,91.8,99.25,97.75,203287208.0
2024-09-27,9988,阿里巴巴,HK,102.0,100.4,104.9,102.5,198337444.0
2024-09-30,9988,阿里巴巴,HK,107.6,106.3,112.8,110.0,250502801.0
2024-10-02,9988,阿里巴巴,HK,110.4,110.4,118.7,115.1,179685038.0
2024-10-03,9988,阿里巴巴,HK,113.0,106.5,113.0,110.0,138390517.0
2024-10-04,9988,阿里巴巴,HK,110.0,108.8,114.3,113.9,90914228.0
2024-10-07,9988,阿里巴巴,HK,114.2,113.0,116.9,114.6,105041570.0
2024-10-08,9988,阿里巴巴,HK,111.3,103.0,111.8,104.5,252168999.0
2024-10-09,9988,阿里巴巴,HK,107.2,99.65,107.7,102.9,177757025.0
2024-10-10,9988,阿里巴巴,HK,105.0,104.4,107.8,105.8,104808386.0
2024-10-14,9988,阿里巴巴,HK,107.0,102.7,107.1,105.2,79240625.0
2024-10-15,9988,阿里巴巴,HK,105.2,98.75,105.2,99.85,113107803.0
2024-10-16,9988,阿里巴巴,HK,98.5,97.85,100.9,98.95,67551937.0
2024-10-17,9988,阿里巴巴,HK,100.0,97.7,102.7,98.5,65933840.0
2024-10-18,9988,阿里巴巴,HK,97.65,95.3,102.5,100.5,119104755.0
2024-10-21,9988,阿里巴巴,HK,100.2,96.55,100.8,97.8,63514538.0
2024-10-22,9988,阿里巴巴,HK,97.6,96.1,98.7,97.25,48715559.0
2024-10-23,9988,阿里巴巴,HK,96.4,96.1,98.35,97.3,61919784.0
2024-10-24,9988,阿里巴巴,HK,95.05,93.5,95.3,94.15,76909887.0
2024-10-25,9988,阿里巴巴,HK,95.0,94.6,97.2,95.35,53441957.0
2024-10-28,9988,阿里巴巴,HK,95.7,95.05,98.4,96.65,69415882.0
2024-10-29,9988,阿里巴巴,HK,97.35,96.85,99.2,97.55,57004880.0
2024-10-30,9988,阿里巴巴,HK,96.15,95.2,97.15,95.85,51472115.0
2024-10-31,9988,阿里巴巴,HK,95.35,94.55,96.8,94.55,47207811.0
2024-11-01,9988,阿里巴巴,HK,95.75,94.05,95.95,95.0,38347683.0
2024-11-04,9988,阿里巴巴,HK,95.6,95.2,96.45,96.05,31007532.0
2024-11-05,9988,阿里巴巴,HK,95.1,95.1,98.65,98.4,50986901.0
2024-11-06,9988,阿里巴巴,HK,96.5,93.75,96.75,94.4,88756404.0
2024-11-07,9988,阿里巴巴,HK,93.8,93.25,96.15,95.65,57481876.0
2024-11-08,9988,阿里巴巴,HK,98.0,94.0,99.5,94.0,74794561.0
2024-11-11,9988,阿里巴巴,HK,91.35,90.05,96.75,94.1,103787086.0
2024-11-12,9988,阿里巴巴,HK,93.65,89.95,95.0,90.55,89444897.0
2024-11-13,9988,阿里巴巴,HK,89.45,89.45,90.9,90.55,63573164.0
2024-11-14,9988,阿里巴巴,HK,89.15,87.65,90.45,87.95,67262128.0
2024-11-15,9988,阿里巴巴,HK,88.0,87.0,88.75,87.2,49182995.0
2024-11-18,9988,阿里巴巴,HK,86.85,85.3,87.15,86.3,70101208.0
2024-11-19,9988,阿里巴巴,HK,86.95,84.7,87.45,85.25,68824611.0
2024-11-20,9988,阿里巴巴,HK,84.8,83.5,85.25,84.75,70389532.0
2024-11-21,9988,阿里巴巴,HK,84.35,83.6,84.95,84.4,45741828.0
2024-11-22,9988,阿里巴巴,HK,83.6,80.2,84.05,80.7,110110185.0
2024-11-25,9988,阿里巴巴,HK,80.7,79.9,82.8,81.95,163133423.0
2024-11-26,9988,阿里巴巴,HK,81.8,81.8,84.45,83.35,78159824.0
2024-11-27,9988,阿里巴巴,HK,83.2,82.5,85.7,85.0,56559911.0
2024-11-28,9988,阿里巴巴,HK,84.3,82.75,84.35,83.4,45005738.0
2024-11-29,9988,阿里巴巴,HK,82.9,82.85,84.8,83.65,36163262.0
2024-12-02,9988,阿里巴巴,HK,84.25,83.75,85.65,84.0,55668722.0
2024-12-03,9988,阿里巴巴,HK,83.7,82.85,84.8,84.45,45041216.0
2024-12-04,9988,阿里巴巴,HK,83.35,82.6,84.25,84.0,57896484.0
2024-12-05,9988,阿里巴巴,HK,82.8,81.65,83.15,81.95,66632997.0
2024-12-06,9988,阿里巴巴,HK,82.2,81.75,84.7,83.95,73451040.0
2024-12-09,9988,阿里巴巴,HK,82.75,82.65,87.25,86.9,90092033.0
2024-12-10,9988,阿里巴巴,HK,91.25,86.55,91.4,86.6,97398890.0
2024-12-11,9988,阿里巴巴,HK,87.3,86.15,87.7,86.2,51946094.0
2024-12-12,9988,阿里巴巴,HK,85.95,85.95,88.75,88.0,64845532.0
2024-12-13,9988,阿里巴巴,HK,86.55,85.75,87.45,85.75,61023463.0
2024-12-16,9988,阿里巴巴,HK,85.75,83.5,85.9,84.35,47958063.0
2024-12-17,9988,阿里巴巴,HK,83.9,82.55,84.1,83.4,52558686.0
2024-12-18,9988,阿里巴巴,HK,84.85,83.65,84.85,84.05,35976303.0
2024-12-19,9988,阿里巴巴,HK,82.7,82.05,83.45,82.95,56263173.0
2024-12-20,9988,阿里巴巴,HK,81.8,79.35,82.25,80.1,132887681.0
2024-12-23,9988,阿里巴巴,HK,80.7,79.9,81.35,81.0,57974855.0
2024-12-24,9988,阿里巴巴,HK,82.3,82.15,83.95,83.15,46601344.0
2024-12-27,9988,阿里巴巴,HK,83.0,81.35,83.35,82.35,44013080.0
2024-12-30,9988,阿里巴巴,HK,82.35,81.55,82.95,82.0,39010940.0
2024-12-31,9988,阿里巴巴,HK,82.0,81.8,83.5,82.4,31449160.0
2025-01-02,9988,阿里巴巴,HK,82.4,80.8,82.7,81.3,48562393.0
2025-01-03,9988,阿里巴巴,HK,83.1,82.0,83.75,82.6,57859265.0
2025-01-06,9988,阿里巴巴,HK,83.15,81.9,83.35,82.15,36259231.0
2025-01-07,9988,阿里巴巴,HK,82.15,80.5,82.45,81.4,57807719.0
2025-01-08,9988,阿里巴巴,HK,81.6,80.4,82.25,80.9,51033856.0
2025-01-09,9988,阿里巴巴,HK,80.9,80.45,81.6,80.6,38857402.0
2025-01-10,9988,阿里巴巴,HK,80.9,79.5,81.2,79.6,49178401.0
2025-01-13,9988,阿里巴巴,HK,78.5,77.35,78.55,78.1,47082642.0
2025-01-14,9988,阿里巴巴,HK,78.75,78.35,80.35,79.95,62238203.0
2025-01-15,9988,阿里巴巴,HK,79.1,79.1,80.15,79.95,34729525.0
2025-01-16,9988,阿里巴巴,HK,80.1,79.25,81.45,80.45,40303852.0
2025-01-17,9988,阿里巴巴,HK,80.0,79.6,80.75,80.75,40613226.0
2025-01-20,9988,阿里巴巴,HK,82.7,82.4,86.1,84.55,92760400.0
2025-01-21,9988,阿里巴巴,HK,85.8,83.9,85.95,84.8,45376591.0
2025-01-22,9988,阿里巴巴,HK,83.3,81.65,83.9,82.2,50020729.0
2025-01-23,9988,阿里巴巴,HK,83.85,82.55,84.25,82.9,35695244.0
2025-01-24,9988,阿里巴巴,HK,83.75,83.0,85.0,84.75,56000920.0
2025-01-27,9988,阿里巴巴,HK,86.6,86.1,87.95,87.25,77324541.0
2025-01-28,9988,阿里巴巴,HK,88.5,87.65,88.5,88.3,28186080.0
2025-02-03,9988,阿里巴巴,HK,92.55,90.4,94.1,94.0,137951734.0
2025-02-04,9988,阿里巴巴,HK,96.8,94.75,97.95,97.65,119029715.0
2025-02-05,9988,阿里巴巴,HK,99.0,95.3,99.65,97.55,130268715.0
2025-02-06,9988,阿里巴巴,HK,96.95,96.5,98.9,98.55,82663790.0
2025-02-07,9988,阿里巴巴,HK,98.0,97.7,100.9,100.0,111035834.0
2025-02-10,9988,阿里巴巴,HK,103.0,103.0,106.5,105.5,154940987.0
2025-02-11,9988,阿里巴巴,HK,107.9,104.6,108.6,104.9,133001073.0
2025-02-12,9988,阿里巴巴,HK,109.2,109.1,113.9,113.8,215324934.0
2025-02-13,9988,阿里巴巴,HK,115.2,115.2,124.3,116.7,336901993.0
2025-02-14,9988,阿里巴巴,HK,116.9,116.8,124.3,124.1,267121701.0
2025-02-17,9988,阿里巴巴,HK,124.9,118.8,129.5,122.2,293596265.0
2025-02-18,9988,阿里巴巴,HK,122.0,122.0,128.6,126.3,197776235.0
2025-02-19,9988,阿里巴巴,HK,123.7,122.3,125.4,124.1,148288754.0
2025-02-20,9988,阿里巴巴,HK,122.4,118.4,123.6,120.9,178330455.0
2025-02-21,9988,阿里巴巴,HK,133.0,131.0,139.6,138.5,329402607.0
2025-02-24,9988,阿里巴巴,HK,138.9,134.3,140.9,135.7,222538792.0
2025-02-25,9988,阿里巴巴,HK,125.1,125.0,133.3,130.6,234415866.0
2025-02-26,9988,阿里巴巴,HK,132.3,132.0,139.1,136.9,197155020.0
2025-02-27,9988,阿里巴巴,HK,137.5,133.2,139.7,135.7,180178311.0
2025-02-28,9988,阿里巴巴,HK,133.6,127.1,133.8,127.5,209019085.0
2025-03-03,9988,阿里巴巴,HK,129.8,128.6,134.5,130.4,164140645.0
2025-03-04,9988,阿里巴巴,HK,126.6,124.5,129.3,127.8,133778504.0
2025-03-05,9988,阿里巴巴,HK,128.4,126.6,131.5,129.9,132295744.0
2025-03-06,9988,阿里巴巴,HK,138.0,137.3,141.5,140.8,198863431.0
2025-03-07,9988,阿里巴巴,HK,137.8,137.2,145.9,140.0,250700100.0
2025-03-10,9988,阿里巴巴,HK,137.2,133.6,138.7,134.5,179071477.0
2025-03-11,9988,阿里巴巴,HK,127.8,127.7,134.8,133.6,157697693.0
2025-03-12,9988,阿里巴巴,HK,138.0,131.9,138.0,134.8,124456918.0
2025-03-13,9988,阿里巴巴,HK,133.8,129.1,133.9,131.5,101846984.0
2025-03-14,9988,阿里巴巴,HK,134.5,132.8,137.6,135.8,108673140.0
2025-03-17,9988,阿里巴巴,HK,137.6,135.1,139.0,135.5,72542321.0
2025-03-18,9988,阿里巴巴,HK,143.3,140.6,143.5,143.4,145909264.0
2025-03-19,9988,阿里巴巴,HK,140.3,139.6,142.3,141.1,83578664.0
2025-03-20,9988,阿里巴巴,HK,140.0,135.1,140.0,135.5,113971960.0
2025-03-21,9988,阿里巴巴,HK,133.6,130.4,135.3,130.7,143069660.0
2025-03-24,9988,阿里巴巴,HK,132.0,130.4,134.1,132.8,90778453.0
2025-03-25,9988,阿里巴巴,HK,130.7,127.6,132.1,127.7,104041459.0
2025-03-26,9988,阿里巴巴,HK,128.6,128.0,130.7,129.5,57480050.0
2025-03-27,9988,阿里巴巴,HK,129.4,128.3,133.0,130.1,63397449.0
2025-03-28,9988,阿里巴巴,HK,132.0,129.0,133.5,131.0,66594496.0
2025-03-31,9988,阿里巴巴,HK,128.8,126.1,130.0,128.0,78698386.0
2025-04-01,9988,阿里巴巴,HK,129.1,128.9,131.5,129.8,59194990.0
2025-04-02,9988,阿里巴巴,HK,129.0,128.4,132.0,130.0,61236236.0
2025-04-03,9988,阿里巴巴,HK,122.5,121.5,126.4,123.5,165415092.0
2025-04-07,9988,阿里巴巴,HK,108.0,100.0,112.2,101.3,392361045.0
2025-04-08,9988,阿里巴巴,HK,105.7,97.55,106.3,102.5,291748687.0
2025-04-09,9988,阿里巴巴,HK,97.4,95.7,105.7,103.6,251724654.0
2025-04-10,9988,阿里巴巴,HK,108.0,104.4,110.4,104.8,239469665.0
2025-04-11,9988,阿里巴巴,HK,103.0,101.5,106.6,103.0,178687575.0
2025-04-14,9988,阿里巴巴,HK,107.4,105.7,109.9,108.2,166612582.0
2025-04-15,9988,阿里巴巴,HK,111.8,108.6,111.8,109.9,103926447.0
2025-04-16,9988,阿里巴巴,HK,107.0,104.0,107.5,105.4,116440525.0
2025-04-17,9988,阿里巴巴,HK,105.1,104.5,109.3,108.7,113941562.0
2025-04-22,9988,阿里巴巴,HK,108.4,107.2,111.5,110.0,118989644.0
2025-04-23,9988,阿里巴巴,HK,116.4,113.9,116.9,116.0,142919552.0
2025-04-24,9988,阿里巴巴,HK,115.7,112.5,116.3,113.8,91662927.0
2025-04-25,9988,阿里巴巴,HK,116.2,114.9,117.9,115.6,82127311.0
2025-04-28,9988,阿里巴巴,HK,117.8,114.4,117.8,115.2,67368966.0
2025-04-29,9988,阿里巴巴,HK,115.7,114.2,117.4,115.0,63943734.0
2025-04-30,9988,阿里巴巴,HK,116.4,114.6,117.6,117.5,68302501.0
2025-05-02,9988,阿里巴巴,HK,119.2,118.1,123.1,122.0,72747697.0
2025-05-06,9988,阿里巴巴,HK,122.5,120.8,124.7,123.8,89828348.0
2025-05-07,9988,阿里巴巴,HK,126.9,121.3,127.8,121.3,105915833.0
2025-05-08,9988,阿里巴巴,HK,120.8,120.3,123.7,121.5,70065236.0
2025-05-09,9988,阿里巴巴,HK,122.9,121.8,124.4,123.6,64212711.0
2025-05-12,9988,阿里巴巴,HK,126.1,124.9,131.9,131.2,163626351.0
2025-05-13,9988,阿里巴巴,HK,131.0,125.6,131.0,126.1,110675822.0
2025-05-14,9988,阿里巴巴,HK,127.8,126.8,130.8,130.4,88967136.0
2025-05-15,9988,阿里巴巴,HK,131.4,127.9,131.7,128.9,83762982.0
2025-05-16,9988,阿里巴巴,HK,121.0,120.3,124.2,123.4,146404177.0
2025-05-19,9988,阿里巴巴,HK,119.9,117.5,120.8,119.2,124103481.0
2025-05-20,9988,阿里巴巴,HK,120.0,119.2,122.6,121.7,63599789.0
2025-05-21,9988,阿里巴巴,HK,123.1,122.1,123.7,123.1,48764348.0
2025-05-22,9988,阿里巴巴,HK,121.6,118.6,121.8,119.1,77869662.0
2025-05-23,9988,阿里巴巴,HK,119.0,117.7,120.1,118.8,66708012.0
2025-05-26,9988,阿里巴巴,HK,118.5,116.8,119.6,116.9,61541743.0
2025-05-27,9988,阿里巴巴,HK,116.0,115.1,118.2,118.0,52883817.0
2025-05-28,9988,阿里巴巴,HK,118.2,115.2,118.5,115.7,68081387.0
2025-05-29,9988,阿里巴巴,HK,115.3,115.3,118.8,118.1,74783592.0
2025-05-30,9988,阿里巴巴,HK,115.1,112.8,115.4,113.9,204654182.0
2025-06-02,9988,阿里巴巴,HK,112.0,109.8,113.6,113.2,73453819.0
2025-06-03,9988,阿里巴巴,HK,113.2,112.9,114.4,113.9,59256715.0
2025-06-04,9988,阿里巴巴,HK,113.2,112.6,115.6,114.6,73216251.0
2025-06-05,9988,阿里巴巴,HK,117.9,117.2,118.5,118.3,77117941.0
2025-06-06,9988,阿里巴巴,HK,118.3,115.7,118.3,116.6,75163798.0
2025-06-09,9988,阿里巴巴,HK,118.0,117.6,120.3,119.3,84322573.0
2025-06-10,9988,阿里巴巴,HK,120.4,117.6,120.5,118.8,54323007.0
2025-06-11,9988,阿里巴巴,HK,118.6,117.9,119.0,118.4,50080516.0
2025-06-12,9988,阿里巴巴,HK,115.7,114.3,116.3,114.6,82878015.0
2025-06-13,9988,阿里巴巴,HK,112.8,110.6,114.1,112.0,122464076.0
2025-06-16,9988,阿里巴巴,HK,111.1,110.3,113.8,112.9,73900525.0
2025-06-17,9988,阿里巴巴,HK,114.3,113.9,115.5,114.8,59968684.0
2025-06-18,9988,阿里巴巴,HK,114.1,111.4,114.1,112.2,55865417.0
2025-06-19,9988,阿里巴巴,HK,111.6,109.6,111.9,110.0,55573686.0
2025-06-20,9988,阿里巴巴,HK,111.0,110.0,111.7,111.7,106839365.0
2025-06-23,9988,阿里巴巴,HK,110.0,108.6,111.1,110.8,68537835.0
2025-06-24,9988,阿里巴巴,HK,112.1,111.6,113.6,112.7,66616313.0
2025-06-25,9988,阿里巴巴,HK,115.0,113.6,116.2,115.5,79338255.0
2025-06-26,9988,阿里巴巴,HK,113.0,112.1,113.3,112.2,86859946.0
2025-06-27,9988,阿里巴巴,HK,112.6,111.4,113.5,112.1,75942306.0
2025-06-30,9988,阿里巴巴,HK,111.5,109.8,112.0,109.8,90192013.0
2025-07-02,9988,阿里巴巴,HK,111.7,108.7,112.0,109.4,88248907.0
2025-07-03,9988,阿里巴巴,HK,108.8,105.2,109.6,106.2,155395466.0
2025-07-04,9988,阿里巴巴,HK,105.2,103.1,106.4,105.1,106812953.0
2025-07-07,9988,阿里巴巴,HK,104.0,102.3,105.6,105.4,81216305.0
2025-07-08,9988,阿里巴巴,HK,104.7,104.2,107.6,107.0,81928731.0
2025-07-09,9988,阿里巴巴,HK,106.1,102.7,106.3,102.9,134137844.0
2025-07-10,9988,阿里巴巴,HK,102.0,101.8,103.8,103.2,98855593.0
2025-07-11,9988,阿里巴巴,HK,103.3,103.3,106.9,105.1,115975182.0
2025-07-14,9988,阿里巴巴,HK,104.4,104.4,106.7,106.1,65552727.0
2025-07-15,9988,阿里巴巴,HK,106.5,106.5,113.7,113.5,195489816.0
2025-07-16,9988,阿里巴巴,HK,115.7,113.5,117.7,113.8,144295161.0
2025-07-17,9988,阿里巴巴,HK,113.4,112.1,115.0,112.5,74908706.0
2025-07-18,9988,阿里巴巴,HK,115.3,114.4,116.3,115.8,83105716.0
2025-07-21,9988,阿里巴巴,HK,118.8,117.0,118.8,117.9,95474095.0
2025-07-22,9988,阿里巴巴,HK,117.7,116.0,118.2,118.0,63352702.0
2025-07-23,9988,阿里巴巴,HK,119.0,117.7,122.0,120.9,119661760.0
2025-07-24,9988,阿里巴巴,HK,120.9,119.9,121.8,120.3,77592812.0
2025-07-25,9988,阿里巴巴,HK,119.1,117.5,119.3,118.0,63455940.0
2025-07-28,9988,阿里巴巴,HK,119.5,118.9,121.7,120.6,69215231.0
2025-07-29,9988,阿里巴巴,HK,119.2,118.1,121.0,120.7,59019387.0
2025-07-30,9988,阿里巴巴,HK,117.7,117.1,119.6,117.1,88754280.0
2025-07-31,9988,阿里巴巴,HK,116.0,114.3,118.0,115.7,97698587.0
2025-08-01,9988,阿里巴巴,HK,117.8,116.7,119.3,116.9,75031091.0
2025-08-04,9988,阿里巴巴,HK,115.5,114.7,116.7,116.2,50516068.0
2025-08-05,9988,阿里巴巴,HK,116.1,114.6,116.3,116.0,52371110.0
2025-08-06,9988,阿里巴巴,HK,115.6,115.1,119.2,116.7,73715023.0
2025-08-07,9988,阿里巴巴,HK,119.1,117.9,119.8,119.2,66845112.0
2025-08-08,9988,阿里巴巴,HK,118.6,116.1,118.6,116.3,60373207.0
2025-08-11,9988,阿里巴巴,HK,118.0,116.9,119.0,118.5,43065055.0
2025-08-12,9988,阿里巴巴,HK,116.8,116.1,117.5,116.6,55676119.0
2025-08-13,9988,阿里巴巴,HK,120.0,119.2,123.8,123.7,150500459.0
2025-08-14,9988,阿里巴巴,HK,124.8,121.0,125.2,121.8,83916791.0
2025-08-15,9988,阿里巴巴,HK,119.3,117.8,119.8,118.1,110541625.0
2025-08-18,9988,阿里巴巴,HK,118.3,118.3,120.8,118.6,76093381.0
2025-08-19,9988,阿里巴巴,HK,118.4,117.9,119.7,118.3,55732895.0
2025-08-20,9988,阿里巴巴,HK,117.2,116.1,118.0,117.5,62830049.0
2025-08-21,9988,阿里巴巴,HK,117.3,115.0,117.6,115.7,66716053.0
2025-08-22,9988,阿里巴巴,HK,115.5,115.3,118.3,118.0,73604857.0
2025-08-25,9988,阿里巴巴,HK,120.4,120.4,126.0,124.5,162992103.0
2025-08-26,9988,阿里巴巴,HK,122.0,121.1,123.9,121.3,90253630.0
2025-08-27,9988,阿里巴巴,HK,121.3,121.0,124.3,121.5,114213258.0
2025-08-28,9988,阿里巴巴,HK,119.1,115.6,119.3,115.8,171962832.0
2025-08-29,9988,阿里巴巴,HK,116.8,115.7,119.0,115.7,110429482.0
2025-09-01,9988,阿里巴巴,HK,133.0,133.0,138.0,137.1,404948185.0
2025-09-02,9988,阿里巴巴,HK,139.9,134.7,139.9,134.7,166594096.0
2025-09-03,9988,阿里巴巴,HK,136.5,133.0,137.8,134.1,104631522.0
2025-09-04,9988,阿里巴巴,HK,134.3,128.5,134.8,129.8,148595855.0
2025-09-05,9988,阿里巴巴,HK,128.5,128.1,133.0,131.8,127450276.0
2025-09-08,9988,阿里巴巴,HK,133.2,133.1,138.0,137.3,147299900.0
2025-09-09,9988,阿里巴巴,HK,138.6,138.0,142.8,141.9,181120225.0
2025-09-10,9988,阿里巴巴,HK,144.7,142.6,147.9,142.8,181722198.0
2025-09-11,9988,阿里巴巴,HK,140.9,139.1,146.5,143.3,174456621.0
2025-09-12,9988,阿里巴巴,HK,151.7,150.1,153.8,151.1,170663495.0
2025-09-15,9988,阿里巴巴,HK,150.4,150.1,156.8,154.6,146193613.0
2025-09-16,9988,阿里巴巴,HK,154.0,152.5,156.8,153.5,111088746.0
2025-09-17,9988,阿里巴巴,HK,157.7,156.7,162.3,161.6,156646724.0
2025-09-18,9988,阿里巴巴,HK,162.1,156.3,164.8,158.4,209809246.0
2025-09-19,9988,阿里巴巴,HK,158.9,156.6,162.8,159.1,138827373.0
2025-09-22,9988,阿里巴巴,HK,157.6,157.3,161.5,159.2,103208970.0
2025-09-23,9988,阿里巴巴,HK,160.0,156.7,163.1,159.4,119175251.0
2025-09-24,9988,阿里巴巴,HK,158.5,157.6,174.9,174.0,261023658.0
2025-09-25,9988,阿里巴巴,HK,174.0,171.1,177.8,172.0,172333447.0
2025-09-26,9988,阿里巴巴,HK,168.4,165.0,171.9,166.5,152987253.0
2025-09-29,9988,阿里巴巴,HK,166.9,166.9,174.3,173.4,134259119.0
2025-09-30,9988,阿里巴巴,HK,176.6,173.7,178.0,177.0,135460219.0
2025-10-02,9988,阿里巴巴,HK,179.7,179.1,185.0,183.1,96036992.0
2025-10-03,9988,阿里巴巴,HK,185.0,183.3,186.2,185.1,56780997.0
2025-10-06,9988,阿里巴巴,HK,181.8,179.8,183.8,180.5,49211980.0
2025-10-08,9988,阿里巴巴,HK,178.1,173.5,178.3,177.6,75252197.0
2025-10-09,9988,阿里巴巴,HK,179.0,171.5,179.0,173.3,158029622.0
2025-10-10,9988,阿里巴巴,HK,169.1,164.8,170.3,165.4,186753966.0
2025-10-13,9988,阿里巴巴,HK,159.0,156.1,163.6,162.6,282816644.0
2025-10-14,9988,阿里巴巴,HK,164.8,154.0,166.1,155.6,201534774.0
2025-10-15,9988,阿里巴巴,HK,158.7,156.1,162.7,161.6,111159729.0
2025-10-16,9988,阿里巴巴,HK,162.6,158.6,164.2,161.2,73190193.0
2025-10-17,9988,阿里巴巴,HK,161.0,153.0,161.0,154.4,133552318.0
2025-10-20,9988,阿里巴巴,HK,162.1,160.0,162.9,161.9,98042110.0
2025-10-21,9988,阿里巴巴,HK,167.5,164.8,169.0,165.1,110624314.0
2025-10-22,9988,阿里巴巴,HK,162.7,160.0,163.6,161.9,67640668.0
2025-10-23,9988,阿里巴巴,HK,161.9,159.1,165.5,164.6,86447894.0
2025-10-24,9988,阿里巴巴,HK,168.0,166.6,169.3,168.3,84064278.0
2025-10-27,9988,阿里巴巴,HK,174.8,172.1,175.0,173.6,96795907.0
2025-10-28,9988,阿里巴巴,HK,174.0,169.5,174.2,171.0,78492657.0
2025-10-30,9988,阿里巴巴,HK,173.4,169.0,174.8,172.1,112254088.0
2025-10-31,9988,阿里巴巴,HK,169.8,165.1,170.6,165.1,97457096.0
2025-11-03,9988,阿里巴巴,HK,164.9,161.5,166.3,163.2,74773287.0
2025-11-04,9988,阿里巴巴,HK,164.0,158.1,164.0,159.0,89529769.0
2025-11-05,9988,阿里巴巴,HK,156.6,154.2,159.3,158.5,94071358.0
2025-11-06,9988,阿里巴巴,HK,160.8,159.9,165.3,165.0,83528391.0
2025-11-07,9988,阿里巴巴,HK,163.2,158.9,163.2,160.1,66709927.0
2025-11-10,9988,阿里巴巴,HK,162.8,160.4,164.2,163.4,57596575.0
2025-11-11,9988,阿里巴巴,HK,161.5,158.6,162.4,160.4,73054852.0
2025-11-12,9988,阿里巴巴,HK,157.1,155.2,158.4,156.8,96741580.0
2025-11-13,9988,阿里巴巴,HK,153.9,153.3,166.0,162.0,155447392.0
2025-11-14,9988,阿里巴巴,HK,156.5,154.5,158.4,154.9,101354219.0
2025-11-17,9988,阿里巴巴,HK,152.3,152.1,158.0,154.9,113907864.0
2025-11-18,9988,阿里巴巴,HK,153.2,153.2,158.4,154.6,102880519.0
2025-11-19,9988,阿里巴巴,HK,155.8,155.1,157.9,156.4,71141046.0
2025-11-20,9988,阿里巴巴,HK,158.3,154.0,159.8,154.8,65486765.0
2025-11-21,9988,阿里巴巴,HK,150.0,146.9,150.6,147.6,141043093.0
2025-11-24,9988,阿里巴巴,HK,147.8,147.8,156.3,154.5,199790253.0
2025-11-25,9988,阿里巴巴,HK,159.0,153.4,160.5,157.8,147102629.0
2025-11-26,9988,阿里巴巴,HK,154.0,153.4,158.0,154.8,110863259.0
2025-11-27,9988,阿里巴巴,HK,154.0,150.1,154.9,150.6,103303822.0
2025-11-28,9988,阿里巴巴,HK,151.8,151.0,153.2,151.5,66572166.0
2025-12-01,9988,阿里巴巴,HK,153.0,152.0,156.9,154.9,93259220.0
2025-12-02,9988,阿里巴巴,HK,160.1,156.3,160.1,157.0,74133971.0
2025-12-03,9988,阿里巴巴,HK,155.8,153.1,156.6,153.6,54076752.0
2025-12-04,9988,阿里巴巴,HK,153.1,152.5,155.1,154.4,57110210.0
2025-12-05,9988,阿里巴巴,HK,153.2,152.6,155.1,155.0,78815068.0
2025-12-08,9988,阿里巴巴,HK,155.0,152.8,155.5,153.4,75226835.0
2025-12-09,9988,阿里巴巴,HK,155.1,150.4,156.8,150.9,69789164.0
2025-12-10,9988,阿里巴巴,HK,150.5,149.6,153.4,153.2,61369895.0
2025-12-11,9988,阿里巴巴,HK,155.0,150.5,155.5,150.6,59433982.0
2025-12-12,9988,阿里巴巴,HK,152.7,150.8,154.1,154.1,88532981.0
2025-12-15,9988,阿里巴巴,HK,150.8,148.5,151.7,148.6,94298860.0
2025-12-16,9988,阿里巴巴,HK,146.9,141.6,147.0,144.2,118119058.0
2025-12-17,9988,阿里巴巴,HK,144.2,143.1,147.3,146.0,60486179.0
2025-12-18,9988,阿里巴巴,HK,143.1,142.9,144.9,144.1,47014025.0
2025-12-19,9988,阿里巴巴,HK,145.0,144.2,146.7,145.3,70392591.0
2025-12-22,9988,阿里巴巴,HK,146.0,145.0,148.5,146.4,58877432.0
2025-12-23,9988,阿里巴巴,HK,146.7,146.4,148.0,147.2,47601549.0
2025-12-24,9988,阿里巴巴,HK,147.0,145.1,148.1,146.0,28967695.0
2025-12-29,9988,阿里巴巴,HK,147.1,143.3,148.5,143.3,62656820.0
2025-12-30,9988,阿里巴巴,HK,143.3,143.2,145.7,144.5,60201594.0
2025-12-31,9988,阿里巴巴,HK,143.7,142.4,143.8,142.8,35628222.0
2026-01-02,9988,阿里巴巴,HK,143.2,142.9,149.7,149.0,48902470.0
2026-01-05,9988,阿里巴巴,HK,151.1,150.0,153.8,152.8,102834720.0
2026-01-06,9988,阿里巴巴,HK,150.9,150.5,153.2,150.8,112004139.0
2026-01-07,9988,阿里巴巴,HK,147.1,143.5,147.8,145.9,149677478.0
2026-01-08,9988,阿里巴巴,HK,143.6,141.0,144.9,142.6,107421412.0
2026-01-09,9988,阿里巴巴,HK,148.0,145.9,149.5,146.5,115234256.0
2026-01-12,9988,阿里巴巴,HK,146.9,146.0,154.6,154.3,164580300.0
2026-01-13,9988,阿里巴巴,HK,162.0,157.4,164.0,159.9,153153842.0
2026-01-14,9988,阿里巴巴,HK,163.8,162.1,169.8,169.0,244622843.0
2026-01-15,9988,阿里巴巴,HK,168.9,163.1,170.1,164.6,133061563.0
2026-01-16,9988,阿里巴巴,HK,167.9,165.0,168.7,166.2,79370877.0
2026-01-19,9988,阿里巴巴,HK,162.0,160.1,162.5,160.4,72500898.0
2026-01-20,9988,阿里巴巴,HK,159.8,158.6,162.2,159.7,55456218.0
2026-01-21,9988,阿里巴巴,HK,158.3,158.3,164.9,163.2,67441221.0
2026-01-22,9988,阿里巴巴,HK,166.0,162.8,166.5,164.8,59810988.0
2026-01-23,9988,阿里巴巴,HK,171.2,168.3,172.0,168.5,93252549.0
2026-01-26,9988,阿里巴巴,HK,169.5,164.5,170.2,165.2,67819829.0
2026-01-27,9988,阿里巴巴,HK,166.8,164.9,169.9,169.9,73661350.0
2026-01-28,9988,阿里巴巴,HK,170.5,168.6,173.8,173.5,102209414.0
2026-01-29,9988,阿里巴巴,HK,171.1,170.3,174.2,173.3,67539478.0
2026-01-30,9988,阿里巴巴,HK,170.0,167.0,170.7,169.2,75134065.0
2026-02-02,9988,阿里巴巴,HK,164.7,161.0,167.9,163.3,100747598.0
2026-02-03,9988,阿里巴巴,HK,165.4,155.2,166.0,161.0,111086312.0
2026-02-04,9988,阿里巴巴,HK,159.4,157.1,162.3,159.5,71689072.0
2026-02-05,9988,阿里巴巴,HK,155.5,154.0,160.4,159.6,89720504.0
2026-02-06,9988,阿里巴巴,HK,153.5,153.2,156.8,155.0,78125091.0
2026-02-09,9988,阿里巴巴,HK,159.5,157.6,160.2,157.9,58582947.0
2026-02-10,9988,阿里巴巴,HK,159.7,158.7,162.6,160.5,58402811.0
2026-02-11,9988,阿里巴巴,HK,161.3,159.6,162.7,160.1,51639528.0
2026-02-12,9988,阿里巴巴,HK,157.9,156.1,159.5,158.6,56768511.0
2026-02-13,9988,阿里巴巴,HK,154.0,153.9,156.4,155.4,69945660.0
2026-02-16,9988,阿里巴巴,HK,152.6,150.5,154.9,154.7,29215118.0
2026-02-20,9988,阿里巴巴,HK,150.0,147.1,151.7,147.1,70273864.0
2026-02-23,9988,阿里巴巴,HK,150.1,149.5,153.3,152.2,44852186.0
2026-02-24,9988,阿里巴巴,HK,149.9,147.0,150.4,148.0,82838070.0
2026-02-25,9988,阿里巴巴,HK,149.8,148.1,150.2,148.3,47742854.0
2026-02-26,9988,阿里巴巴,HK,148.3,143.0,148.8,143.0,98872855.0
2026-02-27,9988,阿里巴巴,HK,143.0,142.2,145.5,142.9,88719769.0
2026-03-02,9988,阿里巴巴,HK,139.6,135.6,140.5,136.4,134838521.0
2026-03-03,9988,阿里巴巴,HK,139.0,134.6,139.2,134.8,88507248.0
2026-03-04,9988,阿里巴巴,HK,131.2,127.7,133.0,129.9,163124992.0
2026-03-05,9988,阿里巴巴,HK,130.5,125.1,131.4,126.3,141677427.0
2026-03-06,9988,阿里巴巴,HK,126.9,126.5,132.0,130.7,100859931.0
2026-03-09,9988,阿里巴巴,HK,125.2,125.1,129.4,128.7,102893047.0
2026-03-10,9988,阿里巴巴,HK,131.0,130.0,134.2,133.5,98445281.0
2026-03-11,9988,阿里巴巴,HK,135.5,132.4,136.1,133.2,61695884.0
2026-03-12,9988,阿里巴巴,HK,130.6,129.6,133.5,131.6,57889342.0
2026-03-13,9988,阿里巴巴,HK,131.3,130.4,134.6,132.5,51862084.0
2026-03-16,9988,阿里巴巴,HK,132.9,130.8,135.1,134.0,50025123.0
2026-03-17,9988,阿里巴巴,HK,135.2,134.6,138.5,134.6,76247583.0
2026-03-18,9988,阿里巴巴,HK,134.4,133.1,140.2,137.7,108384226.0
2026-03-19,9988,阿里巴巴,HK,132.7,131.2,134.2,132.0,112049539.0
2026-03-20,9988,阿里巴巴,HK,123.5,122.4,126.8,123.7,206068855.0
2026-03-23,9988,阿里巴巴,HK,120.8,117.7,121.6,119.7,136352855.0
2026-03-24,9988,阿里巴巴,HK,122.0,119.8,124.0,123.2,86973171.0
2026-03-25,9988,阿里巴巴,HK,125.2,123.4,131.4,128.9,148277825.0
2026-03-26,9988,阿里巴巴,HK,128.0,122.6,128.0,123.0,87500096.0
2026-03-27,9988,阿里巴巴,HK,123.0,121.4,124.1,122.6,53442572.0
2026-03-30,9988,阿里巴巴,HK,118.2,117.9,121.4,120.5,80519074.0
2026-03-31,9988,阿里巴巴,HK,120.8,117.8,122.1,119.0,72026359.0
2026-04-01,9988,阿里巴巴,HK,123.3,121.5,124.0,122.7,67832865.0
2026-04-02,9988,阿里巴巴,HK,121.0,117.5,121.0,118.5,95121535.0
2022-01-04,2050,三花智控,SZ,25.37,26.4,24.98,25.68,40895881.0
2022-01-05,2050,三花智控,SZ,25.56,25.72,24.6,24.87,29675619.0
2022-01-06,2050,三花智控,SZ,24.85,25.11,24.18,24.41,20446429.0
2022-01-07,2050,三花智控,SZ,24.49,25.5,24.2,24.91,29848110.0
2022-01-10,2050,三花智控,SZ,24.76,25.44,24.36,25.26,18646594.0
2022-01-11,2050,三花智控,SZ,25.19,25.25,24.5,24.6,12713106.0
2022-01-12,2050,三花智控,SZ,24.51,25.22,24.42,25.12,14147106.0
2022-01-13,2050,三花智控,SZ,25.15,25.26,24.42,24.5,10919511.0
2022-01-14,2050,三花智控,SZ,24.52,24.58,24.0,24.11,15009217.0
2022-01-17,2050,三花智控,SZ,24.0,24.56,23.82,24.39,15538802.0
2022-01-18,2050,三花智控,SZ,24.35,24.65,24.16,24.5,8030540.0
2022-01-19,2050,三花智控,SZ,24.4,24.71,24.18,24.4,11564392.0
2022-01-20,2050,三花智控,SZ,24.31,24.4,23.03,23.14,34690688.0
2022-01-21,2050,三花智控,SZ,23.14,23.23,22.33,22.64,39822305.0
2022-01-24,2050,三花智控,SZ,22.51,22.84,22.21,22.33,30565333.0
2022-01-25,2050,三花智控,SZ,22.59,22.82,21.7,21.83,28552231.0
2022-01-26,2050,三花智控,SZ,21.85,22.16,20.56,20.7,56370524.0
2022-01-27,2050,三花智控,SZ,20.82,20.82,18.63,18.96,104736060.0
2022-01-28,2050,三花智控,SZ,19.15,19.71,18.86,19.11,49320845.0
2022-02-07,2050,三花智控,SZ,19.54,19.66,18.95,19.23,27580763.0
2022-02-08,2050,三花智控,SZ,19.28,19.5,18.92,19.45,20335979.0
2022-02-09,2050,三花智控,SZ,19.48,19.48,19.12,19.33,24816819.0
2022-02-10,2050,三花智控,SZ,19.33,19.5,18.97,19.19,26535863.0
2022-02-11,2050,三花智控,SZ,19.08,19.13,18.7,18.83,17839968.0
2022-02-14,2050,三花智控,SZ,18.7,18.94,18.07,18.94,33036433.0
2022-02-15,2050,三花智控,SZ,18.65,18.9,18.39,18.84,23640121.0
2022-02-16,2050,三花智控,SZ,19.1,19.21,18.71,18.88,27628289.0
2022-02-17,2050,三花智控,SZ,18.9,19.32,18.81,19.18,25729766.0
2022-02-18,2050,三花智控,SZ,19.09,19.23,18.73,19.23,20049072.0
2022-02-21,2050,三花智控,SZ,19.18,19.76,19.05,19.67,30495508.0
2022-02-22,2050,三花智控,SZ,19.46,19.66,19.31,19.56,17361998.0
2022-02-23,2050,三花智控,SZ,19.53,19.85,19.46,19.81,17203486.0
2022-02-24,2050,三花智控,SZ,19.77,20.48,19.57,19.95,38373156.0
2022-02-25,2050,三花智控,SZ,20.09,20.37,20.0,20.32,19773540.0
2022-02-28,2050,三花智控,SZ,20.26,20.33,19.86,20.1,24581238.0
2022-03-01,2050,三花智控,SZ,20.18,20.58,20.15,20.44,20578041.0
2022-03-02,2050,三花智控,SZ,20.34,20.4,20.06,20.19,11552639.0
2022-03-03,2050,三花智控,SZ,20.26,20.27,19.7,19.74,12397570.0
2022-03-04,2050,三花智控,SZ,19.6,19.7,19.09,19.2,23138844.0
2022-03-07,2050,三花智控,SZ,19.1,19.2,18.15,18.22,26524085.0
2022-03-08,2050,三花智控,SZ,18.08,18.3,17.08,17.43,30760167.0
2022-03-09,2050,三花智控,SZ,17.15,17.39,15.72,16.43,49033952.0
2022-03-10,2050,三花智控,SZ,17.07,17.36,16.77,17.2,28873763.0
2022-03-11,2050,三花智控,SZ,16.9,17.13,16.6,17.11,27403136.0
2022-03-14,2050,三花智控,SZ,16.95,16.98,16.58,16.58,15838718.0
2022-03-15,2050,三花智控,SZ,16.5,16.6,15.62,15.67,23508831.0
2022-03-16,2050,三花智控,SZ,16.0,16.51,15.39,16.42,26291372.0
2022-03-17,2050,三花智控,SZ,16.7,17.15,16.45,16.86,26921197.0
2022-03-18,2050,三花智控,SZ,16.9,17.07,16.7,16.89,26531561.0
2022-03-21,2050,三花智控,SZ,16.89,17.42,16.8,17.07,19740273.0
2022-03-22,2050,三花智控,SZ,16.89,17.08,16.82,17.02,10467383.0
2022-03-23,2050,三花智控,SZ,17.03,17.29,16.91,16.95,14335208.0
2022-03-24,2050,三花智控,SZ,16.82,17.14,16.68,16.97,12507427.0
2022-03-25,2050,三花智控,SZ,16.99,17.38,16.69,16.71,17417165.0
2022-03-28,2050,三花智控,SZ,16.85,16.97,16.46,16.92,14172121.0
2022-03-29,2050,三花智控,SZ,17.09,17.09,16.77,16.78,13485546.0
2022-03-30,2050,三花智控,SZ,16.83,17.17,16.73,17.08,15861888.0
2022-03-31,2050,三花智控,SZ,16.9,16.93,16.51,16.62,11159673.0
2022-04-01,2050,三花智控,SZ,16.46,17.06,16.41,17.01,14471014.0
2022-04-06,2050,三花智控,SZ,16.94,17.31,16.81,17.13,15189795.0
2022-04-07,2050,三花智控,SZ,17.17,17.42,16.8,16.8,21138928.0
2022-04-08,2050,三花智控,SZ,16.8,16.85,16.18,16.55,17643696.0
2022-04-11,2050,三花智控,SZ,16.64,16.69,15.3,15.4,27361142.0
2022-04-12,2050,三花智控,SZ,15.34,15.87,15.23,15.8,18120189.0
2022-04-13,2050,三花智控,SZ,15.59,15.71,15.13,15.15,14335733.0
2022-04-14,2050,三花智控,SZ,15.29,15.5,15.2,15.46,9696097.0
2022-04-15,2050,三花智控,SZ,15.31,15.88,15.11,15.73,13919230.0
2022-04-18,2050,三花智控,SZ,15.74,16.0,15.5,15.9,11189926.0
2022-04-19,2050,三花智控,SZ,15.95,15.99,15.42,15.47,10327694.0
2022-04-20,2050,三花智控,SZ,15.5,15.79,15.35,15.43,10540974.0
2022-04-21,2050,三花智控,SZ,15.35,15.5,14.73,14.8,14771963.0
2022-04-22,2050,三花智控,SZ,14.63,14.86,14.38,14.63,12147483.0
2022-04-25,2050,三花智控,SZ,14.3,14.51,13.33,13.33,25522055.0
2022-04-26,2050,三花智控,SZ,13.79,14.66,13.73,14.65,48885710.0
2022-04-27,2050,三花智控,SZ,14.6,15.45,14.43,15.15,45380912.0
2022-04-28,2050,三花智控,SZ,15.2,16.67,14.98,16.5,45644036.0
2022-04-29,2050,三花智控,SZ,16.79,17.06,16.31,16.76,27680585.0
2022-05-05,2050,三花智控,SZ,16.83,17.3,16.3,16.69,30408130.0
2022-05-06,2050,三花智控,SZ,16.19,16.94,16.08,16.7,15814911.0
2022-05-09,2050,三花智控,SZ,16.49,16.83,16.3,16.6,10743881.0
2022-05-10,2050,三花智控,SZ,16.5,16.99,16.12,16.8,21538384.0
2022-05-11,2050,三花智控,SZ,16.7,17.2,16.58,16.79,31634749.0
2022-05-12,2050,三花智控,SZ,16.59,16.77,16.25,16.72,15973128.0
2022-05-13,2050,三花智控,SZ,16.71,17.08,16.45,17.05,18771821.0
2022-05-16,2050,三花智控,SZ,17.16,17.5,16.67,16.77,17039245.0
2022-05-17,2050,三花智控,SZ,16.77,17.4,16.64,17.4,19474103.0
2022-05-18,2050,三花智控,SZ,17.56,17.64,17.03,17.45,21687029.0
2022-05-19,2050,三花智控,SZ,17.11,17.45,16.97,17.27,13854206.0
2022-05-20,2050,三花智控,SZ,17.15,17.77,17.15,17.57,16736680.0
2022-05-23,2050,三花智控,SZ,17.21,17.6,16.81,16.81,28237661.0
2022-05-24,2050,三花智控,SZ,16.82,17.32,16.31,16.35,25763403.0
2022-05-25,2050,三花智控,SZ,16.25,16.64,16.06,16.54,13839421.0
2022-05-26,2050,三花智控,SZ,16.66,16.84,16.28,16.56,11193813.0
2022-05-27,2050,三花智控,SZ,16.54,16.9,16.35,16.36,13775344.0
2022-05-30,2050,三花智控,SZ,16.48,16.8,16.26,16.7,10670322.0
2022-05-31,2050,三花智控,SZ,16.7,17.59,16.53,17.44,22662628.0
2022-06-01,2050,三花智控,SZ,17.47,18.15,17.41,17.92,21498885.0
2022-06-02,2050,三花智控,SZ,17.71,18.47,17.71,18.32,18758075.0
2022-06-06,2050,三花智控,SZ,18.32,18.7,18.13,18.46,20798165.0
2022-06-07,2050,三花智控,SZ,18.53,18.77,18.22,18.4,19395748.0
2022-06-08,2050,三花智控,SZ,18.41,19.14,18.3,19.06,24009610.0
2022-06-09,2050,三花智控,SZ,19.05,19.13,18.65,18.86,12145923.0
2022-06-10,2050,三花智控,SZ,18.94,20.6,18.48,20.15,37915329.0
2022-06-13,2050,三花智控,SZ,19.9,21.1,19.85,20.7,34760221.0
2022-06-14,2050,三花智控,SZ,20.4,21.58,19.87,21.22,30344678.0
2022-06-15,2050,三花智控,SZ,21.0,21.45,20.52,20.98,29637511.0
2022-06-16,2050,三花智控,SZ,20.98,22.12,20.88,21.88,37338979.0
2022-06-17,2050,三花智控,SZ,21.68,23.68,21.42,22.96,45319837.0
2022-06-20,2050,三花智控,SZ,25.2,25.26,23.33,25.0,107349026.0
2022-06-21,2050,三花智控,SZ,25.2,26.69,24.04,24.3,105784467.0
2022-06-22,2050,三花智控,SZ,24.0,24.95,23.62,24.31,80246210.0
2022-06-23,2050,三花智控,SZ,24.24,26.22,24.24,26.02,87870678.0
2022-06-24,2050,三花智控,SZ,25.8,25.87,24.73,25.1,75978398.0
2022-06-27,2050,三花智控,SZ,25.14,27.61,24.97,27.61,106301164.0
2022-06-28,2050,三花智控,SZ,28.3,28.85,27.61,28.36,100927494.0
2022-06-29,2050,三花智控,SZ,28.0,28.18,26.3,26.45,88936983.0
2022-06-30,2050,三花智控,SZ,27.55,28.8,26.83,27.48,80485570.0
2022-07-01,2050,三花智控,SZ,27.34,27.46,26.35,27.2,60980580.0
2022-07-04,2050,三花智控,SZ,27.73,28.45,27.2,27.75,54616048.0
2022-07-05,2050,三花智控,SZ,27.8,29.11,27.2,27.89,59258588.0
2022-07-06,2050,三花智控,SZ,27.79,27.99,26.85,27.2,45622114.0
2022-07-07,2050,三花智控,SZ,26.93,28.4,26.3,28.4,71801343.0
2022-07-08,2050,三花智控,SZ,28.0,29.02,27.6,27.91,38698842.0
2022-07-11,2050,三花智控,SZ,28.01,28.2,26.91,27.31,42751162.0
2022-07-12,2050,三花智控,SZ,27.26,27.65,26.4,26.43,32932338.0
2022-07-13,2050,三花智控,SZ,26.96,28.71,26.53,28.33,50745057.0
2022-07-14,2050,三花智控,SZ,28.41,30.32,27.86,29.26,66498594.0
2022-07-15,2050,三花智控,SZ,29.02,30.24,28.55,29.22,54936993.0
2022-07-18,2050,三花智控,SZ,29.6,29.6,27.86,28.96,46243279.0
2022-07-19,2050,三花智控,SZ,28.95,30.6,28.64,29.47,49579371.0
2022-07-20,2050,三花智控,SZ,29.24,29.79,28.07,28.33,61255094.0
2022-07-21,2050,三花智控,SZ,28.2,29.0,27.77,27.9,35631926.0
2022-07-22,2050,三花智控,SZ,28.07,28.24,27.3,27.86,36038820.0
2022-07-25,2050,三花智控,SZ,27.9,28.0,26.91,27.45,24200992.0
2022-07-26,2050,三花智控,SZ,27.7,29.16,27.17,28.92,45651142.0
2022-07-27,2050,三花智控,SZ,28.8,31.81,28.72,31.81,76075068.0
2022-07-28,2050,三花智控,SZ,31.97,32.77,30.7,31.31,83086135.0
2022-07-29,2050,三花智控,SZ,31.78,33.44,31.34,32.5,64595064.0
2022-08-01,2050,三花智控,SZ,32.4,34.0,32.01,32.77,52960032.0
2022-08-02,2050,三花智控,SZ,32.0,32.43,31.3,31.91,48862220.0
2022-08-03,2050,三花智控,SZ,32.11,32.31,29.17,29.4,82820803.0
2022-08-04,2050,三花智控,SZ,29.69,29.79,27.7,28.75,85122100.0
2022-08-05,2050,三花智控,SZ,29.73,29.81,27.0,27.67,86953998.0
2022-08-08,2050,三花智控,SZ,27.01,30.44,27.01,30.44,84697439.0
2022-08-09,2050,三花智控,SZ,30.14,30.58,29.63,29.65,47139675.0
2022-08-10,2050,三花智控,SZ,30.29,32.02,29.76,31.33,61295569.0
2022-08-11,2050,三花智控,SZ,31.41,31.41,29.74,30.13,53190103.0
2022-08-12,2050,三花智控,SZ,30.5,31.85,29.07,29.29,66476121.0
2022-08-15,2050,三花智控,SZ,29.13,31.4,29.13,31.06,63459626.0
2022-08-16,2050,三花智控,SZ,31.0,31.49,30.08,30.37,51084279.0
2022-08-17,2050,三花智控,SZ,29.8,30.6,28.63,30.04,66040357.0
2022-08-18,2050,三花智控,SZ,30.11,31.5,29.88,31.18,53070075.0
2022-08-19,2050,三花智控,SZ,31.22,31.37,29.35,29.4,62693455.0
2022-08-22,2050,三花智控,SZ,29.4,29.9,28.89,29.38,31407488.0
2022-08-23,2050,三花智控,SZ,29.34,30.16,29.18,29.69,26566262.0
2022-08-24,2050,三花智控,SZ,29.65,29.89,27.8,27.91,59282371.0
2022-08-25,2050,三花智控,SZ,28.0,28.3,27.2,27.7,38714392.0
2022-08-26,2050,三花智控,SZ,27.93,28.29,26.75,26.9,44924042.0
2022-08-29,2050,三花智控,SZ,26.5,27.71,26.31,27.36,49125330.0
2022-08-30,2050,三花智控,SZ,27.88,27.88,27.01,27.19,25805318.0
2022-08-31,2050,三花智控,SZ,27.05,27.17,25.26,25.64,66855590.0
2022-09-01,2050,三花智控,SZ,25.65,26.22,25.38,25.47,29656195.0
2022-09-02,2050,三花智控,SZ,25.96,26.47,24.81,25.95,47647185.0
2022-09-05,2050,三花智控,SZ,25.95,26.79,25.28,25.98,31586431.0
2022-09-06,2050,三花智控,SZ,26.08,28.38,25.9,28.05,57040067.0
2022-09-07,2050,三花智控,SZ,27.73,30.2,27.7,30.08,57373448.0
2022-09-08,2050,三花智控,SZ,29.67,30.08,28.67,28.8,35461611.0
2022-09-09,2050,三花智控,SZ,29.1,29.44,28.37,28.96,28201667.0
2022-09-13,2050,三花智控,SZ,29.3,30.03,28.3,29.72,33110694.0
2022-09-14,2050,三花智控,SZ,29.42,29.79,28.9,29.26,34129729.0
2022-09-15,2050,三花智控,SZ,29.02,29.4,26.9,27.22,53931500.0
2022-09-16,2050,三花智控,SZ,27.36,27.69,26.4,26.4,28956589.0
2022-09-19,2050,三花智控,SZ,26.68,27.27,26.4,26.79,24077014.0
2022-09-20,2050,三花智控,SZ,27.06,29.05,26.83,28.86,47726326.0
2022-09-21,2050,三花智控,SZ,29.01,29.57,28.47,28.63,42780266.0
2022-09-22,2050,三花智控,SZ,28.01,28.91,27.7,28.0,35505513.0
2022-09-23,2050,三花智控,SZ,28.06,28.24,25.22,26.05,79091268.0
2022-09-26,2050,三花智控,SZ,26.35,28.34,26.06,27.97,75098847.0
2022-09-27,2050,三花智控,SZ,28.08,28.08,26.23,26.7,51348086.0
2022-09-28,2050,三花智控,SZ,26.51,26.8,25.52,25.6,43737443.0
2022-09-29,2050,三花智控,SZ,26.0,26.72,25.2,25.77,33173685.0
2022-09-30,2050,三花智控,SZ,25.88,25.98,24.58,24.6,44921579.0
2022-10-10,2050,三花智控,SZ,22.15,22.35,22.14,22.14,16677400.0
2022-10-11,2050,三花智控,SZ,20.62,22.0,20.4,21.59,118198261.0
2022-10-12,2050,三花智控,SZ,21.59,22.99,20.9,22.88,79579198.0
2022-10-13,2050,三花智控,SZ,22.51,22.86,21.68,21.85,68227513.0
2022-10-14,2050,三花智控,SZ,22.1,22.62,21.77,22.37,45957846.0
2022-10-17,2050,三花智控,SZ,22.32,22.61,21.4,21.93,48981334.0
2022-10-18,2050,三花智控,SZ,22.17,22.88,21.84,22.07,40328205.0
2022-10-19,2050,三花智控,SZ,21.91,22.76,21.89,21.95,29779581.0
2022-10-20,2050,三花智控,SZ,21.58,21.94,19.9,20.6,96812815.0
2022-10-21,2050,三花智控,SZ,20.7,21.46,20.42,21.32,49112423.0
2022-10-24,2050,三花智控,SZ,21.43,21.62,20.67,20.81,36337020.0
2022-10-25,2050,三花智控,SZ,20.81,21.82,20.61,21.38,47245012.0
2022-10-26,2050,三花智控,SZ,21.57,21.89,21.2,21.49,41004943.0
2022-10-27,2050,三花智控,SZ,22.55,22.88,21.62,21.68,76368251.0
2022-10-28,2050,三花智控,SZ,21.47,21.85,20.5,20.65,49164273.0
2022-10-31,2050,三花智控,SZ,20.43,21.42,20.11,21.25,56599683.0
2022-11-01,2050,三花智控,SZ,21.25,21.9,21.12,21.88,29977096.0
2022-11-02,2050,三花智控,SZ,21.82,23.71,21.51,23.18,64133461.0
2022-11-03,2050,三花智控,SZ,23.01,23.35,22.8,23.14,29998210.0
2022-11-04,2050,三花智控,SZ,23.21,24.55,23.21,24.21,43782741.0
2022-11-07,2050,三花智控,SZ,24.18,24.49,23.61,24.0,27908572.0
2022-11-08,2050,三花智控,SZ,23.99,24.0,23.28,23.71,24662050.0
2022-11-09,2050,三花智控,SZ,23.71,24.4,23.45,23.75,20771065.0
2022-11-10,2050,三花智控,SZ,23.32,23.5,22.43,22.81,36845213.0
2022-11-11,2050,三花智控,SZ,23.6,24.09,22.99,23.36,30135170.0
2022-11-14,2050,三花智控,SZ,23.34,23.68,22.74,22.86,26809886.0
2022-11-15,2050,三花智控,SZ,22.78,23.5,22.57,23.42,28943521.0
2022-11-16,2050,三花智控,SZ,23.3,23.45,22.52,22.6,22120291.0
2022-11-17,2050,三花智控,SZ,22.44,22.58,21.4,22.05,38962669.0
2022-11-18,2050,三花智控,SZ,22.13,22.52,21.55,22.24,28516221.0
2022-11-21,2050,三花智控,SZ,22.04,23.03,21.74,22.96,25217946.0
2022-11-22,2050,三花智控,SZ,22.77,22.88,22.06,22.25,21580860.0
2022-11-23,2050,三花智控,SZ,22.3,23.1,22.01,22.94,21141175.0
2022-11-24,2050,三花智控,SZ,23.0,23.4,22.67,22.75,14870211.0
2022-11-25,2050,三花智控,SZ,22.61,22.74,21.97,22.1,16060656.0
2022-11-28,2050,三花智控,SZ,21.88,22.23,21.71,22.18,15772888.0
2022-11-29,2050,三花智控,SZ,21.9,22.17,20.74,20.92,59148480.0
2022-11-30,2050,三花智控,SZ,20.89,22.32,20.8,22.0,47306765.0
2022-12-01,2050,三花智控,SZ,22.0,22.88,21.84,22.4,28576904.0
2022-12-02,2050,三花智控,SZ,22.4,22.42,21.65,21.8,27325662.0
2022-12-05,2050,三花智控,SZ,22.48,22.83,21.8,22.7,34590754.0
2022-12-06,2050,三花智控,SZ,22.7,22.99,22.25,22.57,23631237.0
2022-12-07,2050,三花智控,SZ,22.57,23.58,22.3,22.99,27009636.0
2022-12-08,2050,三花智控,SZ,23.0,23.2,22.62,22.82,22362023.0
2022-12-09,2050,三花智控,SZ,22.9,23.17,22.6,23.13,26535670.0
2022-12-12,2050,三花智控,SZ,23.13,23.88,22.78,23.36,26273489.0
2022-12-13,2050,三花智控,SZ,23.26,23.73,22.94,23.03,17583428.0
2022-12-14,2050,三花智控,SZ,22.99,23.63,22.91,23.24,16081938.0
2022-12-15,2050,三花智控,SZ,23.27,23.86,23.15,23.86,21254954.0
2022-12-16,2050,三花智控,SZ,23.56,23.79,22.92,23.09,20820288.0
2022-12-19,2050,三花智控,SZ,23.09,23.65,23.03,23.29,21260339.0
2022-12-20,2050,三花智控,SZ,23.11,23.56,22.88,23.05,16306891.0
2022-12-21,2050,三花智控,SZ,23.2,23.25,22.6,22.81,16803937.0
2022-12-22,2050,三花智控,SZ,22.86,22.97,22.3,22.49,12762452.0
2022-12-23,2050,三花智控,SZ,22.29,22.54,21.55,21.74,15692335.0
2022-12-26,2050,三花智控,SZ,21.9,22.39,21.8,22.36,12072908.0
2022-12-27,2050,三花智控,SZ,22.4,22.44,21.68,22.0,17372043.0
2022-12-28,2050,三花智控,SZ,22.06,22.12,20.7,21.06,42004161.0
2022-12-29,2050,三花智控,SZ,21.49,21.54,21.09,21.18,19744983.0
2022-12-30,2050,三花智控,SZ,21.51,21.87,21.12,21.22,21777083.0
2023-01-03,2050,三花智控,SZ,21.09,21.15,20.42,20.82,47437897.0
2023-01-04,2050,三花智控,SZ,20.79,20.95,20.0,20.6,41620585.0
2023-01-05,2050,三花智控,SZ,20.6,21.39,20.52,20.88,53203892.0
2023-01-06,2050,三花智控,SZ,20.71,21.39,20.67,21.08,38050141.0
2023-01-09,2050,三花智控,SZ,21.58,22.02,21.23,21.63,51322449.0
2023-01-10,2050,三花智控,SZ,21.8,22.7,21.26,22.37,45577565.0
2023-01-11,2050,三花智控,SZ,22.39,23.2,22.2,23.02,46002308.0
2023-01-12,2050,三花智控,SZ,23.08,23.45,22.82,23.04,26644707.0
2023-01-13,2050,三花智控,SZ,23.03,24.58,23.0,23.8,60586589.0
2023-01-16,2050,三花智控,SZ,24.58,24.78,24.08,24.42,43283837.0
2023-01-17,2050,三花智控,SZ,24.43,24.7,24.04,24.6,28572522.0
2023-01-18,2050,三花智控,SZ,24.8,25.31,24.7,24.9,24431991.0
2023-01-19,2050,三花智控,SZ,24.98,25.2,24.59,24.93,20319032.0
2023-01-20,2050,三花智控,SZ,25.1,25.19,24.52,24.59,18583441.0
2023-01-30,2050,三花智控,SZ,25.3,26.5,25.25,26.26,40757254.0
2023-01-31,2050,三花智控,SZ,26.0,26.15,25.41,25.56,19428600.0
2023-02-01,2050,三花智控,SZ,25.67,26.07,25.55,26.0,23818743.0
2023-02-02,2050,三花智控,SZ,25.95,26.14,25.75,25.81,12816062.0
2023-02-03,2050,三花智控,SZ,25.84,25.84,24.82,25.3,23913462.0
2023-02-06,2050,三花智控,SZ,25.15,25.3,24.63,24.89,24840704.0
2023-02-07,2050,三花智控,SZ,25.09,27.38,24.96,27.38,58202864.0
2023-02-08,2050,三花智控,SZ,26.96,27.29,26.34,26.85,56007922.0
2023-02-09,2050,三花智控,SZ,26.8,27.5,26.48,27.1,51151516.0
2023-02-10,2050,三花智控,SZ,27.28,28.43,26.78,27.96,47076067.0
2023-02-13,2050,三花智控,SZ,27.87,27.95,26.9,27.18,43842446.0
2023-02-14,2050,三花智控,SZ,27.38,27.77,26.7,27.04,21650657.0
2023-02-15,2050,三花智控,SZ,27.04,27.55,26.93,27.04,21577245.0
2023-02-16,2050,三花智控,SZ,27.18,27.2,26.3,26.55,19124412.0
2023-02-17,2050,三花智控,SZ,26.55,26.88,26.29,26.54,18848463.0
2023-02-20,2050,三花智控,SZ,26.4,27.27,26.19,26.98,20033059.0
2023-02-21,2050,三花智控,SZ,26.97,27.15,26.45,26.86,20021214.0
2023-02-22,2050,三花智控,SZ,26.71,27.06,26.36,26.51,14300338.0
2023-02-23,2050,三花智控,SZ,26.62,26.62,25.75,26.31,35890617.0
2023-02-24,2050,三花智控,SZ,26.23,26.25,25.36,25.57,33069675.0
2023-02-27,2050,三花智控,SZ,25.48,26.59,25.35,26.14,26399364.0
2023-02-28,2050,三花智控,SZ,26.08,26.08,25.28,25.55,27126260.0
2023-03-01,2050,三花智控,SZ,25.67,25.82,25.06,25.32,34343201.0
2023-03-02,2050,三花智控,SZ,26.02,26.19,23.76,23.85,68443199.0
2023-03-03,2050,三花智控,SZ,23.99,24.55,23.94,24.09,33272545.0
2023-03-06,2050,三花智控,SZ,24.08,24.74,23.85,24.5,30712768.0
2023-03-07,2050,三花智控,SZ,24.55,24.59,23.91,23.98,16050599.0
2023-03-08,2050,三花智控,SZ,23.85,24.42,23.68,23.86,15839545.0
2023-03-09,2050,三花智控,SZ,23.86,24.75,23.79,23.92,22503322.0
2023-03-10,2050,三花智控,SZ,23.78,23.88,23.28,23.37,20168553.0
2023-03-13,2050,三花智控,SZ,23.1,24.0,22.99,23.85,24513770.0
2023-03-14,2050,三花智控,SZ,23.82,23.96,23.42,23.72,24518933.0
2023-03-15,2050,三花智控,SZ,23.89,24.89,23.81,23.87,27248576.0
2023-03-16,2050,三花智控,SZ,23.5,24.04,23.35,23.66,21875519.0
2023-03-17,2050,三花智控,SZ,23.71,24.07,23.14,23.59,25959576.0
2023-03-20,2050,三花智控,SZ,23.28,23.65,22.97,23.5,32167250.0
2023-03-21,2050,三花智控,SZ,23.47,24.31,23.31,24.27,22830070.0
2023-03-22,2050,三花智控,SZ,24.8,24.91,24.14,24.37,22388390.0
2023-03-23,2050,三花智控,SZ,24.35,24.35,22.81,22.98,46032999.0
2023-03-24,2050,三花智控,SZ,22.98,23.85,22.54,23.73,43826562.0
2023-03-27,2050,三花智控,SZ,23.68,25.97,23.63,25.56,67629920.0
2023-03-28,2050,三花智控,SZ,25.43,26.13,25.35,25.75,34899328.0
2023-03-29,2050,三花智控,SZ,25.65,26.8,25.44,26.08,29362161.0
2023-03-30,2050,三花智控,SZ,26.08,26.15,25.66,26.03,17253429.0
2023-03-31,2050,三花智控,SZ,25.92,26.2,25.6,25.75,14688203.0
2023-04-03,2050,三花智控,SZ,25.7,25.73,25.01,25.2,23265234.0
2023-04-04,2050,三花智控,SZ,25.22,25.36,24.61,25.1,25613025.0
2023-04-06,2050,三花智控,SZ,24.9,25.36,24.86,25.29,14115171.0
2023-04-07,2050,三花智控,SZ,25.28,25.52,24.58,24.75,17092967.0
2023-04-10,2050,三花智控,SZ,25.0,25.47,23.94,24.36,25815890.0
2023-04-11,2050,三花智控,SZ,24.36,24.6,24.15,24.41,21813933.0
2023-04-12,2050,三花智控,SZ,24.5,24.73,23.85,24.23,20873473.0
2023-04-13,2050,三花智控,SZ,24.21,24.43,23.79,23.8,13923332.0
2023-04-14,2050,三花智控,SZ,23.8,24.4,23.75,24.09,16248207.0
2023-04-17,2050,三花智控,SZ,25.1,26.18,24.57,24.59,64111670.0
2023-04-18,2050,三花智控,SZ,24.58,24.96,24.25,24.38,26591312.0
2023-04-19,2050,三花智控,SZ,24.36,24.71,24.11,24.5,20079347.0
2023-04-20,2050,三花智控,SZ,24.19,24.39,23.02,23.49,38531711.0
2023-04-21,2050,三花智控,SZ,23.23,23.4,22.66,22.67,27869991.0
2023-04-24,2050,三花智控,SZ,22.7,23.11,22.33,22.78,19160236.0
2023-04-25,2050,三花智控,SZ,22.78,22.85,21.96,22.16,16573127.0
2023-04-26,2050,三花智控,SZ,22.09,23.76,22.01,23.47,31229687.0
2023-04-27,2050,三花智控,SZ,23.36,23.7,23.0,23.32,14576211.0
2023-04-28,2050,三花智控,SZ,23.45,23.67,22.84,23.34,15842674.0
2023-05-04,2050,三花智控,SZ,23.13,24.66,23.13,23.83,38276614.0
2023-05-05,2050,三花智控,SZ,23.8,23.93,23.13,23.29,24617490.0
2023-05-08,2050,三花智控,SZ,23.32,23.76,22.96,22.96,14646837.0
2023-05-09,2050,三花智控,SZ,23.11,23.11,22.42,22.63,14701632.0
2023-05-10,2050,三花智控,SZ,22.41,23.38,22.18,23.08,17763791.0
2023-05-11,2050,三花智控,SZ,22.84,24.1,22.8,23.42,22669143.0
2023-05-12,2050,三花智控,SZ,23.5,23.8,23.2,23.2,10346149.0
2023-05-15,2050,三花智控,SZ,23.2,24.04,22.91,23.81,14380633.0
2023-05-16,2050,三花智控,SZ,24.08,24.2,23.7,23.91,9217869.0
2023-05-17,2050,三花智控,SZ,24.0,24.5,23.94,24.5,18754747.0
2023-05-18,2050,三花智控,SZ,25.18,26.17,25.1,25.63,55033867.0
2023-05-19,2050,三花智控,SZ,25.85,26.26,25.4,25.55,40397041.0
2023-05-22,2050,三花智控,SZ,25.49,25.88,25.12,25.78,26807506.0
2023-05-23,2050,三花智控,SZ,25.72,26.05,25.33,25.51,24101512.0
2023-05-24,2050,三花智控,SZ,25.35,25.52,25.02,25.06,15104733.0
2023-05-25,2050,三花智控,SZ,24.99,25.83,24.55,25.77,22800630.0
2023-05-26,2050,三花智控,SZ,25.7,26.55,25.23,26.18,20504793.0
2023-05-29,2050,三花智控,SZ,26.05,26.15,25.0,25.55,18250305.0
2023-05-30,2050,三花智控,SZ,25.56,26.22,25.14,25.4,14874802.0
2023-05-31,2050,三花智控,SZ,25.65,26.0,24.9,25.99,41425606.0
2023-06-01,2050,三花智控,SZ,25.55,25.56,24.68,25.12,30782421.0
2023-06-02,2050,三花智控,SZ,25.15,25.72,24.9,25.35,21735007.0
2023-06-05,2050,三花智控,SZ,25.52,26.3,25.05,25.77,23222925.0
2023-06-06,2050,三花智控,SZ,25.77,25.89,24.8,24.87,18650732.0
2023-06-07,2050,三花智控,SZ,24.87,25.01,24.45,24.64,18231744.0
2023-06-08,2050,三花智控,SZ,24.55,24.73,24.14,24.4,13264835.0
2023-06-09,2050,三花智控,SZ,24.41,24.91,24.11,24.2,19210157.0
2023-06-12,2050,三花智控,SZ,24.13,26.62,24.06,26.62,83204441.0
2023-06-13,2050,三花智控,SZ,26.9,27.91,26.65,27.36,85322105.0
2023-06-14,2050,三花智控,SZ,27.26,27.75,27.04,27.28,41882879.0
2023-06-15,2050,三花智控,SZ,27.32,29.68,27.29,29.0,85544071.0
2023-06-16,2050,三花智控,SZ,29.0,29.7,28.71,29.38,47533471.0
2023-06-19,2050,三花智控,SZ,29.0,31.01,29.0,30.31,59616202.0
2023-06-20,2050,三花智控,SZ,29.79,33.0,29.68,31.49,67947106.0
2023-06-21,2050,三花智控,SZ,31.42,32.12,30.55,30.94,49650893.0
2023-06-26,2050,三花智控,SZ,30.7,31.38,29.14,29.58,86486914.0
2023-06-27,2050,三花智控,SZ,29.75,30.13,28.71,29.8,42685379.0
2023-06-28,2050,三花智控,SZ,29.65,30.17,28.93,29.8,35966102.0
2023-06-29,2050,三花智控,SZ,29.78,31.12,29.66,30.7,68407440.0
2023-06-30,2050,三花智控,SZ,30.5,30.6,29.76,30.26,40326299.0
2023-07-03,2050,三花智控,SZ,29.91,30.65,29.0,29.2,69259259.0
2023-07-04,2050,三花智控,SZ,29.26,30.1,29.0,29.73,52909164.0
2023-07-05,2050,三花智控,SZ,29.61,29.9,28.98,29.1,50451629.0
2023-07-06,2050,三花智控,SZ,28.99,29.33,28.6,28.82,40530382.0
2023-07-07,2050,三花智控,SZ,28.99,29.05,28.02,28.17,43499399.0
2023-07-10,2050,三花智控,SZ,28.0,28.22,27.0,27.1,62978814.0
2023-07-11,2050,三花智控,SZ,27.32,28.16,26.93,28.06,62588809.0
2023-07-12,2050,三花智控,SZ,28.0,28.54,27.69,27.79,32603012.0
2023-07-13,2050,三花智控,SZ,27.79,28.06,27.33,27.81,38038975.0
2023-07-14,2050,三花智控,SZ,27.78,28.55,27.76,27.91,46281731.0
2023-07-17,2050,三花智控,SZ,27.84,28.2,27.26,27.62,23498825.0
2023-07-18,2050,三花智控,SZ,27.4,28.36,27.24,27.93,44849147.0
2023-07-19,2050,三花智控,SZ,27.93,28.4,27.75,28.07,24844520.0
2023-07-20,2050,三花智控,SZ,28.06,28.21,27.3,27.42,38327121.0
2023-07-21,2050,三花智控,SZ,27.19,27.5,26.76,26.88,29725959.0
2023-07-24,2050,三花智控,SZ,27.0,27.46,26.64,27.06,19912206.0
2023-07-25,2050,三花智控,SZ,27.5,28.16,27.11,28.04,46110391.0
2023-07-26,2050,三花智控,SZ,28.04,28.04,26.7,26.86,40607241.0
2023-07-27,2050,三花智控,SZ,27.1,27.57,27.1,27.24,28764121.0
2023-07-28,2050,三花智控,SZ,27.24,27.24,26.47,26.83,36008624.0
2023-07-31,2050,三花智控,SZ,26.88,28.29,26.87,27.85,39551698.0
2023-08-01,2050,三花智控,SZ,27.98,28.1,27.42,27.84,20711931.0
2023-08-02,2050,三花智控,SZ,27.85,28.5,27.71,27.98,37692882.0
2023-08-03,2050,三花智控,SZ,27.88,28.46,27.48,28.11,24481914.0
2023-08-04,2050,三花智控,SZ,27.86,28.9,27.6,28.7,42069717.0
2023-08-07,2050,三花智控,SZ,28.65,29.1,28.5,28.75,30677084.0
2023-08-08,2050,三花智控,SZ,28.56,29.4,28.51,29.13,24654786.0
2023-08-09,2050,三花智控,SZ,28.88,28.99,28.2,28.4,18450126.0
2023-08-10,2050,三花智控,SZ,28.28,28.35,27.98,28.3,11926759.0
2023-08-11,2050,三花智控,SZ,28.48,28.55,27.58,27.6,11306852.0
2023-08-14,2050,三花智控,SZ,27.3,27.8,26.68,27.71,20510087.0
2023-08-15,2050,三花智控,SZ,27.89,27.95,27.05,27.31,16000307.0
2023-08-16,2050,三花智控,SZ,27.29,27.75,26.78,26.92,18470938.0
2023-08-17,2050,三花智控,SZ,26.85,27.59,26.31,27.17,23071373.0
2023-08-18,2050,三花智控,SZ,27.2,27.2,26.2,26.5,21645119.0
2023-08-21,2050,三花智控,SZ,26.42,26.78,25.88,26.5,21916906.0
2023-08-22,2050,三花智控,SZ,26.84,27.6,26.7,27.53,30659985.0
2023-08-23,2050,三花智控,SZ,27.7,28.14,27.25,27.36,24507264.0
2023-08-24,2050,三花智控,SZ,27.39,28.18,27.15,27.85,20497224.0
2023-08-25,2050,三花智控,SZ,27.82,27.89,26.88,27.68,15403445.0
2023-08-28,2050,三花智控,SZ,29.1,29.6,27.8,28.17,28183697.0
2023-08-29,2050,三花智控,SZ,27.92,30.99,27.92,30.11,61834356.0
2023-08-30,2050,三花智控,SZ,30.0,30.93,29.87,30.01,40250075.0
2023-08-31,2050,三花智控,SZ,29.86,30.3,29.43,29.7,28994119.0
2023-09-01,2050,三花智控,SZ,29.55,29.8,28.7,29.78,32711713.0
2023-09-04,2050,三花智控,SZ,29.65,29.69,28.02,28.53,51082386.0
2023-09-05,2050,三花智控,SZ,28.55,29.17,28.54,28.7,29418300.0
2023-09-06,2050,三花智控,SZ,28.4,28.7,28.22,28.59,16713983.0
2023-09-07,2050,三花智控,SZ,28.56,28.6,28.16,28.21,12873316.0
2023-09-08,2050,三花智控,SZ,28.2,29.24,28.09,28.59,18170334.0
2023-09-11,2050,三花智控,SZ,28.58,29.07,28.25,28.72,18856021.0
2023-09-12,2050,三花智控,SZ,29.29,29.55,28.41,29.15,23280183.0
2023-09-13,2050,三花智控,SZ,29.05,29.16,28.3,28.44,17957321.0
2023-09-14,2050,三花智控,SZ,28.34,28.62,27.8,27.94,15161463.0
2023-09-15,2050,三花智控,SZ,27.95,28.04,27.55,27.73,15058834.0
2023-09-18,2050,三花智控,SZ,27.63,28.68,27.46,28.25,19599672.0
2023-09-19,2050,三花智控,SZ,28.15,28.47,27.62,27.97,17059894.0
2023-09-20,2050,三花智控,SZ,27.97,28.06,27.43,27.6,18105311.0
2023-09-21,2050,三花智控,SZ,27.6,27.6,27.01,27.51,17061972.0
2023-09-22,2050,三花智控,SZ,27.63,27.89,27.05,27.51,33717517.0
2023-09-25,2050,三花智控,SZ,28.34,29.37,28.04,28.56,57573051.0
2023-09-26,2050,三花智控,SZ,28.75,29.17,28.1,29.01,24966738.0
2023-09-27,2050,三花智控,SZ,29.01,29.65,28.8,29.19,20695438.0
2023-09-28,2050,三花智控,SZ,29.39,29.87,29.15,29.7,22078671.0
2023-10-09,2050,三花智控,SZ,29.52,30.53,29.15,30.11,27511518.0
2023-10-10,2050,三花智控,SZ,30.02,30.08,29.13,29.23,25758161.0
2023-10-11,2050,三花智控,SZ,29.41,29.42,28.88,29.09,18292865.0
2023-10-12,2050,三花智控,SZ,29.21,29.27,28.62,28.7,14954648.0
2023-10-13,2050,三花智控,SZ,28.62,28.75,27.61,27.87,29424571.0
2023-10-16,2050,三花智控,SZ,27.71,28.26,27.18,27.81,21392260.0
2023-10-17,2050,三花智控,SZ,27.64,27.8,27.2,27.65,13385782.0
2023-10-18,2050,三花智控,SZ,27.52,27.92,27.4,27.73,15810315.0
2023-10-19,2050,三花智控,SZ,27.5,27.55,26.75,26.88,24036635.0
2023-10-20,2050,三花智控,SZ,26.82,26.87,26.3,26.39,13954132.0
2023-10-23,2050,三花智控,SZ,26.2,26.34,25.6,25.95,17287456.0
2023-10-24,2050,三花智控,SZ,25.78,27.4,25.77,26.54,29734295.0
2023-10-25,2050,三花智控,SZ,26.64,27.33,26.5,27.04,15879834.0
2023-10-26,2050,三花智控,SZ,26.89,27.58,26.68,27.55,18989754.0
2023-10-27,2050,三花智控,SZ,27.51,27.65,27.18,27.28,14061039.0
2023-10-30,2050,三花智控,SZ,27.27,27.49,26.8,27.25,24026019.0
2023-10-31,2050,三花智控,SZ,26.7,26.89,25.64,26.74,36383431.0
2023-11-01,2050,三花智控,SZ,26.74,27.29,26.43,26.86,15120559.0
2023-11-02,2050,三花智控,SZ,26.86,26.99,25.8,25.83,26932925.0
2023-11-03,2050,三花智控,SZ,26.43,27.02,26.03,26.5,33476968.0
2023-11-06,2050,三花智控,SZ,26.54,27.96,26.35,27.96,37056381.0
2023-11-07,2050,三花智控,SZ,27.96,28.57,27.72,28.21,21281846.0
2023-11-08,2050,三花智控,SZ,28.2,28.34,27.7,27.93,15644181.0
2023-11-09,2050,三花智控,SZ,27.93,27.93,27.16,27.83,21077215.0
2023-11-10,2050,三花智控,SZ,27.66,27.83,27.44,27.7,10912889.0
2023-11-13,2050,三花智控,SZ,27.7,28.25,27.7,27.86,15801010.0
2023-11-14,2050,三花智控,SZ,27.94,28.05,27.52,27.63,12208454.0
2023-11-15,2050,三花智控,SZ,27.86,29.05,27.8,28.63,31269271.0
2023-11-16,2050,三花智控,SZ,28.55,28.66,28.15,28.18,10377339.0
2023-11-17,2050,三花智控,SZ,28.11,29.4,28.04,29.31,26499977.0
2023-11-20,2050,三花智控,SZ,29.4,29.69,28.78,29.4,22169698.0
2023-11-21,2050,三花智控,SZ,29.2,29.39,28.32,28.4,32660457.0
2023-11-22,2050,三花智控,SZ,28.3,28.3,27.68,27.71,21236956.0
2023-11-23,2050,三花智控,SZ,27.67,28.9,27.62,28.49,30332287.0
2023-11-24,2050,三花智控,SZ,28.48,28.5,27.95,28.16,10271981.0
2023-11-27,2050,三花智控,SZ,28.11,28.23,27.53,28.08,11893149.0
2023-11-28,2050,三花智控,SZ,28.07,28.96,27.98,28.9,18385160.0
2023-11-29,2050,三花智控,SZ,28.86,29.16,28.7,28.93,12503543.0
2023-11-30,2050,三花智控,SZ,28.87,29.25,28.68,28.92,14960294.0
2023-12-01,2050,三花智控,SZ,28.82,28.86,28.11,28.49,15039845.0
2023-12-04,2050,三花智控,SZ,28.34,28.91,28.22,28.75,12900826.0
2023-12-05,2050,三花智控,SZ,28.63,28.68,27.8,27.81,17491537.0
2023-12-06,2050,三花智控,SZ,27.74,28.34,27.49,27.7,15275435.0
2023-12-07,2050,三花智控,SZ,27.69,28.42,27.6,28.23,13599779.0
2023-12-08,2050,三花智控,SZ,28.38,28.88,28.08,28.25,11741688.0
2023-12-11,2050,三花智控,SZ,28.3,29.5,27.98,29.4,26784772.0
2023-12-12,2050,三花智控,SZ,29.27,29.5,28.9,28.95,11233105.0
2023-12-13,2050,三花智控,SZ,28.88,30.74,28.07,29.51,46033958.0
2023-12-14,2050,三花智控,SZ,29.44,29.84,29.2,29.23,17905528.0
2023-12-15,2050,三花智控,SZ,29.37,29.83,28.97,29.04,19865620.0
2023-12-18,2050,三花智控,SZ,29.04,29.63,28.74,29.15,19584663.0
2023-12-19,2050,三花智控,SZ,29.15,29.66,28.86,29.44,16998300.0
2023-12-20,2050,三花智控,SZ,29.5,30.16,28.83,28.97,23040946.0
2023-12-21,2050,三花智控,SZ,28.98,29.06,28.38,28.56,21973453.0
2023-12-22,2050,三花智控,SZ,28.61,29.03,28.34,28.83,18771448.0
2023-12-25,2050,三花智控,SZ,28.69,29.35,28.61,29.08,15017978.0
2023-12-26,2050,三花智控,SZ,29.0,29.0,27.5,28.12,30904003.0
2023-12-27,2050,三花智控,SZ,28.18,28.85,28.0,28.4,20104040.0
2023-12-28,2050,三花智控,SZ,28.49,28.55,27.94,28.18,21635286.0
2023-12-29,2050,三花智控,SZ,28.19,29.45,28.11,29.4,35540946.0
2024-01-02,2050,三花智控,SZ,29.4,29.4,28.36,28.36,20374424.0
2024-01-03,2050,三花智控,SZ,28.34,28.34,26.5,26.62,55478176.0
2024-01-04,2050,三花智控,SZ,26.85,27.31,26.62,27.05,26686546.0
2024-01-05,2050,三花智控,SZ,27.14,27.88,26.82,27.0,28487438.0
2024-01-08,2050,三花智控,SZ,26.91,26.91,25.78,26.07,33883905.0
2024-01-09,2050,三花智控,SZ,26.15,26.81,25.91,26.28,17652558.0
2024-01-10,2050,三花智控,SZ,26.11,26.33,25.85,25.92,18972322.0
2024-01-11,2050,三花智控,SZ,25.9,25.92,24.83,25.81,33470332.0
2024-01-12,2050,三花智控,SZ,25.7,26.09,25.47,25.53,26625592.0
2024-01-15,2050,三花智控,SZ,25.5,25.61,24.95,25.57,24297811.0
2024-01-16,2050,三花智控,SZ,25.54,26.05,25.1,25.47,25434835.0
2024-01-17,2050,三花智控,SZ,25.35,25.35,24.2,24.2,38984648.0
2024-01-18,2050,三花智控,SZ,24.0,24.52,23.59,24.47,38859434.0
2024-01-19,2050,三花智控,SZ,24.48,24.75,23.88,24.11,21700465.0
2024-01-22,2050,三花智控,SZ,24.03,24.11,22.88,23.11,33137425.0
2024-01-23,2050,三花智控,SZ,23.06,23.56,22.82,23.26,24959598.0
2024-01-24,2050,三花智控,SZ,23.28,23.46,22.23,23.15,41013511.0
2024-01-25,2050,三花智控,SZ,23.0,23.0,21.38,22.23,72788726.0
2024-01-26,2050,三花智控,SZ,21.79,21.79,20.97,21.32,56378250.0
2024-01-29,2050,三花智控,SZ,21.25,21.28,20.67,20.81,35262567.0
2024-01-30,2050,三花智控,SZ,20.96,21.81,20.61,20.61,41167171.0
2024-01-31,2050,三花智控,SZ,20.61,21.7,20.6,21.0,56312288.0
2024-02-01,2050,三花智控,SZ,20.93,22.0,20.72,21.6,42114552.0
2024-02-02,2050,三花智控,SZ,21.6,21.69,20.48,21.1,43200101.0
2024-02-05,2050,三花智控,SZ,20.67,20.99,19.77,20.3,57313676.0
2024-02-06,2050,三花智控,SZ,20.29,22.08,20.09,21.95,47343760.0
2024-02-07,2050,三花智控,SZ,22.0,22.92,21.61,22.69,58726830.0
2024-02-08,2050,三花智控,SZ,22.6,23.42,22.39,23.4,44785051.0
2024-02-19,2050,三花智控,SZ,23.45,23.5,21.58,22.1,61649140.0
2024-02-20,2050,三花智控,SZ,21.78,22.39,20.15,22.35,105207308.0
2024-02-21,2050,三花智控,SZ,21.85,24.14,21.71,23.33,112823484.0
2024-02-22,2050,三花智控,SZ,22.99,23.4,22.75,23.4,48205954.0
2024-02-23,2050,三花智控,SZ,23.4,25.2,23.37,24.95,77344523.0
2024-02-26,2050,三花智控,SZ,25.89,26.17,24.9,25.15,81616598.0
2024-02-27,2050,三花智控,SZ,25.0,25.82,24.52,25.6,53500912.0
2024-02-28,2050,三花智控,SZ,25.58,25.63,24.25,24.25,54309537.0
2024-02-29,2050,三花智控,SZ,23.98,24.96,23.88,24.92,36222103.0
2024-03-01,2050,三花智控,SZ,24.87,25.38,24.47,25.24,37765049.0
2024-03-04,2050,三花智控,SZ,25.02,26.0,24.78,26.0,45261802.0
2024-03-05,2050,三花智控,SZ,25.5,25.6,24.42,24.96,51425396.0
2024-03-06,2050,三花智控,SZ,24.67,25.35,24.52,24.93,31077104.0
2024-03-07,2050,三花智控,SZ,25.38,25.48,24.18,24.26,34984458.0
2024-03-08,2050,三花智控,SZ,24.2,24.74,23.92,24.71,26101905.0
2024-03-11,2050,三花智控,SZ,24.71,25.28,24.4,25.25,42772640.0
2024-03-12,2050,三花智控,SZ,25.25,26.07,25.08,25.51,52438369.0
2024-03-13,2050,三花智控,SZ,25.42,25.8,25.17,25.52,35005349.0
2024-03-14,2050,三花智控,SZ,25.85,26.34,24.86,25.23,52613186.0
2024-03-15,2050,三花智控,SZ,25.26,25.6,25.0,25.59,28630849.0
2024-03-18,2050,三花智控,SZ,25.6,25.72,25.21,25.63,36138423.0
2024-03-19,2050,三花智控,SZ,25.62,25.75,25.18,25.21,28909385.0
2024-03-20,2050,三花智控,SZ,25.21,25.29,24.4,24.72,37847080.0
2024-03-21,2050,三花智控,SZ,24.7,24.71,24.28,24.53,25409087.0
2024-03-22,2050,三花智控,SZ,24.34,24.67,24.01,24.54,38147396.0
2024-03-25,2050,三花智控,SZ,24.4,25.32,24.21,24.42,48181479.0
2024-03-26,2050,三花智控,SZ,24.42,24.52,23.7,24.11,38946510.0
2024-03-27,2050,三花智控,SZ,24.13,24.17,23.16,23.16,28707903.0
2024-03-28,2050,三花智控,SZ,23.13,24.35,23.1,24.01,37931271.0
2024-03-29,2050,三花智控,SZ,24.08,24.16,23.3,23.73,21732832.0
2024-04-01,2050,三花智控,SZ,23.8,24.5,23.6,24.19,21884299.0
2024-04-02,2050,三花智控,SZ,24.09,24.19,23.17,23.4,36400543.0
2024-04-03,2050,三花智控,SZ,23.25,23.25,22.08,22.31,68115102.0
2024-04-08,2050,三花智控,SZ,22.26,22.43,21.7,21.75,36417075.0
2024-04-09,2050,三花智控,SZ,21.75,22.08,21.45,21.88,34470943.0
2024-04-10,2050,三花智控,SZ,21.89,21.98,21.32,21.44,36948074.0
2024-04-11,2050,三花智控,SZ,21.34,21.67,21.03,21.21,34929937.0
2024-04-12,2050,三花智控,SZ,21.21,21.4,20.81,20.87,32374466.0
2024-04-15,2050,三花智控,SZ,20.75,21.68,20.71,21.5,47503123.0
2024-04-16,2050,三花智控,SZ,21.56,21.56,20.74,20.78,43046951.0
2024-04-17,2050,三花智控,SZ,20.86,21.46,20.6,20.9,72758664.0
2024-04-18,2050,三花智控,SZ,20.85,22.05,20.35,21.65,86845241.0
2024-04-19,2050,三花智控,SZ,21.43,21.45,20.69,20.82,50266412.0
2024-04-22,2050,三花智控,SZ,20.53,20.88,20.21,20.39,51187573.0
2024-04-23,2050,三花智控,SZ,20.01,21.27,20.01,21.06,56779716.0
2024-04-24,2050,三花智控,SZ,21.8,22.47,21.75,21.94,85747750.0
2024-04-25,2050,三花智控,SZ,21.84,22.1,21.5,21.84,35807800.0
2024-04-26,2050,三花智控,SZ,21.75,22.28,21.7,22.16,43370726.0
2024-04-29,2050,三花智控,SZ,22.66,23.04,22.08,22.67,74986936.0
2024-04-30,2050,三花智控,SZ,22.22,22.79,21.61,21.91,71306270.0
2024-05-06,2050,三花智控,SZ,22.35,22.86,22.29,22.58,66686755.0
2024-05-07,2050,三花智控,SZ,22.6,22.67,22.26,22.41,38156768.0
2024-05-08,2050,三花智控,SZ,22.41,22.43,21.87,21.87,29327800.0
2024-05-09,2050,三花智控,SZ,21.8,22.33,21.75,22.13,30015349.0
2024-05-10,2050,三花智控,SZ,22.15,22.19,21.48,21.57,42347491.0
2024-05-13,2050,三花智控,SZ,21.38,21.57,20.94,21.15,39189399.0
2024-05-14,2050,三花智控,SZ,21.35,21.62,21.25,21.43,30492640.0
2024-05-15,2050,三花智控,SZ,21.35,22.13,21.12,21.8,39862284.0
2024-05-16,2050,三花智控,SZ,21.85,22.01,21.41,21.69,35092667.0
2024-05-17,2050,三花智控,SZ,21.67,22.74,21.52,22.68,69518794.0
2024-05-20,2050,三花智控,SZ,22.59,22.9,22.18,22.4,44738450.0
2024-05-21,2050,三花智控,SZ,22.3,22.3,21.75,21.89,37451624.0
2024-05-22,2050,三花智控,SZ,21.85,22.68,21.85,22.43,48770196.0
2024-05-23,2050,三花智控,SZ,22.35,22.74,22.18,22.22,30516166.0
2024-05-24,2050,三花智控,SZ,22.04,22.1,21.31,21.33,43493123.0
2024-05-27,2050,三花智控,SZ,21.44,21.6,21.0,21.57,27334373.0
2024-05-28,2050,三花智控,SZ,21.45,21.89,21.24,21.64,24230738.0
2024-05-29,2050,三花智控,SZ,21.54,21.88,21.34,21.59,27136519.0
2024-05-30,2050,三花智控,SZ,21.51,22.05,21.31,21.9,36231847.0
2024-05-31,2050,三花智控,SZ,22.08,23.7,22.0,23.02,93837232.0
2024-06-03,2050,三花智控,SZ,23.4,23.82,23.16,23.44,71781810.0
2024-06-04,2050,三花智控,SZ,23.5,23.89,23.26,23.71,54104115.0
2024-06-05,2050,三花智控,SZ,23.9,24.72,23.87,24.42,64812488.0
2024-06-06,2050,三花智控,SZ,24.36,24.5,23.7,23.91,56808657.0
2024-06-07,2050,三花智控,SZ,23.92,24.1,23.32,23.51,40462064.0
2024-06-11,2050,三花智控,SZ,23.18,23.56,23.05,23.37,29185688.0
2024-06-12,2050,三花智控,SZ,23.19,24.18,23.07,23.8,46428854.0
2024-06-13,2050,三花智控,SZ,23.6,24.7,23.31,24.54,68269215.0
2024-06-14,2050,三花智控,SZ,23.95,23.95,22.79,22.97,81394159.0
2024-06-17,2050,三花智控,SZ,22.79,23.12,22.6,23.02,46231890.0
2024-06-18,2050,三花智控,SZ,23.1,23.65,23.09,23.37,39907612.0
2024-06-19,2050,三花智控,SZ,23.4,23.4,22.4,22.51,42246268.0
2024-06-20,2050,三花智控,SZ,22.31,22.4,21.71,21.8,37544961.0
2024-06-21,2050,三花智控,SZ,21.67,21.84,21.17,21.7,57779048.0
2024-06-24,2050,三花智控,SZ,21.5,21.62,20.82,20.89,43911230.0
2024-06-25,2050,三花智控,SZ,20.89,21.08,20.3,20.47,44098076.0
2024-06-26,2050,三花智控,SZ,20.4,20.67,20.05,20.6,44264512.0
2024-06-27,2050,三花智控,SZ,20.48,20.48,19.56,19.56,64486345.0
2024-06-28,2050,三花智控,SZ,19.18,19.58,18.94,19.08,55472544.0
2024-07-01,2050,三花智控,SZ,19.09,19.2,18.34,18.64,58419970.0
2024-07-02,2050,三花智控,SZ,19.68,20.02,19.31,19.39,91302167.0
2024-07-03,2050,三花智控,SZ,20.08,20.35,19.09,19.12,85460081.0
2024-07-04,2050,三花智控,SZ,19.55,20.73,19.47,20.18,134067375.0
2024-07-05,2050,三花智控,SZ,19.55,19.8,18.88,19.18,99749123.0
2024-07-08,2050,三花智控,SZ,18.9,18.93,18.16,18.29,62672894.0
2024-07-09,2050,三花智控,SZ,18.18,19.33,17.85,19.2,79254636.0
2024-07-10,2050,三花智控,SZ,19.06,20.02,19.0,19.4,74479600.0
2024-07-11,2050,三花智控,SZ,19.6,19.95,19.33,19.78,56980621.0
2024-07-12,2050,三花智控,SZ,19.49,19.5,18.94,19.05,54584229.0
2024-07-15,2050,三花智控,SZ,19.01,19.18,18.7,19.0,35656552.0
2024-07-16,2050,三花智控,SZ,18.85,19.2,18.8,19.2,30432765.0
2024-07-17,2050,三花智控,SZ,19.2,19.2,18.83,18.95,26989083.0
2024-07-18,2050,三花智控,SZ,18.78,19.24,18.6,19.08,33824059.0
2024-07-19,2050,三花智控,SZ,18.99,19.45,18.91,19.2,38340910.0
2024-07-22,2050,三花智控,SZ,19.06,19.2,18.92,19.01,30817042.0
2024-07-23,2050,三花智控,SZ,19.59,19.7,18.63,18.63,44527892.0
2024-07-24,2050,三花智控,SZ,18.15,18.53,17.53,17.58,60446621.0
2024-07-25,2050,三花智控,SZ,17.26,17.48,17.04,17.28,40732799.0
2024-07-26,2050,三花智控,SZ,17.41,18.49,17.35,18.08,54622338.0
2024-07-29,2050,三花智控,SZ,18.01,18.07,17.37,17.57,42382205.0
2024-07-30,2050,三花智控,SZ,17.45,18.4,17.33,17.98,59942674.0
2024-07-31,2050,三花智控,SZ,17.71,18.75,17.54,18.42,86173502.0
2024-08-01,2050,三花智控,SZ,18.43,18.63,17.85,17.87,77308762.0
2024-08-02,2050,三花智控,SZ,17.52,17.86,17.33,17.39,47405312.0
2024-08-05,2050,三花智控,SZ,17.23,17.88,17.14,17.17,50367350.0
2024-08-06,2050,三花智控,SZ,17.32,17.51,17.02,17.28,41320818.0
2024-08-07,2050,三花智控,SZ,17.2,17.43,17.02,17.38,35277013.0
2024-08-08,2050,三花智控,SZ,17.22,17.28,16.9,17.05,38474251.0
2024-08-09,2050,三花智控,SZ,17.15,17.44,16.91,16.91,30949447.0
2024-08-12,2050,三花智控,SZ,16.8,16.85,16.33,16.44,42711662.0
2024-08-13,2050,三花智控,SZ,16.44,16.56,16.18,16.34,41377817.0
2024-08-14,2050,三花智控,SZ,16.38,16.41,15.97,16.01,35548881.0
2024-08-15,2050,三花智控,SZ,15.98,16.79,15.93,16.58,67910118.0
2024-08-16,2050,三花智控,SZ,16.57,16.73,16.35,16.5,25024753.0
2024-08-19,2050,三花智控,SZ,16.6,16.8,16.51,16.54,25489800.0
2024-08-20,2050,三花智控,SZ,16.5,16.54,16.14,16.23,24357186.0
2024-08-21,2050,三花智控,SZ,16.15,16.73,16.11,16.57,38905114.0
2024-08-22,2050,三花智控,SZ,16.57,16.58,16.19,16.24,25253990.0
2024-08-23,2050,三花智控,SZ,16.23,16.56,16.18,16.4,21067434.0
2024-08-26,2050,三花智控,SZ,16.43,16.64,16.2,16.32,27108780.0
2024-08-27,2050,三花智控,SZ,16.2,16.22,15.66,15.69,37082151.0
2024-08-28,2050,三花智控,SZ,15.66,16.22,15.66,16.11,35296548.0
2024-08-29,2050,三花智控,SZ,16.01,17.19,15.93,17.07,67241028.0
2024-08-30,2050,三花智控,SZ,16.97,17.72,16.89,17.34,71576963.0
2024-09-02,2050,三花智控,SZ,17.37,17.57,16.75,16.75,45277688.0
2024-09-03,2050,三花智控,SZ,16.86,17.42,16.65,17.38,47547679.0
2024-09-04,2050,三花智控,SZ,17.2,17.83,17.08,17.45,41776895.0
2024-09-05,2050,三花智控,SZ,17.48,18.25,17.48,17.94,56526335.0
2024-09-06,2050,三花智控,SZ,17.9,18.17,17.62,17.68,33123966.0
2024-09-09,2050,三花智控,SZ,17.46,18.14,17.35,17.87,46787437.0
2024-09-10,2050,三花智控,SZ,17.94,18.0,17.61,17.75,29906085.0
2024-09-11,2050,三花智控,SZ,17.74,18.3,17.56,18.21,44809838.0
2024-09-12,2050,三花智控,SZ,18.32,18.5,17.61,17.67,38840118.0
2024-09-13,2050,三花智控,SZ,17.65,17.91,17.48,17.48,24917954.0
2024-09-18,2050,三花智控,SZ,17.4,17.67,17.23,17.5,29047520.0
2024-09-19,2050,三花智控,SZ,17.56,18.02,17.28,17.69,54928617.0
2024-09-20,2050,三花智控,SZ,17.7,18.26,17.66,17.9,58605734.0
2024-09-23,2050,三花智控,SZ,17.87,18.05,17.42,17.56,36437670.0
2024-09-24,2050,三花智控,SZ,17.68,18.7,17.32,18.54,76858663.0
2024-09-25,2050,三花智控,SZ,18.66,19.35,18.65,18.71,75946832.0
2024-09-26,2050,三花智控,SZ,18.76,19.75,18.76,19.7,96471112.0
2024-09-27,2050,三花智控,SZ,20.05,21.67,19.95,21.67,111667502.0
2024-09-30,2050,三花智控,SZ,22.6,23.83,21.9,23.83,112443557.0
2024-10-08,2050,三花智控,SZ,26.21,26.21,23.99,25.36,146053688.0
2024-10-09,2050,三花智控,SZ,24.25,26.51,23.58,24.6,140056240.0
2024-10-10,2050,三花智控,SZ,24.61,25.4,23.5,23.56,125987214.0
2024-10-11,2050,三花智控,SZ,23.41,23.5,21.68,22.02,115041937.0
2024-10-14,2050,三花智控,SZ,21.69,22.2,20.71,21.82,118206116.0
2024-10-15,2050,三花智控,SZ,21.83,22.0,21.28,21.31,66873158.0
2024-10-16,2050,三花智控,SZ,20.8,21.1,20.41,20.82,71132657.0
2024-10-17,2050,三花智控,SZ,20.85,21.64,20.83,21.08,72985663.0
2024-10-18,2050,三花智控,SZ,21.1,23.05,20.9,22.45,105674823.0
2024-10-21,2050,三花智控,SZ,22.9,22.96,21.75,21.9,103171742.0
2024-10-22,2050,三花智控,SZ,21.9,23.7,21.83,23.27,103057421.0
2024-10-23,2050,三花智控,SZ,23.18,23.33,22.5,22.85,70899526.0
2024-10-24,2050,三花智控,SZ,23.85,24.47,22.82,22.88,84833094.0
2024-10-25,2050,三花智控,SZ,23.7,23.7,22.81,23.06,67936586.0
2024-10-28,2050,三花智控,SZ,22.85,23.38,22.66,23.26,43519499.0
2024-10-29,2050,三花智控,SZ,23.19,23.57,22.8,22.9,44422660.0
2024-10-30,2050,三花智控,SZ,22.7,23.39,22.41,22.64,44051377.0
2024-10-31,2050,三花智控,SZ,22.16,22.35,21.43,21.88,94078734.0
2024-11-01,2050,三花智控,SZ,21.73,22.1,21.38,21.53,45756122.0
2024-11-04,2050,三花智控,SZ,22.0,23.29,22.0,22.8,83586224.0
2024-11-05,2050,三花智控,SZ,22.91,23.2,22.01,22.95,87901367.0
2024-11-06,2050,三花智控,SZ,22.99,25.25,22.99,24.6,188942664.0
2024-11-07,2050,三花智控,SZ,25.1,25.77,24.43,25.08,179066338.0
2024-11-08,2050,三花智控,SZ,24.58,26.51,24.55,25.08,155692182.0
2024-11-11,2050,三花智控,SZ,25.12,27.59,24.81,27.48,169074114.0
2024-11-12,2050,三花智控,SZ,27.6,28.43,26.49,26.91,153272320.0
2024-11-13,2050,三花智控,SZ,26.36,26.49,24.85,25.48,139446380.0
2024-11-14,2050,三花智控,SZ,25.5,26.0,25.01,25.09,81219602.0
2024-11-15,2050,三花智控,SZ,24.72,24.9,23.75,23.82,95882723.0
2024-11-18,2050,三花智控,SZ,23.96,24.09,23.25,23.42,66469329.0
2024-11-19,2050,三花智控,SZ,23.75,24.8,23.69,24.73,87486719.0
2024-11-20,2050,三花智控,SZ,24.67,25.48,24.49,24.98,78493310.0
2024-11-21,2050,三花智控,SZ,24.8,24.93,24.34,24.6,50077713.0
2024-11-22,2050,三花智控,SZ,24.6,24.78,23.73,23.79,64791382.0
2024-11-25,2050,三花智控,SZ,23.69,23.93,22.07,22.69,121607262.0
2024-11-26,2050,三花智控,SZ,22.55,22.77,22.0,22.07,60644323.0
2024-11-27,2050,三花智控,SZ,22.05,22.51,21.56,22.5,64763857.0
2024-11-28,2050,三花智控,SZ,22.5,22.58,22.03,22.12,43528453.0
2024-11-29,2050,三花智控,SZ,22.0,23.53,22.0,23.2,94362417.0
2024-12-02,2050,三花智控,SZ,23.47,24.97,23.2,24.49,112401852.0
2024-12-03,2050,三花智控,SZ,24.49,24.59,23.91,24.15,65885848.0
2024-12-04,2050,三花智控,SZ,24.0,25.55,23.8,24.8,105976428.0
2024-12-05,2050,三花智控,SZ,24.44,25.38,24.29,24.7,95673470.0
2024-12-06,2050,三花智控,SZ,24.88,25.15,23.97,24.86,81804226.0
2024-12-09,2050,三花智控,SZ,24.76,26.0,24.68,25.48,113084076.0
2024-12-10,2050,三花智控,SZ,26.38,26.39,25.13,25.22,108697694.0
2024-12-11,2050,三花智控,SZ,25.05,25.2,24.48,24.98,80565492.0
2024-12-12,2050,三花智控,SZ,24.96,25.6,24.8,25.12,60971350.0
2024-12-13,2050,三花智控,SZ,24.95,25.08,24.09,24.16,70799113.0
2024-12-16,2050,三花智控,SZ,24.0,24.25,23.56,23.77,49729823.0
2024-12-17,2050,三花智控,SZ,23.68,24.32,23.58,23.65,45234148.0
2024-12-18,2050,三花智控,SZ,23.7,23.87,23.41,23.56,37844003.0
2024-12-19,2050,三花智控,SZ,23.3,24.39,23.23,24.14,53492991.0
2024-12-20,2050,三花智控,SZ,24.08,24.36,23.75,23.83,49678389.0
2024-12-23,2050,三花智控,SZ,23.77,24.18,23.0,23.07,57152227.0
2024-12-24,2050,三花智控,SZ,23.2,23.4,22.96,23.25,34581201.0
2024-12-25,2050,三花智控,SZ,23.3,23.49,23.11,23.19,32820417.0
2024-12-26,2050,三花智控,SZ,23.15,25.15,22.97,25.0,111739587.0
2024-12-27,2050,三花智控,SZ,24.99,25.0,24.4,24.57,57393961.0
2024-12-30,2050,三花智控,SZ,24.5,24.64,24.0,24.19,50582342.0
2024-12-31,2050,三花智控,SZ,24.31,24.44,23.49,23.51,45863212.0
2025-01-02,2050,三花智控,SZ,23.46,23.51,22.63,22.84,53491647.0
2025-01-03,2050,三花智控,SZ,22.79,22.9,21.89,21.97,59520161.0
2025-01-06,2050,三花智控,SZ,22.1,22.42,21.89,22.06,35540719.0
2025-01-07,2050,三花智控,SZ,22.1,22.87,21.8,22.56,41606144.0
2025-01-08,2050,三花智控,SZ,22.43,23.05,21.97,22.8,46615874.0
2025-01-09,2050,三花智控,SZ,22.67,25.08,22.61,25.08,131816525.0
2025-01-10,2050,三花智控,SZ,25.66,27.59,25.66,26.7,339090074.0
2025-01-13,2050,三花智控,SZ,27.2,27.71,25.76,26.0,261213949.0
2025-01-14,2050,三花智控,SZ,26.3,28.6,25.75,28.6,181407227.0
2025-01-15,2050,三花智控,SZ,29.45,29.95,28.55,29.22,293754216.0
2025-01-16,2050,三花智控,SZ,29.0,29.67,27.68,28.2,242271882.0
2025-01-17,2050,三花智控,SZ,28.0,29.25,27.52,28.44,174176434.0
2025-01-20,2050,三花智控,SZ,28.82,29.08,28.2,28.59,149157419.0
2025-01-21,2050,三花智控,SZ,28.61,31.22,28.3,30.38,257334231.0
2025-01-22,2050,三花智控,SZ,30.0,30.63,29.65,30.2,165523544.0
2025-01-23,2050,三花智控,SZ,30.4,31.36,29.42,29.78,153792824.0
2025-01-24,2050,三花智控,SZ,29.5,32.06,29.42,31.53,171869425.0
2025-01-27,2050,三花智控,SZ,31.13,31.41,30.3,30.57,104577944.0
2025-02-05,2050,三花智控,SZ,31.44,33.59,30.87,32.56,167300241.0
2025-02-06,2050,三花智控,SZ,32.5,35.82,32.29,35.22,201404591.0
2025-02-07,2050,三花智控,SZ,34.48,36.96,34.12,35.32,219526940.0
2025-02-10,2050,三花智控,SZ,34.87,35.1,33.47,34.14,187592087.0
2025-02-11,2050,三花智控,SZ,33.78,35.1,33.54,33.9,141743981.0
2025-02-12,2050,三花智控,SZ,32.21,33.56,31.34,33.23,203806351.0
2025-02-13,2050,三花智控,SZ,33.0,33.62,32.24,32.4,144202201.0
2025-02-14,2050,三花智控,SZ,32.31,32.5,31.67,31.97,117358546.0
2025-02-17,2050,三花智控,SZ,32.05,33.4,32.05,33.37,181565285.0
2025-02-18,2050,三花智控,SZ,33.06,33.88,32.41,32.67,139640248.0
2025-02-19,2050,三花智控,SZ,32.45,34.98,32.31,34.59,202203385.0
2025-02-20,2050,三花智控,SZ,34.45,34.87,33.8,34.03,142369729.0
2025-02-21,2050,三花智控,SZ,33.74,35.18,33.65,34.35,152311291.0
2025-02-24,2050,三花智控,SZ,34.3,35.29,32.89,33.57,169342058.0
2025-02-25,2050,三花智控,SZ,32.8,34.5,32.6,34.0,145349119.0
2025-02-26,2050,三花智控,SZ,33.7,35.97,33.63,34.72,200846656.0
2025-02-27,2050,三花智控,SZ,34.24,34.46,31.51,32.42,227699796.0
2025-02-28,2050,三花智控,SZ,31.83,31.83,30.16,30.32,174893265.0
2025-03-03,2050,三花智控,SZ,30.5,31.1,29.62,30.52,121168366.0
2025-03-04,2050,三花智控,SZ,30.1,31.88,30.1,31.02,140039395.0
2025-03-05,2050,三花智控,SZ,31.0,31.75,30.8,31.25,84608056.0
2025-03-06,2050,三花智控,SZ,31.53,32.57,31.4,31.7,116634144.0
2025-03-07,2050,三花智控,SZ,31.55,32.12,31.07,31.7,101730547.0
2025-03-10,2050,三花智控,SZ,32.09,32.15,31.34,31.6,73954977.0
2025-03-11,2050,三花智控,SZ,30.49,31.12,30.09,30.49,122273965.0
2025-03-12,2050,三花智控,SZ,30.8,30.9,30.33,30.35,68664576.0
2025-03-13,2050,三花智控,SZ,30.45,30.55,29.19,29.47,94393763.0
2025-03-14,2050,三花智控,SZ,29.4,32.2,29.27,31.57,181614499.0
2025-03-17,2050,三花智控,SZ,31.2,31.48,30.58,31.31,86217750.0
2025-03-18,2050,三花智控,SZ,31.4,31.48,30.66,30.92,75067026.0
2025-03-19,2050,三花智控,SZ,30.82,30.87,30.09,30.32,74293975.0
2025-03-20,2050,三花智控,SZ,30.5,31.33,30.06,30.73,86181639.0
2025-03-21,2050,三花智控,SZ,30.45,30.73,29.4,29.48,99027936.0
2025-03-24,2050,三花智控,SZ,29.7,29.77,29.0,29.67,67362231.0
2025-03-25,2050,三花智控,SZ,30.03,30.25,29.1,29.22,53121147.0
2025-03-26,2050,三花智控,SZ,29.0,30.23,29.0,29.48,68992689.0
2025-03-27,2050,三花智控,SZ,29.31,31.1,29.03,30.29,154220628.0
2025-03-28,2050,三花智控,SZ,30.0,30.4,29.55,29.67,80130338.0
2025-03-31,2050,三花智控,SZ,29.45,29.55,28.37,28.83,96337648.0
2025-04-01,2050,三花智控,SZ,28.93,29.12,28.49,28.57,51530272.0
2025-04-02,2050,三花智控,SZ,28.67,29.16,28.47,28.84,55569109.0
2025-04-03,2050,三花智控,SZ,28.17,28.86,27.94,28.01,65663311.0
2025-04-07,2050,三花智控,SZ,25.21,25.74,25.21,25.21,45478600.0
2025-04-08,2050,三花智控,SZ,24.55,24.8,22.69,22.86,188600436.0
2025-04-09,2050,三花智控,SZ,22.06,23.68,21.26,23.15,160444591.0
2025-04-10,2050,三花智控,SZ,24.98,25.45,24.33,24.4,144163181.0
2025-04-11,2050,三花智控,SZ,23.98,25.35,23.8,25.05,95218580.0
2025-04-14,2050,三花智控,SZ,25.44,25.58,24.75,24.81,90016849.0
2025-04-15,2050,三花智控,SZ,25.05,25.8,24.6,24.75,71569069.0
2025-04-16,2050,三花智控,SZ,24.5,24.57,23.64,24.0,75746712.0
2025-04-17,2050,三花智控,SZ,23.95,24.38,23.8,23.98,39343352.0
2025-04-18,2050,三花智控,SZ,23.96,24.16,23.7,24.08,35116609.0
2025-04-21,2050,三花智控,SZ,24.01,26.09,23.77,25.72,111347740.0
2025-04-22,2050,三花智控,SZ,25.6,25.7,24.86,24.91,75855140.0
2025-04-23,2050,三花智控,SZ,25.65,26.16,25.51,25.83,115104798.0
2025-04-24,2050,三花智控,SZ,25.83,25.99,25.13,25.21,62348742.0
2025-04-25,2050,三花智控,SZ,25.31,25.95,25.3,25.45,60635891.0
2025-04-28,2050,三花智控,SZ,25.58,26.0,25.34,25.56,63928950.0
2025-04-29,2050,三花智控,SZ,25.56,26.29,25.4,26.04,83712999.0
2025-04-30,2050,三花智控,SZ,26.58,27.08,26.01,26.8,118508303.0
2025-05-06,2050,三花智控,SZ,27.0,27.54,26.87,27.32,98215352.0
2025-05-07,2050,三花智控,SZ,27.98,28.05,26.66,26.94,87558267.0
2025-05-08,2050,三花智控,SZ,26.89,27.33,26.79,27.05,57215064.0
2025-05-09,2050,三花智控,SZ,27.12,27.5,26.42,26.59,52922813.0
2025-05-12,2050,三花智控,SZ,27.39,28.1,27.35,27.9,108759124.0
2025-05-13,2050,三花智控,SZ,28.19,28.2,27.5,27.57,75351135.0
2025-05-14,2050,三花智控,SZ,27.5,27.95,27.16,27.56,64959339.0
2025-05-15,2050,三花智控,SZ,27.49,27.57,26.7,26.71,56097330.0
2025-05-16,2050,三花智控,SZ,26.58,27.4,26.52,27.0,55125416.0
2025-05-19,2050,三花智控,SZ,26.9,26.96,26.13,26.66,49075478.0
2025-05-20,2050,三花智控,SZ,26.54,26.97,26.27,26.69,46266679.0
2025-05-21,2050,三花智控,SZ,26.66,27.03,26.18,26.89,51720848.0
2025-05-22,2050,三花智控,SZ,26.5,26.64,26.29,26.32,36527815.0
2025-05-23,2050,三花智控,SZ,26.27,27.94,26.16,27.09,139018354.0
2025-05-26,2050,三花智控,SZ,26.9,27.08,26.3,26.54,81036426.0
2025-05-27,2050,三花智控,SZ,26.4,26.48,25.48,25.63,79912239.0
2025-05-28,2050,三花智控,SZ,25.68,26.19,25.5,25.72,41216518.0
2025-05-29,2050,三花智控,SZ,25.65,26.72,25.6,26.57,78284594.0
2025-05-30,2050,三花智控,SZ,26.34,26.39,25.64,25.85,57541080.0
2025-06-03,2050,三花智控,SZ,25.58,25.91,25.46,25.76,34339114.0
2025-06-04,2050,三花智控,SZ,25.83,26.48,25.74,26.18,42028850.0
2025-06-05,2050,三花智控,SZ,26.48,27.25,25.92,27.09,87676530.0
2025-06-06,2050,三花智控,SZ,26.54,26.6,25.88,26.15,94722468.0
2025-06-09,2050,三花智控,SZ,26.14,26.14,25.8,25.92,70982453.0
2025-06-10,2050,三花智控,SZ,26.02,26.1,25.55,25.93,47902340.0
2025-06-11,2050,三花智控,SZ,26.08,26.56,26.0,26.21,62037990.0
2025-06-12,2050,三花智控,SZ,26.12,26.19,25.83,25.88,43753830.0
2025-06-13,2050,三花智控,SZ,25.6,25.77,25.2,25.26,56478904.0
2025-06-16,2050,三花智控,SZ,25.15,25.41,25.08,25.38,29146595.0
2025-06-17,2050,三花智控,SZ,25.4,25.66,25.18,25.22,29844695.0
2025-06-18,2050,三花智控,SZ,25.14,25.58,25.02,25.48,36906093.0
2025-06-19,2050,三花智控,SZ,25.49,26.84,25.36,26.12,139518425.0
2025-06-20,2050,三花智控,SZ,25.8,25.85,24.74,24.95,107363001.0
2025-06-23,2050,三花智控,SZ,24.2,24.62,23.8,24.5,75751569.0
2025-06-24,2050,三花智控,SZ,24.8,25.72,24.79,25.7,106879371.0
2025-06-25,2050,三花智控,SZ,26.15,26.5,25.82,26.49,106861004.0
2025-06-26,2050,三花智控,SZ,26.48,26.67,26.1,26.12,82331306.0
2025-06-27,2050,三花智控,SZ,26.25,26.34,25.98,26.04,56288154.0
2025-06-30,2050,三花智控,SZ,26.16,26.45,26.05,26.38,50202317.0
2025-07-01,2050,三花智控,SZ,26.39,26.43,26.08,26.26,37875887.0
2025-07-02,2050,三花智控,SZ,26.03,26.11,25.7,25.76,44740948.0
2025-07-03,2050,三花智控,SZ,25.71,26.11,25.71,25.96,35592079.0
2025-07-04,2050,三花智控,SZ,25.87,25.99,25.52,25.67,46602659.0
2025-07-07,2050,三花智控,SZ,25.52,25.52,25.11,25.17,47653176.0
2025-07-08,2050,三花智控,SZ,25.17,25.51,25.06,25.47,36539759.0
2025-07-09,2050,三花智控,SZ,25.57,25.9,25.45,25.47,44247692.0
2025-07-10,2050,三花智控,SZ,25.36,25.62,25.25,25.42,31136002.0
2025-07-11,2050,三花智控,SZ,25.45,25.98,25.3,25.75,58237927.0
2025-07-14,2050,三花智控,SZ,25.7,26.08,25.56,25.87,58811926.0
2025-07-15,2050,三花智控,SZ,25.98,26.7,25.78,26.7,127074950.0
2025-07-16,2050,三花智控,SZ,26.6,28.17,26.57,27.53,160909210.0
2025-07-17,2050,三花智控,SZ,27.3,27.93,27.23,27.9,101938876.0
2025-07-18,2050,三花智控,SZ,27.9,27.91,27.47,27.68,65497014.0
2025-07-21,2050,三花智控,SZ,27.75,28.3,27.43,27.8,84578561.0
2025-07-22,2050,三花智控,SZ,27.57,27.95,27.31,27.62,71480018.0
2025-07-23,2050,三花智控,SZ,27.5,27.73,27.35,27.46,56587649.0
2025-07-24,2050,三花智控,SZ,27.28,27.91,27.28,27.79,63515046.0
2025-07-25,2050,三花智控,SZ,27.72,27.74,26.96,27.07,83042263.0
2025-07-28,2050,三花智控,SZ,27.48,27.87,27.21,27.34,65227066.0
2025-07-29,2050,三花智控,SZ,27.19,27.32,26.96,27.16,45817979.0
2025-07-30,2050,三花智控,SZ,27.1,27.11,26.49,26.62,56458442.0
2025-07-31,2050,三花智控,SZ,26.63,27.14,26.34,26.45,62574970.0
2025-08-01,2050,三花智控,SZ,26.46,26.85,26.12,26.31,50022547.0
2025-08-04,2050,三花智控,SZ,26.12,26.86,26.05,26.86,49813253.0
2025-08-05,2050,三花智控,SZ,26.9,27.0,26.64,26.92,49488296.0
2025-08-06,2050,三花智控,SZ,26.97,27.73,26.75,27.65,98132750.0
2025-08-07,2050,三花智控,SZ,27.7,27.78,27.15,27.37,61943651.0
2025-08-08,2050,三花智控,SZ,27.3,27.3,26.82,26.85,47118446.0
2025-08-11,2050,三花智控,SZ,26.89,27.26,26.85,27.01,46843087.0
2025-08-12,2050,三花智控,SZ,27.1,27.25,26.82,26.91,49616132.0
2025-08-13,2050,三花智控,SZ,26.93,27.68,26.8,27.63,94437184.0
2025-08-14,2050,三花智控,SZ,27.63,27.65,26.92,27.17,73910844.0
2025-08-15,2050,三花智控,SZ,27.11,28.74,27.08,28.53,159253460.0
2025-08-18,2050,三花智控,SZ,28.77,29.22,28.3,28.92,139398473.0
2025-08-19,2050,三花智控,SZ,28.93,31.52,28.51,30.46,224796676.0
2025-08-20,2050,三花智控,SZ,30.0,30.4,29.58,30.36,118454011.0
2025-08-21,2050,三花智控,SZ,30.47,31.36,29.92,30.81,147247514.0
2025-08-22,2050,三花智控,SZ,30.49,31.12,30.31,30.88,119452566.0
2025-08-25,2050,三花智控,SZ,31.14,31.57,30.56,31.01,131166391.0
2025-08-26,2050,三花智控,SZ,30.7,31.12,30.41,30.66,97556845.0
2025-08-27,2050,三花智控,SZ,30.62,31.68,30.43,30.44,138301686.0
2025-08-28,2050,三花智控,SZ,30.3,31.68,30.26,31.68,134683431.0
2025-08-29,2050,三花智控,SZ,32.2,33.14,30.9,31.88,189942923.0
2025-09-01,2050,三花智控,SZ,32.04,32.64,31.31,31.89,101427131.0
2025-09-02,2050,三花智控,SZ,32.1,34.0,30.74,33.0,255717588.0
2025-09-03,2050,三花智控,SZ,32.88,32.97,30.88,31.25,182525657.0
2025-09-04,2050,三花智控,SZ,31.31,31.62,29.18,29.79,145612422.0
2025-09-05,2050,三花智控,SZ,29.7,30.84,29.4,30.7,98319738.0
2025-09-08,2050,三花智控,SZ,31.48,33.77,31.32,33.77,111060236.0
2025-09-09,2050,三花智控,SZ,34.15,34.88,33.52,34.04,329795027.0
2025-09-10,2050,三花智控,SZ,33.56,34.58,32.82,33.5,222098628.0
2025-09-11,2050,三花智控,SZ,33.33,34.91,32.8,34.76,208240570.0
2025-09-12,2050,三花智控,SZ,35.01,35.75,34.5,34.5,190702904.0
2025-09-15,2050,三花智控,SZ,34.8,36.88,34.45,35.66,229050988.0
2025-09-16,2050,三花智控,SZ,36.18,39.23,35.96,39.23,238019288.0
2025-09-17,2050,三花智控,SZ,40.99,42.18,40.31,41.9,368160613.0
2025-09-18,2050,三花智控,SZ,43.01,46.09,42.73,45.55,486457915.0
2025-09-19,2050,三花智控,SZ,43.4,43.9,41.0,41.65,381590784.0
2025-09-22,2050,三花智控,SZ,41.87,43.46,41.71,42.97,263197813.0
2025-09-23,2050,三花智控,SZ,42.8,45.71,42.5,45.03,332288138.0
2025-09-24,2050,三花智控,SZ,44.0,44.78,42.77,44.55,259925848.0
2025-09-25,2050,三花智控,SZ,44.99,45.4,42.82,44.05,212990143.0
2025-09-26,2050,三花智控,SZ,43.13,45.15,43.0,43.12,203279677.0
2025-09-29,2050,三花智控,SZ,43.58,47.39,43.55,46.6,282796470.0
2025-09-30,2050,三花智控,SZ,46.29,48.9,46.19,48.43,239081935.0
2025-10-09,2050,三花智控,SZ,47.0,50.43,45.6,49.39,269667290.0
2025-10-10,2050,三花智控,SZ,48.5,49.59,45.0,45.54,282165303.0
2025-10-13,2050,三花智控,SZ,42.4,43.95,41.6,43.16,218278929.0
2025-10-14,2050,三花智控,SZ,44.02,44.28,40.0,40.16,229231605.0
2025-10-15,2050,三花智控,SZ,40.39,44.18,39.7,44.18,281352797.0
2025-10-16,2050,三花智控,SZ,42.0,43.97,41.85,42.92,234364254.0
2025-10-17,2050,三花智控,SZ,43.68,44.89,42.01,43.32,236788184.0
2025-10-20,2050,三花智控,SZ,45.0,47.44,44.05,46.1,286096183.0
2025-10-21,2050,三花智控,SZ,46.0,47.44,45.3,46.93,248408171.0
2025-10-22,2050,三花智控,SZ,46.08,48.7,45.92,48.1,248734249.0
2025-10-23,2050,三花智控,SZ,46.99,48.34,46.4,47.96,201340884.0
2025-10-24,2050,三花智控,SZ,48.1,50.0,46.96,48.63,259879380.0
2025-10-27,2050,三花智控,SZ,49.02,49.44,47.8,48.62,236809609.0
2025-10-28,2050,三花智控,SZ,49.0,53.48,48.73,52.61,354388586.0
2025-10-29,2050,三花智控,SZ,51.9,53.38,51.7,52.99,242021549.0
2025-10-30,2050,三花智控,SZ,53.0,53.25,51.07,51.22,214606462.0
2025-10-31,2050,三花智控,SZ,50.82,52.5,49.8,49.93,222324425.0
2025-11-03,2050,三花智控,SZ,49.41,50.19,47.72,48.79,210825267.0
2025-11-04,2050,三花智控,SZ,48.8,49.14,46.27,46.95,190361371.0
2025-11-05,2050,三花智控,SZ,45.72,47.37,45.34,46.62,162567043.0
2025-11-06,2050,三花智控,SZ,46.99,51.11,46.43,50.36,290436286.0
2025-11-07,2050,三花智控,SZ,49.0,49.88,48.01,48.42,204313486.0
2025-11-10,2050,三花智控,SZ,47.82,48.35,45.0,45.51,252867413.0
2025-11-11,2050,三花智控,SZ,45.92,46.1,43.73,43.9,215674507.0
2025-11-12,2050,三花智控,SZ,44.3,45.23,43.6,43.88,157720579.0
2025-11-13,2050,三花智控,SZ,43.3,44.94,43.0,44.29,169868638.0
2025-11-14,2050,三花智控,SZ,43.14,43.47,42.25,42.48,143217891.0
2025-11-17,2050,三花智控,SZ,41.66,42.88,41.5,41.85,137942816.0
2025-11-18,2050,三花智控,SZ,41.93,42.6,41.5,42.14,114617536.0
2025-11-19,2050,三花智控,SZ,42.01,42.8,41.68,42.03,103350264.0
2025-11-20,2050,三花智控,SZ,42.34,42.47,41.08,41.17,103484479.0
2025-11-21,2050,三花智控,SZ,40.51,42.88,40.33,41.9,212385983.0
2025-11-24,2050,三花智控,SZ,41.6,41.87,39.83,41.39,148139640.0
2025-11-25,2050,三花智控,SZ,42.16,42.8,41.9,42.17,137428279.0
2025-11-26,2050,三花智控,SZ,41.59,43.84,40.99,43.19,206434165.0
2025-11-27,2050,三花智控,SZ,43.2,44.19,42.71,42.79,161451709.0
2025-11-28,2050,三花智控,SZ,42.36,43.42,42.0,42.98,113791548.0
2025-12-01,2050,三花智控,SZ,43.1,44.17,42.99,43.79,130619686.0
2025-12-02,2050,三花智控,SZ,43.36,43.37,41.77,42.03,135775789.0
2025-12-03,2050,三花智控,SZ,42.0,42.65,41.4,41.66,76233922.0
2025-12-04,2050,三花智控,SZ,43.35,45.83,42.82,44.79,326372079.0
2025-12-05,2050,三花智控,SZ,43.8,45.28,43.77,45.1,219363493.0
2025-12-08,2050,三花智控,SZ,45.15,47.0,44.5,46.8,256868079.0
2025-12-09,2050,三花智控,SZ,45.81,46.97,45.58,45.96,169581445.0
2025-12-10,2050,三花智控,SZ,45.98,46.95,45.41,46.6,150833795.0
2025-12-11,2050,三花智控,SZ,46.88,47.27,45.16,45.17,153621930.0
2025-12-12,2050,三花智控,SZ,44.9,45.48,44.01,45.04,133592554.0
2025-12-15,2050,三花智控,SZ,44.5,44.76,43.52,43.54,104410513.0
2025-12-16,2050,三花智控,SZ,43.51,44.06,42.71,42.87,88380537.0
2025-12-17,2050,三花智控,SZ,43.13,44.16,43.07,44.02,109404954.0
2025-12-18,2050,三花智控,SZ,43.28,44.23,42.79,42.88,92817647.0
2025-12-19,2050,三花智控,SZ,43.35,44.18,43.34,43.47,89847691.0
2025-12-22,2050,三花智控,SZ,44.05,45.92,43.8,45.42,180121911.0
2025-12-23,2050,三花智控,SZ,45.79,45.79,44.7,44.88,133130241.0
2025-12-24,2050,三花智控,SZ,44.88,45.39,44.65,45.08,88912817.0
2025-12-25,2050,三花智控,SZ,45.49,48.0,45.26,47.56,221716397.0
2025-12-26,2050,三花智控,SZ,47.09,47.82,46.44,47.3,172036311.0
2025-12-29,2050,三花智控,SZ,47.4,49.13,47.09,47.73,201634195.0
2025-12-30,2050,三花智控,SZ,47.0,52.5,46.88,52.5,281110083.0
2025-12-31,2050,三花智控,SZ,54.18,56.49,52.4,55.31,413074987.0
2026-01-05,2050,三花智控,SZ,54.5,57.99,54.05,56.28,341347109.0
2026-01-06,2050,三花智控,SZ,55.99,58.88,55.58,56.84,318518375.0
2026-01-07,2050,三花智控,SZ,55.8,57.6,54.3,55.75,331454592.0
2026-01-08,2050,三花智控,SZ,55.3,55.88,54.0,54.37,213838805.0
2026-01-09,2050,三花智控,SZ,54.21,57.88,54.18,57.14,279907141.0
2026-01-12,2050,三花智控,SZ,57.6,58.23,55.76,57.0,277943755.0
2026-01-13,2050,三花智控,SZ,56.69,60.15,56.3,57.15,292998638.0
2026-01-14,2050,三花智控,SZ,56.31,57.64,54.35,54.86,308778910.0
2026-01-15,2050,三花智控,SZ,54.47,55.3,54.03,54.59,148415032.0
2026-01-16,2050,三花智控,SZ,55.1,58.86,55.09,57.46,284067139.0
2026-01-19,2050,三花智控,SZ,58.22,60.77,57.33,58.56,273499406.0
2026-01-20,2050,三花智控,SZ,58.8,60.12,57.11,57.87,226414762.0
2026-01-21,2050,三花智控,SZ,57.06,59.27,57.06,57.95,173282960.0
2026-01-22,2050,三花智控,SZ,58.1,58.6,56.0,56.03,204284880.0
2026-01-23,2050,三花智控,SZ,55.06,55.65,53.77,54.04,282833398.0
2026-01-26,2050,三花智控,SZ,54.04,54.89,51.8,51.94,217672757.0
2026-01-27,2050,三花智控,SZ,51.99,52.67,50.78,52.27,164608910.0
2026-01-28,2050,三花智控,SZ,51.95,52.2,51.1,51.41,122087817.0
2026-01-29,2050,三花智控,SZ,51.5,51.75,50.01,50.07,136459480.0
2026-01-30,2050,三花智控,SZ,50.09,51.98,49.3,50.94,178798155.0
2026-02-02,2050,三花智控,SZ,50.42,52.69,50.37,50.74,181878733.0
2026-02-03,2050,三花智控,SZ,50.94,52.33,50.11,52.33,162758785.0
2026-02-04,2050,三花智控,SZ,51.9,51.99,51.06,51.66,110691804.0
2026-02-05,2050,三花智控,SZ,50.51,50.89,49.86,50.09,91993421.0
2026-02-06,2050,三花智控,SZ,49.36,52.17,49.08,51.12,130806327.0
2026-02-09,2050,三花智控,SZ,51.7,51.79,51.01,51.58,96510239.0
2026-02-10,2050,三花智控,SZ,51.58,53.9,51.15,53.3,185189952.0
2026-02-11,2050,三花智控,SZ,52.6,53.2,52.0,52.16,97298714.0
2026-02-12,2050,三花智控,SZ,52.0,53.1,51.77,52.67,85874366.0
2026-02-13,2050,三花智控,SZ,52.15,53.9,51.91,53.48,130706967.0
2026-02-24,2050,三花智控,SZ,55.02,55.02,52.36,52.73,142644407.0
2026-02-25,2050,三花智控,SZ,52.74,52.8,51.3,52.15,130654584.0
2026-02-26,2050,三花智控,SZ,51.8,52.5,51.37,51.94,98106760.0
2026-02-27,2050,三花智控,SZ,51.68,51.93,51.12,51.21,91569484.0
2026-03-02,2050,三花智控,SZ,49.9,50.46,49.36,49.4,130220873.0
2026-03-03,2050,三花智控,SZ,49.39,49.88,46.49,46.58,147478771.0
2026-03-04,2050,三花智控,SZ,45.95,47.97,45.8,47.5,109041148.0
2026-03-05,2050,三花智控,SZ,48.37,48.45,47.36,47.59,75543272.0
2026-03-06,2050,三花智控,SZ,47.34,48.09,47.11,47.71,55887825.0
2026-03-09,2050,三花智控,SZ,46.23,47.28,45.5,46.99,90506887.0
2026-03-10,2050,三花智控,SZ,47.64,48.75,47.55,48.44,96201351.0
2026-03-11,2050,三花智控,SZ,48.16,48.68,47.91,48.21,67120180.0
2026-03-12,2050,三花智控,SZ,48.18,48.97,47.81,48.78,90029932.0
2026-03-13,2050,三花智控,SZ,48.21,48.35,47.18,47.3,70977541.0
2026-03-16,2050,三花智控,SZ,47.0,47.01,46.07,46.67,55178433.0
2026-03-17,2050,三花智控,SZ,47.0,47.4,45.87,45.89,60205538.0
2026-03-18,2050,三花智控,SZ,45.99,46.46,45.6,46.41,51847777.0
2026-03-19,2050,三花智控,SZ,45.6,45.7,44.69,44.98,72815593.0
2026-03-20,2050,三花智控,SZ,45.44,45.45,44.2,44.23,57653652.0
2026-03-23,2050,三花智控,SZ,43.8,44.95,42.72,43.0,97904840.0
2026-03-24,2050,三花智控,SZ,43.55,43.68,41.14,42.57,95920653.0
2026-03-25,2050,三花智控,SZ,42.87,43.94,42.7,43.49,83437977.0
2026-03-26,2050,三花智控,SZ,44.0,44.97,43.66,43.87,106473018.0
2026-03-27,2050,三花智控,SZ,43.0,43.75,42.7,43.35,67559930.0
2026-03-30,2050,三花智控,SZ,42.63,43.25,42.38,43.03,53712276.0
2026-03-31,2050,三花智控,SZ,43.06,43.76,42.46,42.53,58480963.0
2026-04-01,2050,三花智控,SZ,43.34,44.0,43.05,43.59,77985760.0
2026-04-02,2050,三花智控,SZ,43.3,43.83,42.69,42.81,57938641.0
2026-04-03,2050,三花智控,SZ,43.0,43.42,41.88,41.9,45683679.0
2022-01-04,300442,润泽科技,SZ,42.86,43.2,42.4,42.86,818100.0
2022-01-05,300442,润泽科技,SZ,43.5,43.95,42.55,42.73,1194400.0
2022-01-06,300442,润泽科技,SZ,43.02,43.34,42.55,43.0,711700.0
2022-01-07,300442,润泽科技,SZ,43.01,43.39,42.5,42.85,1163985.0
2022-01-10,300442,润泽科技,SZ,42.96,43.52,42.55,42.88,844600.0
2022-01-11,300442,润泽科技,SZ,43.1,43.35,42.5,42.83,749600.0
2022-01-12,300442,润泽科技,SZ,42.62,45.22,42.61,44.94,1946600.0
2022-01-13,300442,润泽科技,SZ,44.94,45.48,43.8,45.24,1328100.0
2022-01-14,300442,润泽科技,SZ,45.24,45.8,44.62,45.54,728000.0
2022-01-17,300442,润泽科技,SZ,45.7,45.73,43.56,43.99,1773865.0
2022-01-18,300442,润泽科技,SZ,43.8,47.0,43.51,45.76,2940667.0
2022-01-19,300442,润泽科技,SZ,46.0,46.0,44.21,44.4,1745200.0
2022-01-20,300442,润泽科技,SZ,44.31,44.7,42.7,42.85,1030200.0
2022-01-21,300442,润泽科技,SZ,42.92,43.22,42.2,42.89,470500.0
2022-01-24,300442,润泽科技,SZ,42.8,43.49,42.0,42.19,677600.0
2022-01-25,300442,润泽科技,SZ,42.01,42.38,41.2,41.28,754200.0
2022-01-26,300442,润泽科技,SZ,41.79,42.3,41.35,41.68,439100.0
2022-01-27,300442,润泽科技,SZ,41.46,41.95,40.96,41.05,492200.0
2022-01-28,300442,润泽科技,SZ,41.1,42.19,40.36,41.61,521700.0
2022-02-07,300442,润泽科技,SZ,41.95,42.6,41.35,41.9,565200.0
2022-02-08,300442,润泽科技,SZ,41.83,42.59,41.51,41.72,441900.0
2022-02-09,300442,润泽科技,SZ,41.5,42.5,41.5,42.11,391246.0
2022-02-10,300442,润泽科技,SZ,41.99,42.25,41.65,41.95,297400.0
2022-02-11,300442,润泽科技,SZ,41.96,42.0,41.4,41.78,408700.0
2022-02-14,300442,润泽科技,SZ,41.97,42.2,40.78,41.07,550726.0
2022-02-15,300442,润泽科技,SZ,40.99,41.21,40.55,40.9,521400.0
2022-02-16,300442,润泽科技,SZ,40.9,41.28,40.65,41.1,279300.0
2022-02-17,300442,润泽科技,SZ,41.1,42.2,40.92,41.82,463900.0
2022-02-18,300442,润泽科技,SZ,42.09,42.2,41.2,41.82,388145.0
2022-02-21,300442,润泽科技,SZ,42.88,44.4,42.11,43.84,1845259.0
2022-02-22,300442,润泽科技,SZ,43.89,52.61,42.9,48.96,5473104.0
2022-02-23,300442,润泽科技,SZ,48.0,49.99,46.38,47.41,4039696.0
2022-02-24,300442,润泽科技,SZ,47.0,47.37,43.3,44.13,3337750.0
2022-02-25,300442,润泽科技,SZ,44.2,45.79,43.69,45.15,1462500.0
2022-02-28,300442,润泽科技,SZ,45.5,45.76,44.51,45.25,877496.0
2022-03-01,300442,润泽科技,SZ,45.25,45.7,44.7,45.19,613900.0
2022-03-02,300442,润泽科技,SZ,45.1,45.35,44.2,44.96,863500.0
2022-03-03,300442,润泽科技,SZ,44.96,45.6,44.58,45.5,1002402.0
2022-03-04,300442,润泽科技,SZ,45.1,45.4,44.0,44.63,843896.0
2022-03-07,300442,润泽科技,SZ,44.15,44.93,43.0,43.75,646600.0
2022-03-08,300442,润泽科技,SZ,43.35,43.68,41.59,41.9,572100.0
2022-03-09,300442,润泽科技,SZ,41.69,41.93,39.28,41.08,720409.0
2022-03-10,300442,润泽科技,SZ,41.41,42.98,41.41,42.38,502998.0
2022-03-11,300442,润泽科技,SZ,42.3,43.35,41.6,43.12,640400.0
2022-03-14,300442,润泽科技,SZ,43.0,43.0,41.17,41.17,836600.0
2022-03-15,300442,润泽科技,SZ,41.08,41.7,40.5,40.76,653400.0
2022-03-16,300442,润泽科技,SZ,41.49,41.6,40.66,41.29,648800.0
2022-03-17,300442,润泽科技,SZ,42.5,43.0,41.61,42.0,749700.0
2022-03-18,300442,润泽科技,SZ,41.87,42.39,41.37,42.0,805300.0
2022-03-21,300442,润泽科技,SZ,42.0,42.38,41.3,41.88,400900.0
2022-03-22,300442,润泽科技,SZ,42.2,42.38,41.16,41.9,506732.0
2022-03-23,300442,润泽科技,SZ,42.09,42.29,41.35,41.91,389800.0
2022-03-24,300442,润泽科技,SZ,41.53,42.12,41.41,41.94,380429.0
2022-03-25,300442,润泽科技,SZ,42.08,42.2,41.7,42.01,491000.0
2022-03-28,300442,润泽科技,SZ,41.81,41.82,40.1,41.26,615732.0
2022-03-29,300442,润泽科技,SZ,40.89,41.88,40.89,41.19,304300.0
2022-03-30,300442,润泽科技,SZ,40.78,42.01,40.78,41.7,575500.0
2022-03-31,300442,润泽科技,SZ,41.5,41.83,40.96,41.43,293500.0
2022-04-01,300442,润泽科技,SZ,41.43,42.17,40.9,42.02,462700.0
2022-04-06,300442,润泽科技,SZ,42.0,42.29,41.5,42.2,381400.0
2022-04-07,300442,润泽科技,SZ,42.18,42.18,41.56,41.67,403200.0
2022-04-08,300442,润泽科技,SZ,42.09,42.5,40.9,42.0,374500.0
2022-04-11,300442,润泽科技,SZ,41.97,42.28,41.0,41.25,413000.0
2022-04-12,300442,润泽科技,SZ,41.17,41.94,40.46,41.79,448200.0
2022-04-13,300442,润泽科技,SZ,41.98,42.0,41.37,41.41,366800.0
2022-04-14,300442,润泽科技,SZ,41.55,42.25,41.22,41.87,568200.0
2022-04-15,300442,润泽科技,SZ,43.28,46.06,42.98,43.87,2432027.0
2022-04-18,300442,润泽科技,SZ,45.0,46.5,44.32,45.71,1981200.0
2022-04-19,300442,润泽科技,SZ,45.66,47.99,45.14,47.55,2390798.0
2022-04-20,300442,润泽科技,SZ,48.1,48.3,47.05,47.95,1824900.0
2022-04-21,300442,润泽科技,SZ,48.99,49.79,47.31,47.39,1911429.0
2022-04-22,300442,润泽科技,SZ,49.29,49.29,46.0,47.05,1676246.0
2022-04-25,300442,润泽科技,SZ,47.05,47.7,45.16,45.4,1536000.0
2022-04-26,300442,润泽科技,SZ,45.05,46.29,44.86,45.18,1334600.0
2022-04-27,300442,润泽科技,SZ,45.05,48.45,45.0,47.8,2456300.0
2022-04-28,300442,润泽科技,SZ,46.96,48.01,45.5,46.43,1362600.0
2022-04-29,300442,润泽科技,SZ,47.4,47.49,38.88,40.78,4255000.0
2022-05-05,300442,润泽科技,SZ,39.7,42.57,39.01,41.89,1838143.0
2022-05-06,300442,润泽科技,SZ,41.55,41.97,41.0,41.77,720867.0
2022-05-09,300442,润泽科技,SZ,41.49,42.39,41.1,41.54,776000.0
2022-05-10,300442,润泽科技,SZ,41.97,42.9,41.41,42.1,930400.0
2022-05-11,300442,润泽科技,SZ,42.13,42.8,41.61,41.7,981200.0
2022-05-12,300442,润泽科技,SZ,41.06,41.98,41.06,41.72,412700.0
2022-05-13,300442,润泽科技,SZ,41.72,42.48,41.42,41.82,543800.0
2022-05-16,300442,润泽科技,SZ,41.81,42.46,41.55,41.89,414600.0
2022-05-17,300442,润泽科技,SZ,41.89,42.15,41.6,41.98,647100.0
2022-05-18,300442,润泽科技,SZ,42.0,42.2,41.63,41.82,376600.0
2022-05-19,300442,润泽科技,SZ,41.8,42.11,41.5,41.75,384000.0
2022-05-20,300442,润泽科技,SZ,41.63,42.3,41.63,41.97,621226.0
2022-05-23,300442,润泽科技,SZ,41.8,42.24,41.8,41.96,308100.0
2022-05-24,300442,润泽科技,SZ,42.09,42.45,41.55,41.81,646200.0
2022-05-25,300442,润泽科技,SZ,41.52,41.95,41.52,41.86,272300.0
2022-05-26,300442,润泽科技,SZ,41.86,42.18,41.73,41.99,471406.0
2022-05-27,300442,润泽科技,SZ,41.99,45.38,41.75,44.88,1707400.0
2022-05-30,300442,润泽科技,SZ,44.66,45.5,43.2,43.5,1049800.0
2022-05-31,300442,润泽科技,SZ,43.01,44.79,43.01,44.34,821200.0
2022-06-01,300442,润泽科技,SZ,44.34,44.59,43.73,44.22,506800.0
2022-06-02,300442,润泽科技,SZ,44.15,45.0,43.68,44.74,682900.0
2022-06-06,300442,润泽科技,SZ,47.9,47.9,44.7,45.2,1853600.0
2022-06-07,300442,润泽科技,SZ,45.0,49.23,44.99,47.85,2340788.0
2022-06-08,300442,润泽科技,SZ,47.6,50.59,47.5,49.26,2086900.0
2022-06-09,300442,润泽科技,SZ,49.11,50.85,49.01,49.95,1523500.0
2022-06-10,300442,润泽科技,SZ,50.0,50.78,49.2,49.98,923600.0
2022-06-13,300442,润泽科技,SZ,49.63,50.33,48.48,48.9,930500.0
2022-06-14,300442,润泽科技,SZ,48.5,49.5,48.21,48.8,840700.0
2022-06-15,300442,润泽科技,SZ,48.51,50.39,48.51,48.93,917500.0
2022-06-16,300442,润泽科技,SZ,49.4,49.4,47.83,48.0,705200.0
2022-06-17,300442,润泽科技,SZ,47.94,48.33,47.37,47.9,461900.0
2022-06-20,300442,润泽科技,SZ,47.69,48.5,47.26,48.02,531573.0
2022-06-21,300442,润泽科技,SZ,48.03,48.8,47.82,48.08,577300.0
2022-06-22,300442,润泽科技,SZ,48.76,49.17,47.8,48.11,610401.0
2022-06-23,300442,润泽科技,SZ,47.92,48.6,47.92,48.23,527500.0
2022-06-24,300442,润泽科技,SZ,48.02,48.6,48.01,48.25,426800.0
2022-06-27,300442,润泽科技,SZ,48.25,50.8,48.12,50.28,1132900.0
2022-06-28,300442,润泽科技,SZ,50.28,50.5,49.66,50.15,716600.0
2022-06-29,300442,润泽科技,SZ,50.01,50.4,49.4,49.6,864700.0
2022-06-30,300442,润泽科技,SZ,49.6,49.94,49.01,49.22,715600.0
2022-07-01,300442,润泽科技,SZ,49.49,49.99,48.92,49.0,502300.0
2022-07-04,300442,润泽科技,SZ,48.9,49.75,48.8,49.05,508900.0
2022-07-05,300442,润泽科技,SZ,49.05,49.49,47.75,48.26,659200.0
2022-07-06,300442,润泽科技,SZ,48.15,48.57,47.8,48.2,388000.0
2022-07-07,300442,润泽科技,SZ,48.01,48.49,47.8,47.9,446000.0
2022-07-08,300442,润泽科技,SZ,47.88,48.91,47.49,48.48,671300.0
2022-07-11,300442,润泽科技,SZ,48.49,48.6,47.01,47.34,581700.0
2022-07-12,300442,润泽科技,SZ,47.99,47.99,46.5,46.53,356800.0
2022-07-13,300442,润泽科技,SZ,47.49,48.34,46.02,47.73,518300.0
2022-07-14,300442,润泽科技,SZ,47.97,48.3,47.51,47.68,372100.0
2022-07-15,300442,润泽科技,SZ,47.61,48.24,46.5,46.75,508000.0
2022-07-18,300442,润泽科技,SZ,46.4,47.09,46.3,46.46,432200.0
2022-07-19,300442,润泽科技,SZ,46.47,46.87,45.7,46.5,413810.0
2022-07-20,300442,润泽科技,SZ,46.5,47.38,46.2,46.72,386900.0
2022-07-21,300442,润泽科技,SZ,46.7,48.19,46.62,47.06,646300.0
2022-07-22,300442,润泽科技,SZ,47.1,47.95,46.6,46.87,476200.0
2022-07-25,300442,润泽科技,SZ,46.5,46.89,46.04,46.05,421600.0
2022-07-26,300442,润泽科技,SZ,45.72,46.39,45.23,46.1,323586.0
2022-07-27,300442,润泽科技,SZ,46.27,46.3,45.5,45.98,348400.0
2022-07-28,300442,润泽科技,SZ,46.71,49.35,45.75,47.55,824700.0
2022-07-29,300442,润泽科技,SZ,47.45,47.68,46.5,47.13,460756.0
2022-08-01,300442,润泽科技,SZ,46.3,46.97,46.3,46.37,420000.0
2022-08-02,300442,润泽科技,SZ,46.01,46.06,44.3,44.95,805300.0
2022-08-03,300442,润泽科技,SZ,45.06,46.73,44.5,44.69,478800.0
2022-08-04,300442,润泽科技,SZ,45.98,48.0,45.01,47.79,1165601.0
2022-08-05,300442,润泽科技,SZ,47.57,48.97,47.57,48.09,656300.0
2022-08-08,300442,润泽科技,SZ,48.09,49.82,47.71,49.7,1035600.0
2022-08-09,300442,润泽科技,SZ,49.97,49.97,48.11,48.59,860400.0
2022-08-10,300442,润泽科技,SZ,48.56,49.43,48.4,48.86,534100.0
2022-08-11,300442,润泽科技,SZ,49.54,49.7,48.75,48.85,577200.0
2022-08-12,300442,润泽科技,SZ,48.86,49.29,48.75,48.88,431400.0
2022-08-15,300442,润泽科技,SZ,48.8,49.09,48.1,48.87,496269.0
2022-08-16,300442,润泽科技,SZ,48.85,49.49,48.52,49.0,403300.0
2022-08-17,300442,润泽科技,SZ,49.0,49.09,48.4,48.44,501300.0
2022-08-18,300442,润泽科技,SZ,48.86,49.17,47.99,48.2,599000.0
2022-08-19,300442,润泽科技,SZ,48.59,48.68,47.46,47.83,710900.0
2022-08-22,300442,润泽科技,SZ,47.6,48.98,47.0,48.86,522900.0
2022-08-23,300442,润泽科技,SZ,48.89,49.1,48.31,48.57,323100.0
2022-08-24,300442,润泽科技,SZ,48.69,48.8,47.43,48.08,587500.0
2022-08-25,300442,润泽科技,SZ,48.18,48.29,47.07,47.21,419572.0
2022-08-26,300442,润泽科技,SZ,47.69,48.18,47.2,47.3,255929.0
2022-08-29,300442,润泽科技,SZ,47.62,47.62,46.72,47.41,294100.0
2022-08-30,300442,润泽科技,SZ,47.59,47.59,47.03,47.28,224069.0
2022-08-31,300442,润泽科技,SZ,47.1,47.19,45.72,46.19,446000.0
2022-09-01,300442,润泽科技,SZ,46.0,46.29,45.5,45.79,245600.0
2022-09-02,300442,润泽科技,SZ,45.36,46.98,45.36,46.24,249100.0
2022-09-05,300442,润泽科技,SZ,46.93,46.93,45.78,46.09,189500.0
2022-09-06,300442,润泽科技,SZ,45.88,46.66,45.65,46.4,469734.0
2022-09-07,300442,润泽科技,SZ,46.2,47.66,46.0,46.48,406503.0
2022-09-08,300442,润泽科技,SZ,46.96,48.5,46.6,46.64,666060.0
2022-09-09,300442,润泽科技,SZ,46.6,48.29,46.1,47.9,480062.0
2022-09-13,300442,润泽科技,SZ,48.88,49.4,47.01,48.35,1280969.0
2022-09-14,300442,润泽科技,SZ,48.3,48.3,46.5,46.85,665702.0
2022-09-15,300442,润泽科技,SZ,47.2,47.49,45.36,45.87,478502.0
2022-09-16,300442,润泽科技,SZ,45.7,46.31,45.69,45.79,191702.0
2022-09-19,300442,润泽科技,SZ,45.79,46.32,45.52,45.58,221257.0
2022-09-20,300442,润泽科技,SZ,45.7,46.01,45.05,45.43,369157.0
2022-09-21,300442,润泽科技,SZ,45.3,45.35,44.13,44.21,400600.0
2022-09-22,300442,润泽科技,SZ,44.2,44.31,42.76,43.19,470600.0
2022-09-23,300442,润泽科技,SZ,44.21,44.42,41.61,41.94,372400.0
2022-09-26,300442,润泽科技,SZ,41.66,41.89,40.6,40.99,353800.0
2022-09-27,300442,润泽科技,SZ,42.5,43.76,42.11,43.61,727900.0
2022-09-28,300442,润泽科技,SZ,43.62,43.99,40.84,40.93,595084.0
2022-09-29,300442,润泽科技,SZ,41.5,42.16,40.76,40.77,491774.0
2022-09-30,300442,润泽科技,SZ,42.02,42.3,40.88,41.86,418469.0
2022-10-10,300442,润泽科技,SZ,41.68,43.01,41.06,41.37,496774.0
2022-10-11,300442,润泽科技,SZ,40.01,42.36,40.0,40.47,443200.0
2022-10-12,300442,润泽科技,SZ,40.56,41.67,40.18,41.46,441900.0
2022-10-13,300442,润泽科技,SZ,41.46,42.16,41.13,41.52,450300.0
2022-10-14,300442,润泽科技,SZ,41.53,42.72,41.53,42.3,751331.0
2022-10-17,300442,润泽科技,SZ,42.68,44.11,41.83,43.26,1138083.0
2022-10-18,300442,润泽科技,SZ,43.54,44.06,42.81,43.07,633213.0
2022-10-19,300442,润泽科技,SZ,43.08,44.5,43.08,43.4,630900.0
2022-10-20,300442,润泽科技,SZ,45.0,48.96,44.1,45.89,2973512.0
2022-10-21,300442,润泽科技,SZ,45.0,47.84,44.54,46.98,2432987.0
2022-10-24,300442,润泽科技,SZ,47.34,47.47,45.86,46.08,1684874.0
2022-10-25,300442,润泽科技,SZ,45.9,46.49,45.32,45.62,1096300.0
2022-10-26,300442,润泽科技,SZ,45.57,46.15,45.4,45.91,668109.0
2022-10-27,300442,润泽科技,SZ,45.76,46.66,45.3,46.0,1108800.0
2022-10-28,300442,润泽科技,SZ,45.63,46.24,44.7,45.15,1036700.0
2022-10-31,300442,润泽科技,SZ,44.7,46.38,44.01,46.2,971800.0
2022-11-01,300442,润泽科技,SZ,46.5,46.59,45.72,46.29,617887.0
2022-11-02,300442,润泽科技,SZ,46.3,46.7,45.88,46.48,692900.0
2022-11-03,300442,润泽科技,SZ,46.6,47.1,45.76,46.9,808031.0
2022-11-04,300442,润泽科技,SZ,46.9,47.29,46.57,46.85,762231.0
2022-11-07,300442,润泽科技,SZ,46.99,47.5,46.66,47.5,926404.0
2022-11-08,300442,润泽科技,SZ,47.3,47.94,46.4,46.99,609600.0
2022-11-09,300442,润泽科技,SZ,47.16,47.17,46.6,46.93,544305.0
2022-11-10,300442,润泽科技,SZ,46.1,47.24,46.1,46.85,537100.0
2022-11-11,300442,润泽科技,SZ,46.88,47.65,46.52,46.65,650898.0
2022-11-14,300442,润泽科技,SZ,47.01,47.05,45.26,45.68,663280.0
2022-11-15,300442,润泽科技,SZ,44.64,45.3,44.25,45.04,845000.0
2022-11-16,300442,润泽科技,SZ,44.54,45.83,44.54,45.15,698480.0
2022-11-17,300442,润泽科技,SZ,44.8,45.82,44.61,45.74,548282.0
2022-11-18,300442,润泽科技,SZ,45.6,48.33,45.34,46.81,2278062.0
2022-11-21,300442,润泽科技,SZ,46.6,47.38,46.01,46.72,1026531.0
2022-11-22,300442,润泽科技,SZ,46.51,47.13,46.01,46.13,650102.0
2022-11-23,300442,润泽科技,SZ,46.0,46.38,45.2,45.52,517304.0
2022-11-24,300442,润泽科技,SZ,45.78,46.7,45.05,45.65,841700.0
2022-11-25,300442,润泽科技,SZ,45.69,45.85,44.6,44.71,826610.0
2022-11-28,300442,润泽科技,SZ,45.15,45.15,44.14,44.74,697800.0
2022-11-29,300442,润泽科技,SZ,44.7,45.12,44.07,44.53,647900.0
2022-11-30,300442,润泽科技,SZ,44.3,44.8,44.04,44.4,498269.0
2022-12-01,300442,润泽科技,SZ,44.68,46.1,44.41,45.79,1085070.0
2022-12-02,300442,润泽科技,SZ,46.21,46.21,44.8,44.89,838410.0
2022-12-05,300442,润泽科技,SZ,44.6,45.88,44.6,45.04,611900.0
2022-12-06,300442,润泽科技,SZ,45.19,45.19,44.0,44.13,686800.0
2022-12-07,300442,润泽科技,SZ,43.01,44.94,43.01,44.06,776100.0
2022-12-08,300442,润泽科技,SZ,44.07,44.68,44.0,44.65,786001.0
2022-12-09,300442,润泽科技,SZ,44.42,44.9,44.0,44.55,621769.0
2022-12-12,300442,润泽科技,SZ,44.22,44.98,43.85,44.02,807990.0
2022-12-13,300442,润泽科技,SZ,43.84,44.2,42.87,43.02,789667.0
2022-12-14,300442,润泽科技,SZ,43.02,43.29,42.8,43.08,400771.0
2022-12-15,300442,润泽科技,SZ,43.09,43.28,42.69,42.77,319800.0
2022-12-16,300442,润泽科技,SZ,43.39,43.4,42.2,42.38,399400.0
2022-12-19,300442,润泽科技,SZ,42.49,42.49,41.32,41.6,568471.0
2022-12-20,300442,润泽科技,SZ,41.6,41.9,41.0,41.05,400892.0
2022-12-21,300442,润泽科技,SZ,41.06,41.97,40.6,40.83,447600.0
2022-12-22,300442,润泽科技,SZ,41.19,41.42,40.11,40.93,401264.0
2022-12-23,300442,润泽科技,SZ,40.53,41.67,40.2,41.39,512023.0
2022-12-26,300442,润泽科技,SZ,41.35,42.48,41.0,42.18,546754.0
2022-12-27,300442,润泽科技,SZ,42.07,42.58,41.81,41.9,351100.0
2022-12-28,300442,润泽科技,SZ,42.8,42.8,41.39,41.55,482400.0
2022-12-29,300442,润泽科技,SZ,41.88,42.25,41.0,41.97,374943.0
2022-12-30,300442,润泽科技,SZ,42.12,42.58,41.6,42.36,285786.0
2023-01-03,300442,润泽科技,SZ,42.34,42.75,41.0,42.1,974100.0
2023-01-04,300442,润泽科技,SZ,43.18,44.6,42.32,42.54,1710784.0
2023-01-05,300442,润泽科技,SZ,41.88,43.96,41.88,43.5,1402538.0
2023-01-06,300442,润泽科技,SZ,44.5,48.87,44.45,46.58,3447181.0
2023-01-09,300442,润泽科技,SZ,46.39,47.43,46.25,46.75,2298160.0
2023-01-10,300442,润泽科技,SZ,46.76,48.76,46.11,48.54,4877052.0
2023-01-11,300442,润泽科技,SZ,48.28,49.82,48.05,49.42,4577100.0
2023-01-12,300442,润泽科技,SZ,49.5,49.63,46.8,47.4,3075900.0
2023-01-13,300442,润泽科技,SZ,47.21,48.02,46.17,46.47,2641479.0
2023-01-16,300442,润泽科技,SZ,46.61,46.76,45.8,46.0,1943400.0
2023-01-17,300442,润泽科技,SZ,45.8,46.4,45.38,46.13,1389469.0
2023-01-18,300442,润泽科技,SZ,45.88,48.75,45.75,48.0,2974696.0
2023-01-19,300442,润泽科技,SZ,47.7,49.18,47.7,48.36,1558300.0
2023-01-20,300442,润泽科技,SZ,48.17,49.47,48.01,48.53,1436121.0
2023-01-30,300442,润泽科技,SZ,48.73,48.89,47.18,47.31,1645000.0
2023-01-31,300442,润泽科技,SZ,47.85,47.85,47.01,47.6,826967.0
2023-02-01,300442,润泽科技,SZ,47.55,48.19,47.11,47.76,977969.0
2023-02-02,300442,润泽科技,SZ,47.76,48.05,47.28,47.65,1568900.0
2023-02-03,300442,润泽科技,SZ,47.19,47.8,46.69,47.6,1422500.0
2023-02-06,300442,润泽科技,SZ,47.98,52.36,47.55,51.97,5785292.0
2023-02-07,300442,润泽科技,SZ,52.0,52.88,51.02,51.43,3563221.0
2023-02-08,300442,润泽科技,SZ,51.45,54.19,51.11,52.08,5081129.0
2023-02-09,300442,润泽科技,SZ,51.81,54.07,51.47,53.5,4738669.0
2023-02-10,300442,润泽科技,SZ,53.49,53.51,52.27,52.28,2432961.0
2023-02-13,300442,润泽科技,SZ,52.27,53.79,51.85,52.63,3547605.0
2023-02-14,300442,润泽科技,SZ,53.17,53.23,51.93,52.38,1613871.0
2023-02-15,300442,润泽科技,SZ,52.89,54.55,52.19,54.29,3364721.0
2023-02-16,300442,润泽科技,SZ,54.61,57.66,54.1,54.23,7167700.0
2023-02-17,300442,润泽科技,SZ,54.61,54.61,51.58,51.75,3544200.0
2023-02-20,300442,润泽科技,SZ,51.99,54.18,51.72,53.74,3146200.0
2023-02-21,300442,润泽科技,SZ,55.0,56.22,54.18,55.53,4632786.0
2023-02-22,300442,润泽科技,SZ,55.41,55.41,54.55,54.84,1654300.0
2023-02-23,300442,润泽科技,SZ,54.5,54.7,52.91,53.36,2223700.0
2023-02-24,300442,润泽科技,SZ,53.36,53.99,53.0,53.27,1102500.0
2023-02-27,300442,润泽科技,SZ,53.2,55.55,53.2,53.63,2616470.0
2023-02-28,300442,润泽科技,SZ,55.24,55.7,53.8,54.65,3462400.0
2023-03-01,300442,润泽科技,SZ,54.05,56.58,54.04,56.38,4301955.0
2023-03-02,300442,润泽科技,SZ,56.39,57.5,55.72,56.12,2201368.0
2023-03-03,300442,润泽科技,SZ,56.12,56.68,55.36,55.61,1919887.0
2023-03-06,300442,润泽科技,SZ,55.68,57.91,55.55,57.4,3147574.0
2023-03-07,300442,润泽科技,SZ,57.97,57.97,55.29,55.3,2212100.0
2023-03-08,300442,润泽科技,SZ,55.3,56.19,55.2,55.88,1440549.0
2023-03-09,300442,润泽科技,SZ,56.0,60.16,55.93,59.63,5763518.0
2023-03-10,300442,润泽科技,SZ,59.4,62.27,58.58,61.16,4206942.0
2023-03-13,300442,润泽科技,SZ,60.8,68.99,60.52,65.74,6091402.0
2023-03-14,300442,润泽科技,SZ,65.99,66.98,63.51,65.0,3732408.0
2023-03-15,300442,润泽科技,SZ,64.44,65.63,63.89,64.66,2183267.0
2023-03-16,300442,润泽科技,SZ,63.97,65.5,62.76,64.36,2581779.0
2023-03-17,300442,润泽科技,SZ,64.04,70.21,64.0,69.7,5311801.0
2023-03-20,300442,润泽科技,SZ,69.37,70.0,64.3,65.17,5130020.0
2023-03-21,300442,润泽科技,SZ,66.0,66.06,64.14,65.09,2473151.0
2023-03-22,300442,润泽科技,SZ,64.83,70.0,63.61,68.88,4026751.0
2023-03-23,300442,润泽科技,SZ,67.55,73.64,66.19,70.26,5650107.0
2023-03-24,300442,润泽科技,SZ,69.68,71.67,68.34,70.14,3190795.0
2023-03-27,300442,润泽科技,SZ,69.57,70.26,65.34,67.18,3971064.0
2023-03-28,300442,润泽科技,SZ,67.18,67.67,65.19,65.49,2630966.0
2023-03-29,300442,润泽科技,SZ,65.39,68.55,65.0,67.28,2733158.0
2023-03-30,300442,润泽科技,SZ,67.97,68.57,64.6,64.96,2433271.0
2023-03-31,300442,润泽科技,SZ,64.64,68.6,64.39,67.93,2445361.0
2023-04-03,300442,润泽科技,SZ,68.27,69.5,63.86,66.4,5314488.0
2023-04-04,300442,润泽科技,SZ,66.3,67.5,63.4,66.74,4758757.0
2023-04-06,300442,润泽科技,SZ,65.5,70.77,65.5,70.77,5692151.0
2023-04-07,300442,润泽科技,SZ,70.9,72.88,69.0,71.37,3728013.0
2023-04-10,300442,润泽科技,SZ,70.02,71.38,67.6,67.8,3347450.0
2023-04-11,300442,润泽科技,SZ,67.17,68.73,65.81,66.83,2312469.0
2023-04-12,300442,润泽科技,SZ,67.47,70.56,65.56,70.0,3193950.0
2023-04-13,300442,润泽科技,SZ,69.48,69.95,67.1,67.26,1881775.0
2023-04-14,300442,润泽科技,SZ,67.09,68.0,65.49,66.35,1823500.0
2023-04-17,300442,润泽科技,SZ,66.0,68.1,65.49,65.99,2446979.0
2023-04-18,300442,润泽科技,SZ,65.51,72.77,65.43,71.28,4817859.0
2023-04-19,300442,润泽科技,SZ,70.55,72.2,69.34,69.95,3210088.0
2023-04-20,300442,润泽科技,SZ,70.59,74.6,69.66,73.69,4931241.0
2023-04-21,300442,润泽科技,SZ,73.1,75.8,69.7,71.3,4418998.0
2023-04-24,300442,润泽科技,SZ,72.96,73.5,67.59,68.3,4845118.0
2023-04-25,300442,润泽科技,SZ,67.84,69.3,66.06,67.17,2692900.0
2023-04-26,300442,润泽科技,SZ,66.9,68.88,64.01,64.69,3951336.0
2023-04-27,300442,润泽科技,SZ,64.19,65.32,57.61,58.0,8823299.0
2023-04-28,300442,润泽科技,SZ,57.71,60.99,57.7,60.0,4446135.0
2023-05-04,300442,润泽科技,SZ,60.2,61.09,57.9,58.78,2996947.0
2023-05-05,300442,润泽科技,SZ,57.85,59.73,56.83,57.58,2906566.0
2023-05-08,300442,润泽科技,SZ,57.58,58.47,56.8,57.75,1898800.0
2023-05-09,300442,润泽科技,SZ,57.5,59.28,56.82,57.5,2253007.0
2023-05-10,300442,润泽科技,SZ,57.38,57.88,55.5,56.05,2792100.0
2023-05-11,300442,润泽科技,SZ,55.9,57.15,55.05,55.05,1603200.0
2023-05-12,300442,润泽科技,SZ,55.37,55.89,54.78,54.92,1660200.0
2023-05-15,300442,润泽科技,SZ,55.0,56.2,53.18,55.85,2783900.0
2023-05-16,300442,润泽科技,SZ,55.8,57.56,55.3,56.59,3064998.0
2023-05-17,300442,润泽科技,SZ,56.98,57.98,54.88,55.44,2706239.0
2023-05-18,300442,润泽科技,SZ,55.05,55.85,54.61,55.58,1946380.0
2023-05-19,300442,润泽科技,SZ,55.49,55.9,54.7,55.41,1425200.0
2023-05-22,300442,润泽科技,SZ,55.4,55.67,53.96,54.18,1793225.0
2023-05-23,300442,润泽科技,SZ,54.39,55.1,54.07,54.5,1474900.0
2023-05-24,300442,润泽科技,SZ,30.02,30.47,29.59,29.86,2317080.0
2023-05-25,300442,润泽科技,SZ,30.01,31.3,29.54,30.09,3413440.0
2023-05-26,300442,润泽科技,SZ,30.1,32.3,29.92,31.79,5683742.0
2023-05-29,300442,润泽科技,SZ,32.68,32.92,31.6,32.06,6038550.0
2023-05-30,300442,润泽科技,SZ,31.65,32.95,31.38,32.6,4071424.0
2023-05-31,300442,润泽科技,SZ,32.71,32.9,31.75,32.36,3677679.0
2023-06-01,300442,润泽科技,SZ,32.02,32.99,32.02,32.35,2989739.0
2023-06-02,300442,润泽科技,SZ,32.66,33.35,32.2,32.65,3609880.0
2023-06-05,300442,润泽科技,SZ,32.5,32.93,32.16,32.23,3114030.0
2023-06-06,300442,润泽科技,SZ,33.44,35.5,32.15,32.4,9085580.0
2023-06-07,300442,润泽科技,SZ,31.9,33.1,30.65,32.18,6218035.0
2023-06-08,300442,润泽科技,SZ,31.97,32.2,31.38,31.93,4109380.0
2023-06-09,300442,润泽科技,SZ,31.72,33.56,31.51,33.56,9366821.0
2023-06-12,300442,润泽科技,SZ,33.0,33.67,32.65,33.2,6709594.0
2023-06-13,300442,润泽科技,SZ,33.18,34.95,32.47,34.55,9685989.0
2023-06-14,300442,润泽科技,SZ,36.28,37.27,34.97,35.31,13409277.0
2023-06-15,300442,润泽科技,SZ,34.34,35.5,33.31,33.69,10001894.0
2023-06-16,300442,润泽科技,SZ,33.1,34.22,33.1,33.85,6594409.0
2023-06-19,300442,润泽科技,SZ,33.85,36.53,33.8,36.08,12007372.0
2023-06-20,300442,润泽科技,SZ,35.7,37.17,35.5,36.91,10097740.0
2023-06-21,300442,润泽科技,SZ,36.5,36.55,34.78,34.8,6832859.0
2023-06-26,300442,润泽科技,SZ,34.3,34.7,32.37,32.67,6485307.0
2023-06-27,300442,润泽科技,SZ,32.6,33.18,32.1,32.69,4002627.0
2023-06-28,300442,润泽科技,SZ,32.5,32.66,29.86,30.83,7583400.0
2023-06-29,300442,润泽科技,SZ,30.41,31.28,30.3,30.4,3145000.0
2023-06-30,300442,润泽科技,SZ,30.27,30.98,30.0,30.76,2511556.0
2023-07-03,300442,润泽科技,SZ,30.76,31.32,29.96,31.05,4625732.0
2023-07-04,300442,润泽科技,SZ,31.0,32.5,30.9,32.24,4567543.0
2023-07-05,300442,润泽科技,SZ,32.6,32.6,31.3,31.42,2781440.0
2023-07-06,300442,润泽科技,SZ,31.2,31.75,30.5,30.62,3893180.0
2023-07-07,300442,润泽科技,SZ,30.5,30.76,30.14,30.42,2178660.0
2023-07-10,300442,润泽科技,SZ,30.55,30.68,29.02,29.65,4758540.0
2023-07-11,300442,润泽科技,SZ,29.65,29.97,29.15,29.4,3211420.0
2023-07-12,300442,润泽科技,SZ,29.55,29.55,28.5,28.75,4196800.0
2023-07-13,300442,润泽科技,SZ,28.7,29.04,28.45,28.53,3530420.0
2023-07-14,300442,润泽科技,SZ,28.54,29.45,28.54,29.07,4815660.0
2023-07-17,300442,润泽科技,SZ,29.0,29.19,28.53,28.74,2755707.0
2023-07-18,300442,润泽科技,SZ,28.79,28.95,28.52,28.56,2216840.0
2023-07-19,300442,润泽科技,SZ,29.0,29.27,28.48,28.67,2994204.0
2023-07-20,300442,润泽科技,SZ,28.69,28.91,28.09,28.22,2164041.0
2023-07-21,300442,润泽科技,SZ,28.26,28.29,27.61,27.89,3346715.0
2023-07-24,300442,润泽科技,SZ,28.02,28.6,27.9,28.1,2328140.0
2023-07-25,300442,润泽科技,SZ,28.31,28.65,28.14,28.44,2411990.0
2023-07-26,300442,润泽科技,SZ,28.57,28.59,27.91,28.06,2108720.0
2023-07-27,300442,润泽科技,SZ,28.06,29.84,27.96,29.36,5896379.0
2023-07-28,300442,润泽科技,SZ,29.78,29.78,28.31,28.94,4285820.0
2023-07-31,300442,润泽科技,SZ,29.0,29.07,28.2,28.4,3921900.0
2023-08-01,300442,润泽科技,SZ,28.63,28.63,27.75,28.03,3212267.0
2023-08-02,300442,润泽科技,SZ,28.12,28.12,27.58,27.68,2253400.0
2023-08-03,300442,润泽科技,SZ,27.64,27.83,27.03,27.42,3312456.0
2023-08-04,300442,润泽科技,SZ,27.42,28.75,27.28,28.6,4612600.0
2023-08-07,300442,润泽科技,SZ,28.13,28.59,27.42,27.59,4185320.0
2023-08-08,300442,润泽科技,SZ,27.41,27.94,27.4,27.69,1856016.0
2023-08-09,300442,润泽科技,SZ,27.6,27.74,26.95,27.47,2418495.0
2023-08-10,300442,润泽科技,SZ,27.39,28.37,27.39,27.98,2056515.0
2023-08-11,300442,润泽科技,SZ,27.89,28.21,27.72,27.88,1578920.0
2023-08-14,300442,润泽科技,SZ,27.45,28.28,27.34,28.17,2101120.0
2023-08-15,300442,润泽科技,SZ,27.88,28.01,26.7,26.87,3860280.0
2023-08-16,300442,润泽科技,SZ,26.44,26.44,22.02,23.48,34949049.0
2023-08-17,300442,润泽科技,SZ,23.02,23.16,21.85,22.93,20629953.0
2023-08-18,300442,润泽科技,SZ,22.95,23.88,22.62,22.65,13662975.0
2023-08-21,300442,润泽科技,SZ,22.81,23.6,22.49,23.05,11412129.0
2023-08-22,300442,润泽科技,SZ,22.95,24.08,22.95,23.61,12749458.0
2023-08-23,300442,润泽科技,SZ,23.62,23.88,22.8,23.01,11193076.0
2023-08-24,300442,润泽科技,SZ,23.18,23.49,22.77,23.07,7748803.0
2023-08-25,300442,润泽科技,SZ,23.01,23.68,22.68,23.29,9276711.0
2023-08-28,300442,润泽科技,SZ,24.99,25.1,23.4,23.48,9508056.0
2023-08-29,300442,润泽科技,SZ,23.31,25.07,23.25,24.66,12107134.0
2023-08-30,300442,润泽科技,SZ,24.5,26.77,24.3,25.89,14455079.0
2023-08-31,300442,润泽科技,SZ,26.08,26.18,25.36,25.7,8984792.0
2023-09-01,300442,润泽科技,SZ,25.5,25.8,25.34,25.5,5114692.0
2023-09-04,300442,润泽科技,SZ,25.79,26.58,25.55,26.42,12263678.0
2023-09-05,300442,润泽科技,SZ,26.26,26.7,26.1,26.4,5856716.0
2023-09-06,300442,润泽科技,SZ,26.21,26.42,25.74,26.25,5131074.0
2023-09-07,300442,润泽科技,SZ,26.31,26.41,25.9,25.91,4210320.0
2023-09-08,300442,润泽科技,SZ,25.81,26.35,25.7,26.25,6118560.0
2023-09-11,300442,润泽科技,SZ,26.25,26.34,25.46,25.7,6924521.0
2023-09-12,300442,润泽科技,SZ,25.72,25.96,25.26,25.67,6784139.0
2023-09-13,300442,润泽科技,SZ,25.68,25.68,24.71,24.83,6934860.0
2023-09-14,300442,润泽科技,SZ,24.82,25.29,24.58,24.6,5510769.0
2023-09-15,300442,润泽科技,SZ,24.68,24.79,24.28,24.39,5159820.0
2023-09-18,300442,润泽科技,SZ,24.35,24.78,24.26,24.49,4039311.0
2023-09-19,300442,润泽科技,SZ,24.49,24.55,23.41,23.89,11286262.0
2023-09-20,300442,润泽科技,SZ,24.09,24.65,23.92,24.28,7289080.0
2023-09-21,300442,润泽科技,SZ,24.46,24.65,24.0,24.17,5925217.0
2023-09-22,300442,润泽科技,SZ,24.06,24.96,24.06,24.85,7506415.0
2023-09-25,300442,润泽科技,SZ,25.0,25.19,24.38,24.51,6077160.0
2023-09-26,300442,润泽科技,SZ,24.44,24.83,24.26,24.3,4060833.0
2023-09-27,300442,润泽科技,SZ,24.36,24.87,24.3,24.53,4301930.0
2023-09-28,300442,润泽科技,SZ,24.53,24.88,24.0,24.35,6855616.0
2023-10-09,300442,润泽科技,SZ,24.39,24.4,24.12,24.27,4723042.0
2023-10-10,300442,润泽科技,SZ,24.63,24.71,24.18,24.31,4286822.0
2023-10-11,300442,润泽科技,SZ,23.97,24.96,23.92,24.53,6343056.0
2023-10-12,300442,润泽科技,SZ,24.58,24.98,24.3,24.5,5093460.0
2023-10-13,300442,润泽科技,SZ,24.35,24.44,24.0,24.14,4145840.0
2023-10-16,300442,润泽科技,SZ,24.1,24.23,23.54,23.66,3944990.0
2023-10-17,300442,润泽科技,SZ,23.87,23.94,23.34,23.85,3564840.0
2023-10-18,300442,润泽科技,SZ,23.79,23.79,22.82,23.18,4213908.0
2023-10-19,300442,润泽科技,SZ,23.08,23.46,22.63,22.78,4117608.0
2023-10-20,300442,润泽科技,SZ,22.77,22.77,21.7,21.87,7705266.0
2023-10-23,300442,润泽科技,SZ,21.7,21.8,20.54,20.8,10988187.0
2023-10-24,300442,润泽科技,SZ,20.89,21.39,20.4,21.13,6683142.0
2023-10-25,300442,润泽科技,SZ,21.19,22.45,21.11,22.24,9216235.0
2023-10-26,300442,润泽科技,SZ,22.15,23.33,22.0,23.2,11714920.0
2023-10-27,300442,润泽科技,SZ,23.3,23.79,22.56,23.29,11153473.0
2023-10-30,300442,润泽科技,SZ,23.17,23.82,22.8,23.55,10367565.0
2023-10-31,300442,润泽科技,SZ,23.68,23.7,23.08,23.35,7578920.0
2023-11-01,300442,润泽科技,SZ,23.42,23.61,22.9,22.94,6060393.0
2023-11-02,300442,润泽科技,SZ,22.93,23.02,22.24,22.26,7047572.0
2023-11-03,300442,润泽科技,SZ,22.33,22.96,22.33,22.73,5381660.0
2023-11-06,300442,润泽科技,SZ,22.78,23.68,22.7,23.52,6923364.0
2023-11-07,300442,润泽科技,SZ,23.8,24.58,23.46,24.43,11443380.0
2023-11-08,300442,润泽科技,SZ,25.05,25.25,24.4,24.7,11462846.0
2023-11-09,300442,润泽科技,SZ,24.88,26.03,24.67,25.17,14556086.0
2023-11-10,300442,润泽科技,SZ,25.11,25.11,24.1,24.16,11110489.0
2023-11-13,300442,润泽科技,SZ,24.4,25.16,24.35,25.06,14045873.0
2023-11-14,300442,润泽科技,SZ,25.37,26.43,25.02,26.12,18746801.0
2023-11-15,300442,润泽科技,SZ,26.12,26.36,25.62,25.92,12974135.0
2023-11-16,300442,润泽科技,SZ,25.78,27.58,25.62,26.5,22741638.0
2023-11-17,300442,润泽科技,SZ,26.55,27.19,26.4,27.06,16059418.0
2023-11-20,300442,润泽科技,SZ,27.25,27.78,26.78,27.6,15120863.0
2023-11-21,300442,润泽科技,SZ,27.5,27.5,26.54,26.65,12160897.0
2023-11-22,300442,润泽科技,SZ,26.5,27.15,26.49,26.74,10336748.0
2023-11-23,300442,润泽科技,SZ,26.66,26.85,25.8,26.8,9926441.0
2023-11-24,300442,润泽科技,SZ,26.82,27.0,26.36,26.48,5520342.0
2023-11-27,300442,润泽科技,SZ,26.2,26.89,26.13,26.34,5929810.0
2023-11-28,300442,润泽科技,SZ,26.36,27.28,26.36,27.1,10032838.0
2023-11-29,300442,润泽科技,SZ,26.81,26.99,26.2,26.43,12812521.0
2023-11-30,300442,润泽科技,SZ,26.46,27.0,25.8,27.0,14789769.0
2023-12-01,300442,润泽科技,SZ,26.58,26.94,26.45,26.7,7224760.0
2023-12-04,300442,润泽科技,SZ,26.73,27.5,26.67,26.9,10615413.0
2023-12-05,300442,润泽科技,SZ,26.66,26.88,25.93,25.93,10054497.0
2023-12-06,300442,润泽科技,SZ,25.78,26.34,25.61,26.02,5378706.0
2023-12-07,300442,润泽科技,SZ,25.82,26.54,25.82,26.4,5319939.0
2023-12-08,300442,润泽科技,SZ,26.5,27.72,26.27,27.47,18153388.0
2023-12-11,300442,润泽科技,SZ,27.25,28.13,27.1,27.99,13026816.0
2023-12-12,300442,润泽科技,SZ,27.93,28.05,27.39,27.7,7564428.0
2023-12-13,300442,润泽科技,SZ,27.71,27.87,26.81,26.92,7026709.0
2023-12-14,300442,润泽科技,SZ,26.82,27.35,26.5,26.64,5930428.0
2023-12-15,300442,润泽科技,SZ,26.65,26.87,26.14,26.7,4917813.0
2023-12-18,300442,润泽科技,SZ,26.57,26.65,25.7,25.88,6123134.0
2023-12-19,300442,润泽科技,SZ,25.88,26.12,25.51,25.8,6064185.0
2023-12-20,300442,润泽科技,SZ,25.8,25.9,25.11,25.46,4907703.0
2023-12-21,300442,润泽科技,SZ,25.31,25.73,24.99,25.44,6396856.0
2023-12-22,300442,润泽科技,SZ,25.5,25.67,24.3,24.55,8085420.0
2023-12-25,300442,润泽科技,SZ,24.51,24.98,24.51,24.72,3455300.0
2023-12-26,300442,润泽科技,SZ,24.9,24.9,23.96,24.12,4773211.0
2023-12-27,300442,润泽科技,SZ,24.29,24.95,24.12,24.79,5771880.0
2023-12-28,300442,润泽科技,SZ,24.75,24.98,24.31,24.86,5733931.0
2023-12-29,300442,润泽科技,SZ,24.77,25.47,24.69,25.37,4715034.0
2024-01-02,300442,润泽科技,SZ,25.33,25.42,24.4,24.54,7840588.0
2024-01-03,300442,润泽科技,SZ,24.31,24.79,24.17,24.47,3863552.0
2024-01-04,300442,润泽科技,SZ,24.36,24.46,23.77,24.18,3756364.0
2024-01-05,300442,润泽科技,SZ,24.19,24.32,23.44,23.7,5933591.0
2024-01-08,300442,润泽科技,SZ,23.56,23.56,22.83,23.08,5330583.0
2024-01-09,300442,润泽科技,SZ,23.08,23.3,22.7,22.9,3573507.0
2024-01-10,300442,润泽科技,SZ,22.93,22.93,22.38,22.41,4163276.0
2024-01-11,300442,润泽科技,SZ,22.45,23.16,22.25,23.13,4356624.0
2024-01-12,300442,润泽科技,SZ,23.0,23.21,22.66,22.7,4155418.0
2024-01-15,300442,润泽科技,SZ,22.54,22.9,22.07,22.29,4616127.0
2024-01-16,300442,润泽科技,SZ,22.37,22.37,21.93,22.22,3728748.0
2024-01-17,300442,润泽科技,SZ,22.18,22.36,21.67,21.67,3276254.0
2024-01-18,300442,润泽科技,SZ,21.43,21.9,21.01,21.79,4493474.0
2024-01-19,300442,润泽科技,SZ,21.82,22.7,21.68,21.99,7082363.0
2024-01-22,300442,润泽科技,SZ,22.0,22.3,20.41,20.5,7613050.0
2024-01-23,300442,润泽科技,SZ,20.39,21.08,20.32,20.77,5053568.0
2024-01-24,300442,润泽科技,SZ,20.9,21.1,20.15,20.83,5899303.0
2024-01-25,300442,润泽科技,SZ,20.94,21.61,20.3,21.5,6509142.0
2024-01-26,300442,润泽科技,SZ,21.41,21.65,20.78,21.0,4619241.0
2024-01-29,300442,润泽科技,SZ,21.0,21.27,19.89,19.97,5756872.0
2024-01-30,300442,润泽科技,SZ,20.49,21.43,20.27,20.37,12512289.0
2024-01-31,300442,润泽科技,SZ,20.61,20.87,19.8,19.88,8648823.0
2024-02-01,300442,润泽科技,SZ,15.9,20.52,15.9,19.33,13591039.0
2024-02-02,300442,润泽科技,SZ,19.48,20.16,18.45,19.07,10228070.0
2024-02-05,300442,润泽科技,SZ,18.95,19.06,17.64,18.03,11449542.0
2024-02-06,300442,润泽科技,SZ,18.2,19.73,17.67,19.38,10565902.0
2024-02-07,300442,润泽科技,SZ,19.71,20.2,19.11,19.36,13060010.0
2024-02-08,300442,润泽科技,SZ,19.45,20.56,19.42,20.51,12181536.0
2024-02-19,300442,润泽科技,SZ,21.57,21.84,21.0,21.73,15176580.0
2024-02-20,300442,润泽科技,SZ,21.34,22.46,21.26,22.41,11078208.0
2024-02-21,300442,润泽科技,SZ,21.87,23.03,21.86,22.39,11150979.0
2024-02-22,300442,润泽科技,SZ,23.61,24.6,23.4,24.57,17921623.0
2024-02-23,300442,润泽科技,SZ,24.98,26.16,24.09,25.64,16645772.0
2024-02-26,300442,润泽科技,SZ,25.37,26.03,25.08,25.25,10786838.0
2024-02-27,300442,润泽科技,SZ,25.06,26.8,24.75,26.51,14824390.0
2024-02-28,300442,润泽科技,SZ,26.51,27.27,25.15,25.15,16633743.0
2024-02-29,300442,润泽科技,SZ,25.0,26.29,25.0,25.93,11151052.0
2024-03-01,300442,润泽科技,SZ,26.13,26.97,26.04,26.46,12068215.0
2024-03-04,300442,润泽科技,SZ,26.98,29.14,26.58,27.61,28971605.0
2024-03-05,300442,润泽科技,SZ,27.23,27.23,25.62,25.82,27032532.0
2024-03-06,300442,润泽科技,SZ,25.59,25.8,25.0,25.2,19312023.0
2024-03-07,300442,润泽科技,SZ,25.33,25.74,24.42,24.85,13795629.0
2024-03-08,300442,润泽科技,SZ,24.89,25.35,24.53,25.09,21554325.0
2024-03-11,300442,润泽科技,SZ,24.6,25.46,24.2,25.03,23927134.0
2024-03-12,300442,润泽科技,SZ,25.99,27.15,24.5,24.99,33051045.0
2024-03-13,300442,润泽科技,SZ,24.97,25.34,24.65,24.73,16937179.0
2024-03-14,300442,润泽科技,SZ,24.46,24.68,23.9,24.07,18257990.0
2024-03-15,300442,润泽科技,SZ,23.91,25.16,23.84,25.1,16334923.0
2024-03-18,300442,润泽科技,SZ,25.27,25.85,24.82,25.0,20214395.0
2024-03-19,300442,润泽科技,SZ,24.9,25.45,24.45,24.98,17441888.0
2024-03-20,300442,润泽科技,SZ,25.1,27.15,24.78,27.06,41845437.0
2024-03-21,300442,润泽科技,SZ,28.69,31.25,27.7,28.11,116559747.0
2024-03-22,300442,润泽科技,SZ,29.4,33.73,28.8,33.73,106769526.0
2024-03-25,300442,润泽科技,SZ,34.9,36.28,31.0,32.7,114469685.0
2024-03-26,300442,润泽科技,SZ,32.54,34.76,31.45,31.9,86711928.0
2024-03-27,300442,润泽科技,SZ,30.7,31.88,28.8,28.96,78525585.0
2024-03-28,300442,润泽科技,SZ,28.97,31.28,28.8,30.41,65859242.0
2024-03-29,300442,润泽科技,SZ,29.75,32.05,29.33,31.01,57356944.0
2024-04-01,300442,润泽科技,SZ,30.54,31.49,30.0,30.87,42777921.0
2024-04-02,300442,润泽科技,SZ,30.48,30.5,28.02,28.33,59610722.0
2024-04-03,300442,润泽科技,SZ,28.1,28.56,26.3,26.53,46999593.0
2024-04-08,300442,润泽科技,SZ,26.2,27.31,26.14,26.52,27435524.0
2024-04-09,300442,润泽科技,SZ,26.5,26.76,25.8,26.56,21408908.0
2024-04-10,300442,润泽科技,SZ,26.69,27.16,25.91,26.11,26595800.0
2024-04-11,300442,润泽科技,SZ,25.95,27.31,25.95,26.77,30616912.0
2024-04-12,300442,润泽科技,SZ,26.76,28.7,26.75,27.79,39976424.0
2024-04-15,300442,润泽科技,SZ,27.65,28.79,27.3,28.08,34995267.0
2024-04-16,300442,润泽科技,SZ,27.61,29.18,26.5,28.65,39208697.0
2024-04-17,300442,润泽科技,SZ,28.4,30.85,28.3,30.72,41507394.0
2024-04-18,300442,润泽科技,SZ,29.5,30.78,29.2,29.2,42642191.0
2024-04-19,300442,润泽科技,SZ,28.87,29.69,27.91,28.4,33587752.0
2024-04-22,300442,润泽科技,SZ,27.0,28.28,24.89,28.03,33969840.0
2024-04-23,300442,润泽科技,SZ,28.15,28.62,27.68,28.02,16702944.0
2024-04-24,300442,润泽科技,SZ,28.28,30.33,28.14,30.03,33655498.0
2024-04-25,300442,润泽科技,SZ,29.6,30.2,29.59,29.78,20934823.0
2024-04-26,300442,润泽科技,SZ,30.37,31.55,30.18,30.89,39103864.0
2024-04-29,300442,润泽科技,SZ,31.65,32.5,31.06,31.32,38949686.0
2024-04-30,300442,润泽科技,SZ,31.35,32.21,31.0,31.41,26724908.0
2024-05-06,300442,润泽科技,SZ,32.06,32.3,30.27,30.57,29980151.0
2024-05-07,300442,润泽科技,SZ,30.58,31.14,30.0,30.25,23516649.0
2024-05-08,300442,润泽科技,SZ,30.0,30.59,29.65,29.68,15401391.0
2024-05-09,300442,润泽科技,SZ,29.74,30.13,29.39,29.53,18342635.0
2024-05-10,300442,润泽科技,SZ,29.6,29.76,28.62,28.74,20262551.0
2024-05-13,300442,润泽科技,SZ,28.58,29.11,28.28,28.72,13444904.0
2024-05-14,300442,润泽科技,SZ,29.02,30.14,28.49,29.92,26820124.0
2024-05-15,300442,润泽科技,SZ,29.8,29.97,29.01,29.01,16407407.0
2024-05-16,300442,润泽科技,SZ,29.35,29.58,27.0,27.1,36865344.0
2024-05-17,300442,润泽科技,SZ,27.22,27.58,26.71,27.23,23476941.0
2024-05-20,300442,润泽科技,SZ,27.3,28.07,26.96,27.93,16222577.0
2024-05-21,300442,润泽科技,SZ,27.93,28.11,27.29,27.51,10590432.0
2024-05-22,300442,润泽科技,SZ,27.51,27.86,27.16,27.37,9452947.0
2024-05-23,300442,润泽科技,SZ,27.7,28.05,26.65,26.72,13161429.0
2024-05-24,300442,润泽科技,SZ,26.85,27.0,26.16,26.19,12707058.0
2024-05-27,300442,润泽科技,SZ,26.33,26.5,25.8,26.47,13245716.0
2024-05-28,300442,润泽科技,SZ,26.45,26.45,24.8,24.97,24403274.0
2024-05-29,300442,润泽科技,SZ,25.1,25.38,24.8,25.15,12780072.0
2024-05-30,300442,润泽科技,SZ,25.1,25.67,24.63,25.33,10265111.0
2024-05-31,300442,润泽科技,SZ,25.48,26.16,25.35,25.67,14664043.0
2024-06-03,300442,润泽科技,SZ,26.18,26.99,25.97,26.69,21744919.0
2024-06-04,300442,润泽科技,SZ,26.69,27.24,26.59,27.0,16350043.0
2024-06-05,300442,润泽科技,SZ,26.86,27.7,26.86,27.21,15499122.0
2024-06-06,300442,润泽科技,SZ,27.3,27.55,26.5,26.74,17671226.0
2024-06-07,300442,润泽科技,SZ,26.77,26.93,26.16,26.6,11490209.0
2024-06-11,300442,润泽科技,SZ,26.25,27.14,25.8,27.1,13404163.0
2024-06-12,300442,润泽科技,SZ,27.14,28.49,26.95,28.31,21397540.0
2024-06-13,300442,润泽科技,SZ,28.25,29.27,28.09,28.89,24976281.0
2024-06-14,300442,润泽科技,SZ,28.97,29.77,28.1,28.36,52182998.0
2024-06-17,300442,润泽科技,SZ,28.1,28.11,27.07,27.27,21970120.0
2024-06-18,300442,润泽科技,SZ,27.3,27.78,27.05,27.35,14012722.0
2024-06-19,300442,润泽科技,SZ,27.42,27.46,26.6,26.66,11988880.0
2024-06-20,300442,润泽科技,SZ,26.5,26.65,25.83,25.83,11314560.0
2024-06-21,300442,润泽科技,SZ,25.72,26.28,25.53,26.19,9071580.0
2024-06-24,300442,润泽科技,SZ,25.99,26.1,24.4,24.5,16153300.0
2024-06-25,300442,润泽科技,SZ,24.44,24.66,23.68,23.94,11506300.0
2024-06-26,300442,润泽科技,SZ,24.05,25.12,23.7,24.98,13836273.0
2024-06-27,300442,润泽科技,SZ,24.7,24.87,24.01,24.08,10293997.0
2024-06-28,300442,润泽科技,SZ,24.0,24.57,23.86,23.95,11228327.0
2024-07-01,300442,润泽科技,SZ,24.02,24.16,23.08,24.08,13086277.0
2024-07-02,300442,润泽科技,SZ,23.99,24.1,23.55,23.67,7786856.0
2024-07-03,300442,润泽科技,SZ,23.67,23.72,23.16,23.25,6633378.0
2024-07-04,300442,润泽科技,SZ,23.4,23.45,22.65,22.74,7983031.0
2024-07-05,300442,润泽科技,SZ,22.77,23.25,22.47,23.06,8062923.0
2024-07-08,300442,润泽科技,SZ,22.91,23.05,22.08,22.16,11191793.0
2024-07-09,300442,润泽科技,SZ,22.16,23.05,21.94,22.89,13197505.0
2024-07-10,300442,润泽科技,SZ,22.8,23.3,22.68,23.01,12043200.0
2024-07-11,300442,润泽科技,SZ,23.6,23.79,23.11,23.33,12686060.0
2024-07-12,300442,润泽科技,SZ,23.13,23.15,22.54,22.79,9839019.0
2024-07-15,300442,润泽科技,SZ,22.74,23.25,22.5,23.0,9979066.0
2024-07-16,300442,润泽科技,SZ,22.85,23.33,22.61,23.12,10708845.0
2024-07-17,300442,润泽科技,SZ,23.12,23.43,22.87,22.88,9027053.0
2024-07-18,300442,润泽科技,SZ,22.62,22.68,21.9,22.6,11719822.0
2024-07-19,300442,润泽科技,SZ,22.36,23.13,22.34,23.03,9472086.0
2024-07-22,300442,润泽科技,SZ,23.05,23.1,22.38,22.53,9213440.0
2024-07-23,300442,润泽科技,SZ,22.54,22.65,21.47,21.47,11916220.0
2024-07-24,300442,润泽科技,SZ,21.47,21.98,21.32,21.38,10598376.0
2024-07-25,300442,润泽科技,SZ,21.18,21.68,20.98,21.31,6596080.0
2024-07-26,300442,润泽科技,SZ,21.36,22.27,21.25,22.05,11297330.0
2024-07-29,300442,润泽科技,SZ,21.98,22.05,21.47,21.75,7237362.0
2024-07-30,300442,润泽科技,SZ,21.75,21.87,21.35,21.6,5565927.0
2024-07-31,300442,润泽科技,SZ,21.63,22.56,21.59,22.53,12036105.0
2024-08-01,300442,润泽科技,SZ,22.46,22.67,21.96,22.1,10184320.0
2024-08-02,300442,润泽科技,SZ,21.91,22.02,21.5,21.52,8180160.0
2024-08-05,300442,润泽科技,SZ,21.38,21.69,20.67,20.67,10374580.0
2024-08-06,300442,润泽科技,SZ,21.2,21.34,20.84,21.26,8701080.0
2024-08-07,300442,润泽科技,SZ,21.21,21.31,20.81,20.88,8790994.0
2024-08-08,300442,润泽科技,SZ,20.95,21.88,20.79,21.44,14882380.0
2024-08-09,300442,润泽科技,SZ,21.44,21.78,21.02,21.06,8350241.0
2024-08-12,300442,润泽科技,SZ,20.97,21.31,20.77,21.05,5786580.0
2024-08-13,300442,润泽科技,SZ,20.88,21.23,20.75,21.06,5322300.0
2024-08-14,300442,润泽科技,SZ,21.1,21.21,20.85,20.97,5413533.0
2024-08-15,300442,润泽科技,SZ,20.88,21.58,20.77,21.15,8673580.0
2024-08-16,300442,润泽科技,SZ,21.21,21.47,21.1,21.3,7110120.0
2024-08-19,300442,润泽科技,SZ,21.3,23.0,21.2,22.75,24747771.0
2024-08-20,300442,润泽科技,SZ,22.76,22.79,22.11,22.23,15511818.0
2024-08-21,300442,润泽科技,SZ,22.01,22.77,21.87,22.26,13818440.0
2024-08-22,300442,润泽科技,SZ,22.24,23.6,22.24,22.87,22368276.0
2024-08-23,300442,润泽科技,SZ,23.24,23.3,22.58,22.87,20721169.0
2024-08-26,300442,润泽科技,SZ,22.66,22.93,22.28,22.56,13321906.0
2024-08-27,300442,润泽科技,SZ,22.6,23.12,22.32,22.47,11913349.0
2024-08-28,300442,润泽科技,SZ,22.33,23.0,22.28,22.85,12241200.0
2024-08-29,300442,润泽科技,SZ,22.61,23.09,22.4,22.83,11578969.0
2024-08-30,300442,润泽科技,SZ,22.75,24.15,22.71,23.88,19312807.0
2024-09-02,300442,润泽科技,SZ,23.7,23.98,22.87,22.9,13394040.0
2024-09-03,300442,润泽科技,SZ,22.9,23.34,22.86,23.2,9430948.0
2024-09-04,300442,润泽科技,SZ,22.98,23.3,22.85,22.93,8441524.0
2024-09-05,300442,润泽科技,SZ,22.91,23.24,22.64,22.66,9630395.0
2024-09-06,300442,润泽科技,SZ,22.62,22.81,22.05,22.11,7798460.0
2024-09-09,300442,润泽科技,SZ,21.93,22.39,21.8,22.04,7575481.0
2024-09-10,300442,润泽科技,SZ,22.05,23.09,21.81,22.81,11536080.0
2024-09-11,300442,润泽科技,SZ,22.71,23.07,22.64,22.92,6952741.0
2024-09-12,300442,润泽科技,SZ,22.99,23.62,22.98,23.11,11494138.0
2024-09-13,300442,润泽科技,SZ,23.23,23.57,23.03,23.18,10803866.0
2024-09-18,300442,润泽科技,SZ,23.18,23.64,22.91,23.26,7385937.0
2024-09-19,300442,润泽科技,SZ,23.35,23.52,22.78,23.21,9503166.0
2024-09-20,300442,润泽科技,SZ,23.33,23.55,23.06,23.29,7700396.0
2024-09-23,300442,润泽科技,SZ,23.2,23.34,22.72,22.79,8070301.0
2024-09-24,300442,润泽科技,SZ,22.81,24.35,22.81,24.25,18647009.0
2024-09-25,300442,润泽科技,SZ,24.95,26.43,24.95,25.15,26413027.0
2024-09-26,300442,润泽科技,SZ,25.09,26.2,25.0,26.17,17621227.0
2024-09-27,300442,润泽科技,SZ,26.5,28.08,25.89,27.47,27850168.0
2024-09-30,300442,润泽科技,SZ,28.63,32.22,28.63,32.05,36482609.0
2024-10-08,300442,润泽科技,SZ,38.46,38.46,36.08,38.46,59584283.0
2024-10-09,300442,润泽科技,SZ,37.0,37.77,33.94,34.12,47134519.0
2024-10-10,300442,润泽科技,SZ,35.06,36.19,33.71,33.83,36621879.0
2024-10-11,300442,润泽科技,SZ,31.0,32.58,29.5,29.96,38901363.0
2024-10-14,300442,润泽科技,SZ,30.0,31.1,28.96,30.79,31977232.0
2024-10-15,300442,润泽科技,SZ,30.49,32.57,30.1,30.96,31987063.0
2024-10-16,300442,润泽科技,SZ,29.85,30.78,29.82,30.04,18774839.0
2024-10-17,300442,润泽科技,SZ,30.22,31.5,30.1,30.25,21828336.0
2024-10-18,300442,润泽科技,SZ,30.55,34.3,30.26,33.0,36860345.0
2024-10-21,300442,润泽科技,SZ,33.51,35.68,33.18,34.11,39056530.0
2024-10-22,300442,润泽科技,SZ,33.91,35.55,32.98,34.52,28426459.0
2024-10-23,300442,润泽科技,SZ,34.5,34.67,33.33,33.6,22105093.0
2024-10-24,300442,润泽科技,SZ,33.23,33.28,32.1,32.68,21371839.0
2024-10-25,300442,润泽科技,SZ,33.05,33.3,32.2,32.82,18576955.0
2024-10-28,300442,润泽科技,SZ,33.77,34.09,32.52,33.85,23449616.0
2024-10-29,300442,润泽科技,SZ,33.6,34.33,32.8,32.94,22282652.0
2024-10-30,300442,润泽科技,SZ,33.2,34.16,32.33,32.62,22758011.0
2024-10-31,300442,润泽科技,SZ,32.6,32.93,31.81,32.09,29135747.0
2024-11-01,300442,润泽科技,SZ,31.61,31.81,30.55,30.88,23316822.0
2024-11-04,300442,润泽科技,SZ,31.0,31.69,30.9,31.4,13112180.0
2024-11-05,300442,润泽科技,SZ,31.35,33.34,31.12,33.01,26634513.0
2024-11-06,300442,润泽科技,SZ,33.16,33.38,32.5,32.74,21863409.0
2024-11-07,300442,润泽科技,SZ,32.45,33.86,32.3,33.65,24291380.0
2024-11-08,300442,润泽科技,SZ,33.92,35.47,33.7,33.98,29600706.0
2024-11-11,300442,润泽科技,SZ,33.98,35.05,33.93,34.79,29839535.0
2024-11-12,300442,润泽科技,SZ,35.0,35.88,34.27,34.58,30778314.0
2024-11-13,300442,润泽科技,SZ,34.24,36.5,33.85,36.45,43253349.0
2024-11-14,300442,润泽科技,SZ,36.32,36.32,33.9,34.62,34449636.0
2024-11-15,300442,润泽科技,SZ,34.7,36.66,34.7,35.0,39477014.0
2024-11-18,300442,润泽科技,SZ,35.39,35.85,31.1,31.36,40005602.0
2024-11-19,300442,润泽科技,SZ,31.43,32.2,30.85,32.09,19196468.0
2024-11-20,300442,润泽科技,SZ,32.0,33.13,31.61,32.7,19656218.0
2024-11-21,300442,润泽科技,SZ,32.5,33.08,32.13,32.57,13980500.0
2024-11-22,300442,润泽科技,SZ,32.42,34.06,31.92,31.97,25165372.0
2024-11-25,300442,润泽科技,SZ,31.94,32.55,30.41,31.24,20333664.0
2024-11-26,300442,润泽科技,SZ,31.1,32.25,30.77,31.52,14291609.0
2024-11-27,300442,润泽科技,SZ,31.39,32.06,30.7,32.05,13737181.0
2024-11-28,300442,润泽科技,SZ,32.05,32.35,31.46,31.6,11428213.0
2024-11-29,300442,润泽科技,SZ,31.6,33.63,31.4,33.18,24431742.0
2024-12-02,300442,润泽科技,SZ,33.45,35.68,33.26,34.6,30946640.0
2024-12-03,300442,润泽科技,SZ,34.5,34.6,33.25,33.69,16688982.0
2024-12-04,300442,润泽科技,SZ,33.41,34.06,32.77,33.08,14040151.0
2024-12-05,300442,润泽科技,SZ,33.42,34.62,33.1,33.97,17617441.0
2024-12-06,300442,润泽科技,SZ,33.81,34.52,33.41,33.99,14685390.0
2024-12-09,300442,润泽科技,SZ,34.36,36.46,34.36,35.0,30273402.0
2024-12-10,300442,润泽科技,SZ,36.5,36.99,35.0,35.21,29888664.0
2024-12-11,300442,润泽科技,SZ,36.23,41.88,36.23,40.0,76179266.0
2024-12-12,300442,润泽科技,SZ,41.2,44.99,39.4,43.57,91100743.0
2024-12-13,300442,润泽科技,SZ,42.42,51.45,42.26,48.11,100144664.0
2024-12-16,300442,润泽科技,SZ,48.86,49.61,44.88,45.58,74950761.0
2024-12-17,300442,润泽科技,SZ,45.8,48.5,44.45,44.8,60361953.0
2024-12-18,300442,润泽科技,SZ,43.91,48.81,42.58,47.19,67416513.0
2024-12-19,300442,润泽科技,SZ,46.25,56.63,46.15,56.63,72029787.0
2024-12-20,300442,润泽科技,SZ,55.9,61.88,54.58,57.2,106410423.0
2024-12-23,300442,润泽科技,SZ,57.72,60.78,54.55,59.58,96371099.0
2024-12-24,300442,润泽科技,SZ,58.13,59.1,54.6,56.38,76920102.0
2024-12-25,300442,润泽科技,SZ,55.31,58.8,53.44,55.25,73147100.0
2024-12-26,300442,润泽科技,SZ,55.0,58.57,54.85,56.83,71744397.0
2024-12-27,300442,润泽科技,SZ,55.3,56.71,53.7,54.5,61841068.0
2024-12-30,300442,润泽科技,SZ,55.88,56.28,53.73,53.93,44176733.0
2024-12-31,300442,润泽科技,SZ,52.9,54.69,51.81,51.96,50011014.0
2025-01-02,300442,润泽科技,SZ,52.05,52.6,49.34,50.3,49670222.0
2025-01-03,300442,润泽科技,SZ,50.4,50.65,47.89,48.26,41498576.0
2025-01-06,300442,润泽科技,SZ,48.8,50.12,46.8,47.15,37017962.0
2025-01-07,300442,润泽科技,SZ,47.13,49.09,46.9,48.66,44411318.0
2025-01-08,300442,润泽科技,SZ,47.87,49.55,46.66,49.09,50853164.0
2025-01-09,300442,润泽科技,SZ,48.46,51.58,48.37,50.36,62838553.0
2025-01-10,300442,润泽科技,SZ,49.27,51.54,48.63,48.76,50228453.0
2025-01-13,300442,润泽科技,SZ,47.81,50.59,47.02,50.0,38975081.0
2025-01-14,300442,润泽科技,SZ,51.14,54.6,49.91,54.6,61570238.0
2025-01-15,300442,润泽科技,SZ,53.2,54.19,51.74,52.37,46121971.0
2025-01-16,300442,润泽科技,SZ,53.62,56.9,53.16,53.19,57996258.0
2025-01-17,300442,润泽科技,SZ,52.2,53.63,51.14,52.73,39397690.0
2025-01-20,300442,润泽科技,SZ,53.52,55.3,52.8,54.15,38506484.0
2025-01-21,300442,润泽科技,SZ,55.98,57.31,54.61,55.25,51519249.0
2025-01-22,300442,润泽科技,SZ,55.25,59.58,55.1,57.71,63465595.0
2025-01-23,300442,润泽科技,SZ,58.0,59.45,54.67,55.12,50454583.0
2025-01-24,300442,润泽科技,SZ,55.22,61.0,55.22,60.22,65442318.0
2025-01-27,300442,润泽科技,SZ,62.93,63.33,57.6,59.62,66449586.0
2025-02-05,300442,润泽科技,SZ,61.99,66.59,61.16,62.0,66524690.0
2025-02-06,300442,润泽科技,SZ,60.11,62.61,59.1,62.08,59015098.0
2025-02-07,300442,润泽科技,SZ,62.81,65.8,60.11,62.01,72169480.0
2025-02-10,300442,润泽科技,SZ,61.99,62.97,59.62,61.29,59560681.0
2025-02-11,300442,润泽科技,SZ,60.4,61.66,56.8,58.05,55009294.0
2025-02-12,300442,润泽科技,SZ,57.3,60.6,57.2,58.99,47055841.0
2025-02-13,300442,润泽科技,SZ,59.0,59.0,56.49,56.61,38483546.0
2025-02-14,300442,润泽科技,SZ,56.61,57.5,55.34,57.2,37474604.0
2025-02-17,300442,润泽科技,SZ,59.9,61.92,58.73,60.16,54725507.0
2025-02-18,300442,润泽科技,SZ,59.32,59.86,55.1,55.34,47241688.0
2025-02-19,300442,润泽科技,SZ,55.35,56.5,54.78,56.18,30513716.0
2025-02-20,300442,润泽科技,SZ,56.0,57.94,55.76,57.15,33097588.0
2025-02-21,300442,润泽科技,SZ,60.0,68.58,59.54,68.58,91394073.0
2025-02-24,300442,润泽科技,SZ,69.82,74.8,69.0,70.82,99847134.0
2025-02-25,300442,润泽科技,SZ,68.29,70.16,65.17,67.99,62299232.0
2025-02-26,300442,润泽科技,SZ,68.01,69.59,65.43,68.53,55718485.0
2025-02-27,300442,润泽科技,SZ,67.8,68.55,63.92,65.17,45833588.0
2025-02-28,300442,润泽科技,SZ,64.3,65.38,61.25,62.0,34303109.0
2025-03-03,300442,润泽科技,SZ,62.6,63.63,59.72,62.06,34635021.0
2025-03-04,300442,润泽科技,SZ,60.1,62.23,59.48,61.58,31227901.0
2025-03-05,300442,润泽科技,SZ,63.1,68.89,61.49,67.33,55418009.0
2025-03-06,300442,润泽科技,SZ,68.38,71.11,66.1,68.25,65314026.0
2025-03-07,300442,润泽科技,SZ,66.99,67.99,65.01,65.99,39440295.0
2025-03-10,300442,润泽科技,SZ,65.25,66.43,64.65,65.35,20631890.0
2025-03-11,300442,润泽科技,SZ,64.7,67.6,64.4,67.6,36468909.0
2025-03-12,300442,润泽科技,SZ,68.17,70.98,66.6,66.6,49848987.0
2025-03-13,300442,润泽科技,SZ,66.65,66.88,63.6,64.4,30688959.0
2025-03-14,300442,润泽科技,SZ,64.0,67.0,64.0,66.19,28546669.0
2025-03-17,300442,润泽科技,SZ,65.9,65.96,64.3,64.95,18690918.0
2025-03-18,300442,润泽科技,SZ,65.59,67.68,65.4,65.67,26245000.0
2025-03-19,300442,润泽科技,SZ,66.0,66.81,63.69,63.98,22833865.0
2025-03-20,300442,润泽科技,SZ,62.3,63.48,60.44,62.0,27487944.0
2025-03-21,300442,润泽科技,SZ,62.56,62.61,60.21,60.49,22482588.0
2025-03-24,300442,润泽科技,SZ,60.8,61.44,58.6,59.99,21060332.0
2025-03-25,300442,润泽科技,SZ,59.68,60.3,55.38,55.67,36041289.0
2025-03-26,300442,润泽科技,SZ,56.0,57.6,56.0,56.69,17705087.0
2025-03-27,300442,润泽科技,SZ,56.69,57.58,55.57,55.71,16140992.0
2025-03-28,300442,润泽科技,SZ,57.5,58.48,56.02,56.1,29824938.0
2025-03-31,300442,润泽科技,SZ,56.41,57.66,55.06,57.14,26498469.0
2025-04-01,300442,润泽科技,SZ,57.43,57.6,55.85,56.08,17073692.0
2025-04-02,300442,润泽科技,SZ,55.89,57.29,55.57,57.13,16029509.0
2025-04-03,300442,润泽科技,SZ,56.45,57.34,55.3,56.06,13239727.0
2025-04-07,300442,润泽科技,SZ,51.0,52.99,46.0,50.24,39187889.0
2025-04-08,300442,润泽科技,SZ,51.35,51.49,48.52,50.0,29244492.0
2025-04-09,300442,润泽科技,SZ,49.0,52.15,48.15,51.59,29350350.0
2025-04-10,300442,润泽科技,SZ,55.0,55.0,52.55,52.55,26100159.0
2025-04-11,300442,润泽科技,SZ,52.88,55.96,52.56,54.81,25119974.0
2025-04-14,300442,润泽科技,SZ,55.05,55.88,53.95,54.15,17800127.0
2025-04-15,300442,润泽科技,SZ,53.9,55.26,53.25,54.79,17558780.0
2025-04-16,300442,润泽科技,SZ,54.06,54.51,51.73,52.92,17827924.0
2025-04-17,300442,润泽科技,SZ,52.0,53.19,51.55,52.0,13209419.0
2025-04-18,300442,润泽科技,SZ,52.0,53.16,51.63,52.21,10418068.0
2025-04-21,300442,润泽科技,SZ,52.67,54.8,51.6,54.33,18800681.0
2025-04-22,300442,润泽科技,SZ,53.73,54.27,52.53,52.82,15115040.0
2025-04-23,300442,润泽科技,SZ,53.22,54.92,53.21,54.3,18432999.0
2025-04-24,300442,润泽科技,SZ,46.24,50.0,45.1,46.61,66416478.0
2025-04-25,300442,润泽科技,SZ,46.22,46.85,45.3,45.8,35273345.0
2025-04-28,300442,润泽科技,SZ,46.04,47.3,45.36,46.31,27626168.0
2025-04-29,300442,润泽科技,SZ,46.58,46.91,46.07,46.3,20039746.0
2025-04-30,300442,润泽科技,SZ,46.4,48.78,46.4,48.57,30147469.0
2025-05-06,300442,润泽科技,SZ,49.5,51.44,49.0,50.48,28094511.0
2025-05-07,300442,润泽科技,SZ,50.48,50.8,47.4,48.26,46987808.0
2025-05-08,300442,润泽科技,SZ,48.0,48.59,47.6,48.27,21046561.0
2025-05-09,300442,润泽科技,SZ,48.09,48.09,46.48,46.73,23113257.0
2025-05-12,300442,润泽科技,SZ,47.29,47.36,46.69,47.06,15574765.0
2025-05-13,300442,润泽科技,SZ,47.7,47.98,46.3,46.48,20714625.0
2025-05-14,300442,润泽科技,SZ,46.5,46.98,46.0,46.46,16549532.0
2025-05-15,300442,润泽科技,SZ,46.38,46.39,44.26,44.27,26389523.0
2025-05-16,300442,润泽科技,SZ,44.09,45.15,43.73,44.6,18111670.0
2025-05-19,300442,润泽科技,SZ,44.55,44.75,43.9,44.55,13299497.0
2025-05-20,300442,润泽科技,SZ,44.7,45.37,44.31,45.23,17746202.0
2025-05-21,300442,润泽科技,SZ,45.13,45.49,44.78,45.26,12551879.0
2025-05-22,300442,润泽科技,SZ,44.96,45.21,44.38,44.49,12593923.0
2025-05-23,300442,润泽科技,SZ,44.42,44.85,43.44,43.44,15514419.0
2025-05-26,300442,润泽科技,SZ,43.54,45.7,43.54,45.18,24517830.0
2025-05-27,300442,润泽科技,SZ,44.81,45.33,44.08,44.2,14379257.0
2025-05-28,300442,润泽科技,SZ,44.3,44.57,43.51,43.79,11811523.0
2025-05-29,300442,润泽科技,SZ,43.71,44.49,43.71,44.14,13095352.0
2025-05-30,300442,润泽科技,SZ,43.94,43.94,42.81,42.93,15099689.0
2025-06-03,300442,润泽科技,SZ,42.06,43.43,42.06,42.34,16117926.0
2025-06-04,300442,润泽科技,SZ,42.76,44.44,42.52,43.52,20340330.0
2025-06-05,300442,润泽科技,SZ,43.49,45.07,43.23,44.79,23379675.0
2025-06-06,300442,润泽科技,SZ,44.99,46.04,44.33,45.18,29304862.0
2025-06-09,300442,润泽科技,SZ,45.45,46.72,44.91,46.58,31532150.0
2025-06-10,300442,润泽科技,SZ,47.09,47.14,44.27,44.9,31968374.0
2025-06-11,300442,润泽科技,SZ,44.83,45.25,44.18,44.44,18036915.0
2025-06-12,300442,润泽科技,SZ,44.13,46.46,44.0,44.98,28936839.0
2025-06-13,300442,润泽科技,SZ,44.46,44.59,42.78,43.2,30505974.0
2025-06-16,300442,润泽科技,SZ,43.39,44.69,43.1,43.86,22214145.0
2025-06-17,300442,润泽科技,SZ,43.85,43.99,42.7,42.92,17073253.0
2025-06-18,300442,润泽科技,SZ,42.73,44.88,42.53,44.15,28592792.0
2025-06-19,300442,润泽科技,SZ,44.49,45.0,43.22,43.39,19028429.0
2025-06-20,300442,润泽科技,SZ,43.71,44.5,42.91,43.97,26027532.0
2025-06-23,300442,润泽科技,SZ,43.2,43.64,42.7,43.42,20072168.0
2025-06-24,300442,润泽科技,SZ,43.6,46.26,43.59,46.0,39797527.0
2025-06-25,300442,润泽科技,SZ,46.89,48.98,46.89,48.08,50034359.0
2025-06-26,300442,润泽科技,SZ,47.85,49.17,47.41,47.95,34594451.0
2025-06-27,300442,润泽科技,SZ,47.75,48.83,46.94,48.35,28887268.0
2025-06-30,300442,润泽科技,SZ,48.97,50.0,48.77,49.53,31483341.0
2025-07-01,300442,润泽科技,SZ,49.17,49.4,47.45,47.63,27219353.0
2025-07-02,300442,润泽科技,SZ,47.3,47.33,45.9,46.32,18787353.0
2025-07-03,300442,润泽科技,SZ,46.5,47.79,46.3,47.31,17901724.0
2025-07-04,300442,润泽科技,SZ,48.65,51.75,48.52,49.04,46953453.0
2025-07-07,300442,润泽科技,SZ,49.0,49.9,48.3,48.39,19794088.0
2025-07-08,300442,润泽科技,SZ,48.3,48.97,47.58,48.69,21075447.0
2025-07-09,300442,润泽科技,SZ,48.47,49.57,47.2,47.59,28089847.0
2025-07-10,300442,润泽科技,SZ,47.2,47.5,46.0,46.68,19999752.0
2025-07-11,300442,润泽科技,SZ,46.58,47.43,46.16,47.03,16884026.0
2025-07-14,300442,润泽科技,SZ,47.92,49.0,47.77,48.38,26646061.0
2025-07-15,300442,润泽科技,SZ,48.2,53.24,48.1,52.97,66533063.0
2025-07-16,300442,润泽科技,SZ,54.55,54.88,52.5,52.83,54656537.0
2025-07-17,300442,润泽科技,SZ,52.11,53.55,52.01,52.55,28908041.0
2025-07-18,300442,润泽科技,SZ,52.45,53.98,52.4,52.71,30625391.0
2025-07-21,300442,润泽科技,SZ,51.81,52.3,50.73,50.99,27848915.0
2025-07-22,300442,润泽科技,SZ,50.71,51.48,49.49,49.65,27077046.0
2025-07-23,300442,润泽科技,SZ,49.44,50.98,49.42,50.98,23944139.0
2025-07-24,300442,润泽科技,SZ,51.0,51.5,50.3,50.67,21817244.0
2025-07-25,300442,润泽科技,SZ,50.75,51.51,50.25,51.51,19627456.0
2025-07-28,300442,润泽科技,SZ,51.87,51.89,49.91,50.57,16339405.0
2025-07-29,300442,润泽科技,SZ,50.22,51.88,49.21,51.15,27194217.0
2025-07-30,300442,润泽科技,SZ,50.58,50.59,49.0,49.03,21874502.0
2025-07-31,300442,润泽科技,SZ,48.96,51.49,48.89,49.79,31416276.0
2025-08-01,300442,润泽科技,SZ,50.0,50.2,47.5,48.18,27652291.0
2025-08-04,300442,润泽科技,SZ,47.58,49.11,47.01,48.86,22498531.0
2025-08-05,300442,润泽科技,SZ,48.7,48.72,47.46,47.67,21710826.0
2025-08-06,300442,润泽科技,SZ,47.68,48.47,47.02,48.19,20913573.0
2025-08-07,300442,润泽科技,SZ,47.98,48.4,47.2,48.18,20031523.0
2025-08-08,300442,润泽科技,SZ,48.09,49.3,47.3,48.42,26003656.0
2025-08-11,300442,润泽科技,SZ,48.3,50.04,48.19,49.99,26217819.0
2025-08-12,300442,润泽科技,SZ,50.05,51.18,49.5,50.88,25536274.0
2025-08-13,300442,润泽科技,SZ,51.88,52.15,50.52,51.21,30394759.0
2025-08-14,300442,润泽科技,SZ,51.21,52.0,50.3,50.48,28199603.0
2025-08-15,300442,润泽科技,SZ,50.2,52.99,50.1,52.42,33004941.0
2025-08-18,300442,润泽科技,SZ,52.64,58.7,52.3,56.85,49828728.0
2025-08-19,300442,润泽科技,SZ,57.0,57.3,55.68,55.96,31543249.0
2025-08-20,300442,润泽科技,SZ,55.28,56.88,54.33,56.77,29532582.0
2025-08-21,300442,润泽科技,SZ,56.77,58.4,55.7,56.23,30612817.0
2025-08-22,300442,润泽科技,SZ,56.86,60.77,56.31,59.33,48759648.0
2025-08-25,300442,润泽科技,SZ,61.2,63.93,59.62,60.6,47704032.0
2025-08-26,300442,润泽科技,SZ,59.38,61.82,58.85,59.96,32392623.0
2025-08-27,300442,润泽科技,SZ,60.14,63.5,59.98,60.28,43476912.0
2025-08-28,300442,润泽科技,SZ,59.93,61.38,58.34,61.3,40576510.0
2025-08-29,300442,润泽科技,SZ,60.0,60.0,56.3,58.97,52434866.0
2025-09-01,300442,润泽科技,SZ,61.0,61.93,57.95,58.19,41105625.0
2025-09-02,300442,润泽科技,SZ,57.77,58.66,52.0,53.5,61919689.0
2025-09-03,300442,润泽科技,SZ,53.14,53.5,51.8,52.25,25317147.0
2025-09-04,300442,润泽科技,SZ,52.31,52.46,49.03,49.96,32994121.0
2025-09-05,300442,润泽科技,SZ,50.0,53.66,49.01,53.43,37970474.0
2025-09-08,300442,润泽科技,SZ,53.52,53.95,52.24,53.14,28916042.0
2025-09-09,300442,润泽科技,SZ,53.0,53.23,50.29,51.42,26120048.0
2025-09-10,300442,润泽科技,SZ,51.28,52.99,51.01,51.92,26206597.0
2025-09-11,300442,润泽科技,SZ,51.0,53.51,50.78,53.15,37828545.0
2025-09-12,300442,润泽科技,SZ,55.21,57.15,54.4,54.46,53254710.0
2025-09-15,300442,润泽科技,SZ,53.68,54.33,52.58,53.2,32119272.0
2025-09-16,300442,润泽科技,SZ,53.41,55.38,52.8,54.83,37874837.0
2025-09-17,300442,润泽科技,SZ,54.5,54.72,53.41,54.4,27860599.0
2025-09-18,300442,润泽科技,SZ,54.39,55.97,52.6,53.42,43655093.0
2025-09-19,300442,润泽科技,SZ,53.62,53.94,52.01,52.37,26722703.0
2025-09-22,300442,润泽科技,SZ,52.51,54.0,52.21,53.45,24685753.0
2025-09-23,300442,润泽科技,SZ,54.15,54.25,51.13,52.56,27615225.0
2025-09-24,300442,润泽科技,SZ,51.91,54.5,51.66,54.22,32882666.0
2025-09-25,300442,润泽科技,SZ,54.6,57.35,54.56,55.92,54156022.0
2025-09-26,300442,润泽科技,SZ,55.22,55.87,52.81,52.85,38340911.0
2025-09-29,300442,润泽科技,SZ,52.88,53.4,52.39,53.1,20442779.0
2025-09-30,300442,润泽科技,SZ,53.57,54.93,53.11,53.35,24922385.0
2025-10-09,300442,润泽科技,SZ,53.2,55.04,52.52,54.28,31729557.0
2025-10-10,300442,润泽科技,SZ,52.55,52.57,49.22,50.25,49587051.0
2025-10-13,300442,润泽科技,SZ,47.5,50.07,47.4,49.93,22268093.0
2025-10-14,300442,润泽科技,SZ,49.93,50.05,47.65,48.0,21398943.0
2025-10-15,300442,润泽科技,SZ,47.99,48.23,46.54,48.14,20067329.0
2025-10-16,300442,润泽科技,SZ,47.71,47.71,46.8,47.21,16460356.0
2025-10-17,300442,润泽科技,SZ,47.21,47.33,45.45,45.45,18522722.0
2025-10-20,300442,润泽科技,SZ,45.84,46.44,45.45,45.83,11954622.0
2025-10-21,300442,润泽科技,SZ,45.92,46.3,45.81,45.93,13252400.0
2025-10-22,300442,润泽科技,SZ,45.93,46.43,45.45,45.94,10469068.0
2025-10-23,300442,润泽科技,SZ,46.05,46.38,44.85,46.07,14646854.0
2025-10-24,300442,润泽科技,SZ,46.15,46.8,46.13,46.68,14365361.0
2025-10-27,300442,润泽科技,SZ,46.97,47.4,46.36,46.73,16237571.0
2025-10-28,300442,润泽科技,SZ,46.6,47.49,46.37,47.22,17445115.0
2025-10-29,300442,润泽科技,SZ,47.0,47.48,46.7,47.1,14083902.0
2025-10-30,300442,润泽科技,SZ,49.5,51.22,49.5,49.83,64853996.0
2025-10-31,300442,润泽科技,SZ,48.62,51.24,48.17,50.53,43797987.0
2025-11-03,300442,润泽科技,SZ,50.8,52.99,49.78,52.18,42105663.0
2025-11-04,300442,润泽科技,SZ,51.24,51.5,50.16,50.62,26525637.0
2025-11-05,300442,润泽科技,SZ,49.44,50.59,49.02,50.17,18934597.0
2025-11-06,300442,润泽科技,SZ,50.24,50.9,49.7,50.36,20171886.0
2025-11-07,300442,润泽科技,SZ,49.86,50.56,49.38,49.38,17583573.0
2025-11-10,300442,润泽科技,SZ,49.01,49.78,48.45,48.84,16075836.0
2025-11-11,300442,润泽科技,SZ,49.0,49.18,47.54,47.62,16895889.0
2025-11-12,300442,润泽科技,SZ,47.53,47.72,46.43,47.2,14618950.0
2025-11-13,300442,润泽科技,SZ,47.0,48.5,46.5,48.48,16270085.0
2025-11-14,300442,润泽科技,SZ,47.88,47.96,46.63,46.65,15918744.0
2025-11-17,300442,润泽科技,SZ,46.48,47.67,46.41,47.4,13252549.0
2025-11-18,300442,润泽科技,SZ,47.26,48.47,46.94,47.88,14722301.0
2025-11-19,300442,润泽科技,SZ,48.0,48.0,46.7,46.93,12117220.0
2025-11-20,300442,润泽科技,SZ,47.01,47.29,46.44,46.45,9130771.0
2025-11-21,300442,润泽科技,SZ,45.83,46.59,45.53,45.64,14207341.0
2025-11-24,300442,润泽科技,SZ,45.87,47.78,45.11,47.4,18005022.0
2025-11-25,300442,润泽科技,SZ,47.61,48.4,47.31,47.76,16230147.0
2025-11-26,300442,润泽科技,SZ,47.48,49.08,47.37,48.52,20357895.0
2025-11-27,300442,润泽科技,SZ,48.34,48.8,47.86,47.86,14791655.0
2025-11-28,300442,润泽科技,SZ,48.1,48.58,47.43,47.72,11342914.0
2025-12-01,300442,润泽科技,SZ,48.09,51.84,47.51,50.71,49134673.0
2025-12-02,300442,润泽科技,SZ,51.03,52.0,49.9,50.1,32699061.0
2025-12-03,300442,润泽科技,SZ,50.03,50.24,48.4,48.5,20163295.0
2025-12-04,300442,润泽科技,SZ,48.5,48.97,47.76,48.5,15078267.0
2025-12-05,300442,润泽科技,SZ,48.47,48.6,47.6,48.01,13593606.0
2025-12-08,300442,润泽科技,SZ,47.89,49.49,47.77,49.15,22767185.0
2025-12-09,300442,润泽科技,SZ,52.08,53.58,50.12,50.2,59899142.0
2025-12-10,300442,润泽科技,SZ,50.18,51.21,49.16,50.85,32139904.0
2025-12-11,300442,润泽科技,SZ,50.86,51.19,49.7,49.96,22223586.0
2025-12-12,300442,润泽科技,SZ,49.62,54.17,49.62,53.41,73704274.0
2025-12-15,300442,润泽科技,SZ,52.59,54.23,52.59,53.03,33355548.0
2025-12-16,300442,润泽科技,SZ,52.99,53.6,51.3,51.53,22051205.0
2025-12-17,300442,润泽科技,SZ,51.31,53.08,51.05,53.0,27403411.0
2025-12-18,300442,润泽科技,SZ,52.41,52.52,50.05,50.12,33264448.0
2025-12-19,300442,润泽科技,SZ,50.36,50.68,49.61,49.79,21908998.0
2025-12-22,300442,润泽科技,SZ,49.92,50.55,49.61,50.15,18078234.0
2025-12-23,300442,润泽科技,SZ,51.52,52.0,50.15,50.43,21027064.0
2025-12-24,300442,润泽科技,SZ,50.1,51.1,49.68,50.53,19299947.0
2025-12-25,300442,润泽科技,SZ,50.39,50.99,50.02,50.65,17909495.0
2025-12-26,300442,润泽科技,SZ,50.5,50.9,50.0,50.07,19724999.0
2025-12-29,300442,润泽科技,SZ,50.28,51.65,50.23,50.49,23152141.0
2025-12-30,300442,润泽科技,SZ,50.69,52.17,50.42,51.42,29406848.0
2025-12-31,300442,润泽科技,SZ,51.6,53.58,50.95,52.8,40172574.0
2026-01-05,300442,润泽科技,SZ,54.19,57.28,53.79,55.99,67147278.0
2026-01-06,300442,润泽科技,SZ,55.51,58.69,54.82,57.63,63706517.0
2026-01-07,300442,润泽科技,SZ,58.16,63.0,57.2,60.58,85094194.0
2026-01-08,300442,润泽科技,SZ,60.0,61.68,58.3,59.81,61667207.0
2026-01-09,300442,润泽科技,SZ,62.21,71.77,62.21,69.2,113906943.0
2026-01-12,300442,润泽科技,SZ,73.01,83.04,70.2,83.04,124363159.0
2026-01-13,300442,润泽科技,SZ,83.3,88.64,76.0,80.56,119013476.0
2026-01-14,300442,润泽科技,SZ,80.48,93.13,80.48,90.71,127172021.0
2026-01-15,300442,润泽科技,SZ,85.1,87.25,79.75,81.03,106231718.0
2026-01-16,300442,润泽科技,SZ,79.16,84.16,78.78,79.17,82723264.0
2026-01-19,300442,润泽科技,SZ,77.76,80.51,75.9,76.21,70286235.0
2026-01-20,300442,润泽科技,SZ,77.0,78.19,74.4,75.41,56681745.0
2026-01-21,300442,润泽科技,SZ,74.12,76.94,73.5,74.8,52594163.0
2026-01-22,300442,润泽科技,SZ,76.32,79.33,74.88,78.04,79028613.0
2026-01-23,300442,润泽科技,SZ,78.3,80.2,77.62,78.32,71591054.0
2026-01-26,300442,润泽科技,SZ,82.0,84.77,80.18,83.25,98456972.0
2026-01-27,300442,润泽科技,SZ,82.6,83.88,79.98,81.37,71439155.0
2026-01-28,300442,润泽科技,SZ,83.2,84.73,80.0,80.85,83084269.0
2026-01-29,300442,润泽科技,SZ,78.0,85.51,76.18,80.01,86104939.0
2026-01-30,300442,润泽科技,SZ,81.0,83.49,79.06,81.83,66434158.0
2026-02-02,300442,润泽科技,SZ,82.0,87.88,80.8,84.66,91082796.0
2026-02-03,300442,润泽科技,SZ,85.5,88.5,83.0,88.4,90716224.0
2026-02-04,300442,润泽科技,SZ,86.0,86.66,80.11,82.18,75167818.0
2026-02-05,300442,润泽科技,SZ,78.29,80.25,75.75,76.5,56480200.0
2026-02-06,300442,润泽科技,SZ,76.5,76.5,76.5,76.5,
2026-02-09,300442,润泽科技,SZ,76.5,76.5,76.5,76.5,
2026-02-10,300442,润泽科技,SZ,76.5,76.5,76.5,76.5,
2026-02-11,300442,润泽科技,SZ,76.5,76.5,76.5,76.5,
2026-02-12,300442,润泽科技,SZ,76.5,76.5,76.5,76.5,
2026-02-13,300442,润泽科技,SZ,76.5,76.5,76.5,76.5,
2026-02-24,300442,润泽科技,SZ,91.8,91.8,85.07,86.8,118585699.0
2026-02-25,300442,润泽科技,SZ,88.02,89.24,84.68,86.8,87301318.0
2026-02-26,300442,润泽科技,SZ,90.04,104.16,90.04,102.17,150344469.0
2026-02-27,300442,润泽科技,SZ,97.89,106.33,97.6,103.39,126191146.0
2026-03-02,300442,润泽科技,SZ,102.49,103.1,97.79,98.7,92097076.0
2026-03-03,300442,润泽科技,SZ,101.02,102.4,94.18,96.49,107343273.0
2026-03-04,300442,润泽科技,SZ,93.13,98.36,92.7,94.6,73743073.0
2026-03-05,300442,润泽科技,SZ,99.48,99.5,93.18,94.7,81984588.0
2026-03-06,300442,润泽科技,SZ,92.3,96.29,90.6,93.16,58232606.0
2026-03-09,300442,润泽科技,SZ,91.0,98.7,87.54,96.35,82904497.0
2026-03-10,300442,润泽科技,SZ,99.0,99.9,94.21,95.51,67623581.0
2026-03-11,300442,润泽科技,SZ,94.33,96.3,91.08,91.12,62205781.0
2026-03-12,300442,润泽科技,SZ,91.12,92.98,87.39,88.69,55915861.0
2026-03-13,300442,润泽科技,SZ,87.92,88.41,83.42,83.54,61855598.0
2026-03-16,300442,润泽科技,SZ,83.55,83.88,81.35,83.32,37882100.0
2026-03-17,300442,润泽科技,SZ,84.4,84.51,81.03,81.15,34520988.0
2026-03-18,300442,润泽科技,SZ,82.4,87.15,81.68,86.91,61173300.0
2026-03-19,300442,润泽科技,SZ,84.3,93.33,84.1,89.75,80037893.0
2026-03-20,300442,润泽科技,SZ,88.0,89.58,85.31,85.97,51861860.0
2026-03-23,300442,润泽科技,SZ,84.44,88.0,83.75,85.31,43854937.0
2026-03-24,300442,润泽科技,SZ,86.0,86.8,81.49,84.4,37251718.0
2026-03-25,300442,润泽科技,SZ,85.6,89.9,85.58,87.65,52901286.0
2026-03-26,300442,润泽科技,SZ,86.78,87.85,84.08,84.28,36632716.0
2026-03-27,300442,润泽科技,SZ,83.52,84.57,82.05,83.45,26949466.0
2026-03-30,300442,润泽科技,SZ,81.5,83.35,80.54,82.8,28011357.0
2026-03-31,300442,润泽科技,SZ,82.62,84.31,80.8,80.8,27794981.0
2026-04-01,300442,润泽科技,SZ,83.38,85.32,82.9,84.54,44151355.0
2026-04-02,300442,润泽科技,SZ,84.0,84.47,79.89,80.27,40191483.0
2026-04-03,300442,润泽科技,SZ,81.79,82.48,80.25,81.0,26954021.0
2022-01-04,2594,比亚迪,SZ,276.0,279.45,265.22,271.0,24466089.0
2022-01-05,2594,比亚迪,SZ,264.55,266.48,251.72,253.26,30170891.0
2022-01-06,2594,比亚迪,SZ,250.0,254.53,247.89,250.02,17590784.0
2022-01-07,2594,比亚迪,SZ,251.8,252.96,245.0,246.5,16193355.0
2022-01-10,2594,比亚迪,SZ,245.0,249.47,239.03,246.3,16214182.0
2022-01-11,2594,比亚迪,SZ,246.28,246.28,237.8,239.09,21244147.0
2022-01-12,2594,比亚迪,SZ,246.0,256.0,244.31,256.0,32360224.0
2022-01-13,2594,比亚迪,SZ,257.74,258.56,248.61,255.31,21710390.0
2022-01-14,2594,比亚迪,SZ,250.8,257.3,250.0,253.14,14954815.0
2022-01-17,2594,比亚迪,SZ,253.02,267.49,253.02,266.49,24114466.0
2022-01-18,2594,比亚迪,SZ,266.41,268.96,262.3,266.08,12505443.0
2022-01-19,2594,比亚迪,SZ,265.95,267.88,250.31,252.97,23188180.0
2022-01-20,2594,比亚迪,SZ,252.1,253.71,247.0,251.07,14998647.0
2022-01-21,2594,比亚迪,SZ,251.08,255.74,246.33,250.4,11239432.0
2022-01-24,2594,比亚迪,SZ,246.08,252.88,244.27,251.4,10837686.0
2022-01-25,2594,比亚迪,SZ,248.0,251.0,240.0,240.31,17277223.0
2022-01-26,2594,比亚迪,SZ,245.0,251.38,242.31,249.49,17444584.0
2022-01-27,2594,比亚迪,SZ,247.0,249.3,241.0,241.27,13264963.0
2022-01-28,2594,比亚迪,SZ,239.98,242.0,219.76,226.8,32437311.0
2022-02-07,2594,比亚迪,SZ,240.79,249.28,238.01,244.4,25112453.0
2022-02-08,2594,比亚迪,SZ,243.0,243.0,230.64,236.97,19903953.0
2022-02-09,2594,比亚迪,SZ,239.05,246.4,235.03,245.18,19992864.0
2022-02-10,2594,比亚迪,SZ,246.77,248.0,238.1,240.12,14628460.0
2022-02-11,2594,比亚迪,SZ,236.05,240.12,228.5,230.19,19943926.0
2022-02-14,2594,比亚迪,SZ,230.2,235.0,225.0,231.98,13319949.0
2022-02-15,2594,比亚迪,SZ,232.18,239.96,232.18,238.31,15852428.0
2022-02-16,2594,比亚迪,SZ,242.0,244.99,240.39,240.6,12872491.0
2022-02-17,2594,比亚迪,SZ,242.24,248.74,239.0,245.41,19106386.0
2022-02-18,2594,比亚迪,SZ,241.0,245.39,240.0,242.96,9910466.0
2022-02-21,2594,比亚迪,SZ,241.0,245.8,239.64,241.89,10953804.0
2022-02-22,2594,比亚迪,SZ,239.0,239.0,234.3,237.45,12545211.0
2022-02-23,2594,比亚迪,SZ,241.9,252.52,239.01,252.0,29114890.0
2022-02-24,2594,比亚迪,SZ,248.11,251.78,241.58,244.86,23821988.0
2022-02-25,2594,比亚迪,SZ,249.9,252.38,247.83,247.84,14601353.0
2022-02-28,2594,比亚迪,SZ,246.9,250.19,246.0,249.6,11829090.0
2022-03-01,2594,比亚迪,SZ,255.0,256.61,249.25,251.78,17651958.0
2022-03-02,2594,比亚迪,SZ,249.0,249.36,243.96,248.6,12124247.0
2022-03-03,2594,比亚迪,SZ,249.52,250.86,244.0,245.21,9963340.0
2022-03-04,2594,比亚迪,SZ,237.31,241.86,230.0,233.8,29170634.0
2022-03-07,2594,比亚迪,SZ,226.89,227.69,220.02,223.61,23612920.0
2022-03-08,2594,比亚迪,SZ,221.08,225.49,210.0,216.19,29149934.0
2022-03-09,2594,比亚迪,SZ,217.0,223.6,210.0,223.59,25113522.0
2022-03-10,2594,比亚迪,SZ,232.91,233.43,229.0,229.1,24834283.0
2022-03-11,2594,比亚迪,SZ,222.0,231.79,220.02,229.85,18611604.0
2022-03-14,2594,比亚迪,SZ,225.0,225.0,219.0,219.0,15084061.0
2022-03-15,2594,比亚迪,SZ,211.13,222.0,209.43,212.8,19820362.0
2022-03-16,2594,比亚迪,SZ,221.0,230.0,214.2,229.43,33376627.0
2022-03-17,2594,比亚迪,SZ,240.38,240.88,234.66,234.9,31584430.0
2022-03-18,2594,比亚迪,SZ,234.9,238.87,232.05,234.5,15054856.0
2022-03-21,2594,比亚迪,SZ,240.0,248.87,238.17,245.38,27917768.0
2022-03-22,2594,比亚迪,SZ,245.0,247.4,242.02,244.8,11507907.0
2022-03-23,2594,比亚迪,SZ,250.0,251.0,246.27,247.17,14850096.0
2022-03-24,2594,比亚迪,SZ,243.7,250.0,242.4,247.08,11368127.0
2022-03-25,2594,比亚迪,SZ,247.1,248.96,234.01,235.31,20802373.0
2022-03-28,2594,比亚迪,SZ,234.9,234.9,228.88,230.4,14310354.0
2022-03-29,2594,比亚迪,SZ,232.92,236.5,228.8,231.0,13858731.0
2022-03-30,2594,比亚迪,SZ,227.0,237.02,222.22,237.02,25125996.0
2022-03-31,2594,比亚迪,SZ,234.21,235.0,226.89,229.8,16173143.0
2022-04-01,2594,比亚迪,SZ,226.79,239.56,226.6,235.96,18294805.0
2022-04-06,2594,比亚迪,SZ,245.0,246.0,239.61,241.9,20529330.0
2022-04-07,2594,比亚迪,SZ,240.0,245.3,239.01,240.0,12269953.0
2022-04-08,2594,比亚迪,SZ,240.01,246.5,239.1,243.98,17171897.0
2022-04-11,2594,比亚迪,SZ,240.0,241.48,229.5,233.0,19307007.0
2022-04-12,2594,比亚迪,SZ,232.0,238.56,231.2,238.16,12888867.0
2022-04-13,2594,比亚迪,SZ,235.02,241.95,233.01,237.0,10967251.0
2022-04-14,2594,比亚迪,SZ,242.0,244.99,240.87,241.29,13163750.0
2022-04-15,2594,比亚迪,SZ,238.5,240.0,232.75,236.2,12923931.0
2022-04-18,2594,比亚迪,SZ,234.79,241.0,230.0,239.1,11059238.0
2022-04-19,2594,比亚迪,SZ,243.16,250.9,243.13,244.86,20778154.0
2022-04-20,2594,比亚迪,SZ,247.66,248.33,240.86,241.78,13078093.0
2022-04-21,2594,比亚迪,SZ,237.77,240.77,232.1,234.04,15404876.0
2022-04-22,2594,比亚迪,SZ,230.01,235.66,229.06,235.4,10816219.0
2022-04-25,2594,比亚迪,SZ,230.0,236.44,226.62,227.5,16188917.0
2022-04-26,2594,比亚迪,SZ,228.99,235.85,228.43,231.81,15817620.0
2022-04-27,2594,比亚迪,SZ,226.61,235.81,218.81,235.01,25434167.0
2022-04-28,2594,比亚迪,SZ,234.6,235.5,230.0,231.98,14637213.0
2022-04-29,2594,比亚迪,SZ,233.8,243.83,230.75,243.0,24816310.0
2022-05-05,2594,比亚迪,SZ,246.2,252.39,241.77,248.8,25325879.0
2022-05-06,2594,比亚迪,SZ,241.02,246.0,240.1,242.08,14548866.0
2022-05-09,2594,比亚迪,SZ,231.0,236.89,231.0,232.73,17511635.0
2022-05-10,2594,比亚迪,SZ,224.1,233.66,222.28,233.33,20969664.0
2022-05-11,2594,比亚迪,SZ,232.0,256.66,231.5,252.7,45952571.0
2022-05-12,2594,比亚迪,SZ,249.99,257.7,248.71,254.09,24115606.0
2022-05-13,2594,比亚迪,SZ,259.8,271.5,255.91,270.08,36712061.0
2022-05-16,2594,比亚迪,SZ,271.11,273.0,265.3,267.12,20236880.0
2022-05-17,2594,比亚迪,SZ,268.98,285.0,268.5,282.5,29348903.0
2022-05-18,2594,比亚迪,SZ,282.5,288.0,279.0,281.42,20530270.0
2022-05-19,2594,比亚迪,SZ,275.31,285.35,274.3,284.51,17363651.0
2022-05-20,2594,比亚迪,SZ,287.01,291.61,281.2,287.7,17868336.0
2022-05-23,2594,比亚迪,SZ,292.7,298.0,287.81,295.2,25558816.0
2022-05-24,2594,比亚迪,SZ,290.0,292.96,281.0,281.0,29049653.0
2022-05-25,2594,比亚迪,SZ,281.26,288.65,278.03,287.2,23085773.0
2022-05-26,2594,比亚迪,SZ,287.37,291.22,282.5,286.64,14309499.0
2022-05-27,2594,比亚迪,SZ,292.95,297.61,286.65,288.88,15318685.0
2022-05-30,2594,比亚迪,SZ,292.0,299.7,291.08,298.12,21852350.0
2022-05-31,2594,比亚迪,SZ,300.0,300.96,293.51,295.91,17701119.0
2022-06-01,2594,比亚迪,SZ,298.0,304.8,293.12,299.98,21691175.0
2022-06-02,2594,比亚迪,SZ,296.0,305.0,295.22,301.02,17772777.0
2022-06-06,2594,比亚迪,SZ,304.0,320.47,302.55,318.23,29475729.0
2022-06-07,2594,比亚迪,SZ,318.0,319.87,311.11,314.89,20022089.0
2022-06-08,2594,比亚迪,SZ,318.6,328.06,313.01,327.41,29051340.0
2022-06-09,2594,比亚迪,SZ,334.03,334.8,321.0,322.41,30754172.0
2022-06-10,2594,比亚迪,SZ,321.5,350.0,321.06,348.8,43824900.0
2022-06-13,2594,比亚迪,SZ,346.0,358.86,340.6,348.8,36068132.0
2022-06-14,2594,比亚迪,SZ,342.0,344.79,327.23,343.59,40478934.0
2022-06-15,2594,比亚迪,SZ,343.97,346.23,332.52,335.0,30394787.0
2022-06-16,2594,比亚迪,SZ,335.5,342.7,333.41,336.0,19017245.0
2022-06-17,2594,比亚迪,SZ,330.1,341.2,327.07,338.0,26214759.0
2022-06-20,2594,比亚迪,SZ,338.08,348.66,335.02,342.18,24541557.0
2022-06-21,2594,比亚迪,SZ,339.76,341.8,332.2,341.0,19782739.0
2022-06-22,2594,比亚迪,SZ,342.42,347.63,338.0,339.88,18678783.0
2022-06-23,2594,比亚迪,SZ,344.7,354.05,338.0,353.5,32314226.0
2022-06-24,2594,比亚迪,SZ,352.99,356.28,346.01,351.05,23598355.0
2022-06-27,2594,比亚迪,SZ,352.07,357.0,348.33,349.69,21715524.0
2022-06-28,2594,比亚迪,SZ,347.0,358.8,342.71,352.9,26963471.0
2022-06-29,2594,比亚迪,SZ,349.99,350.0,331.49,331.61,36114602.0
2022-06-30,2594,比亚迪,SZ,331.0,339.35,330.0,333.49,22014478.0
2022-07-01,2594,比亚迪,SZ,332.18,333.0,320.1,329.2,23411263.0
2022-07-04,2594,比亚迪,SZ,332.0,338.21,330.2,336.16,20951206.0
2022-07-05,2594,比亚迪,SZ,337.0,340.6,329.59,333.89,17375703.0
2022-07-06,2594,比亚迪,SZ,333.8,340.6,331.99,336.1,18343420.0
2022-07-07,2594,比亚迪,SZ,337.7,351.95,333.37,349.38,30464874.0
2022-07-08,2594,比亚迪,SZ,349.38,351.88,338.0,338.0,19047757.0
2022-07-11,2594,比亚迪,SZ,335.88,335.88,318.88,324.3,25431744.0
2022-07-12,2594,比亚迪,SZ,320.0,321.0,300.08,309.0,45051469.0
2022-07-13,2594,比亚迪,SZ,309.0,313.84,296.77,309.88,34106695.0
2022-07-14,2594,比亚迪,SZ,308.91,323.0,307.0,323.0,27248936.0
2022-07-15,2594,比亚迪,SZ,335.0,349.89,333.0,338.19,44450784.0
2022-07-18,2594,比亚迪,SZ,345.0,346.0,328.0,337.1,23891156.0
2022-07-19,2594,比亚迪,SZ,337.1,337.1,327.62,331.1,15818025.0
2022-07-20,2594,比亚迪,SZ,332.98,333.86,329.08,331.7,10326348.0
2022-07-21,2594,比亚迪,SZ,329.0,331.0,322.94,324.5,13200328.0
2022-07-22,2594,比亚迪,SZ,326.01,334.66,326.0,329.62,14177374.0
2022-07-25,2594,比亚迪,SZ,326.0,327.0,320.0,322.95,11501710.0
2022-07-26,2594,比亚迪,SZ,322.48,327.68,320.0,325.0,10765616.0
2022-07-27,2594,比亚迪,SZ,324.0,329.8,321.01,325.8,9105572.0
2022-07-28,2594,比亚迪,SZ,329.02,331.45,324.0,325.43,10906517.0
2022-07-29,2594,比亚迪,SZ,323.0,327.8,317.96,320.36,11485364.0
2022-08-01,2594,比亚迪,SZ,317.98,332.08,316.32,330.54,18758376.0
2022-08-02,2594,比亚迪,SZ,324.9,330.48,321.3,326.6,15664266.0
2022-08-03,2594,比亚迪,SZ,326.7,334.85,318.89,321.99,18872311.0
2022-08-04,2594,比亚迪,SZ,328.0,331.47,322.1,326.8,18663677.0
2022-08-05,2594,比亚迪,SZ,330.0,331.89,318.28,324.49,15756385.0
2022-08-08,2594,比亚迪,SZ,322.11,324.9,319.0,321.35,12948786.0
2022-08-09,2594,比亚迪,SZ,321.18,323.8,318.15,319.72,11610661.0
2022-08-10,2594,比亚迪,SZ,319.7,319.7,305.0,308.35,25849901.0
2022-08-11,2594,比亚迪,SZ,311.43,315.89,305.6,315.02,16544481.0
2022-08-12,2594,比亚迪,SZ,315.02,316.28,310.0,311.93,10133763.0
2022-08-15,2594,比亚迪,SZ,312.2,319.23,311.22,315.21,13511926.0
2022-08-16,2594,比亚迪,SZ,315.8,321.89,315.5,318.92,15724331.0
2022-08-17,2594,比亚迪,SZ,319.99,329.6,316.72,327.93,21087113.0
2022-08-18,2594,比亚迪,SZ,327.0,330.0,323.84,326.04,14279044.0
2022-08-19,2594,比亚迪,SZ,325.03,327.44,317.0,319.39,12428923.0
2022-08-22,2594,比亚迪,SZ,316.0,326.09,312.22,323.09,14766765.0
2022-08-23,2594,比亚迪,SZ,324.0,325.55,318.98,321.61,9299975.0
2022-08-24,2594,比亚迪,SZ,321.68,322.96,309.3,309.5,18678283.0
2022-08-25,2594,比亚迪,SZ,309.56,311.08,302.66,309.58,14022073.0
2022-08-26,2594,比亚迪,SZ,312.99,317.93,310.0,315.73,12212655.0
2022-08-29,2594,比亚迪,SZ,313.67,316.87,311.49,313.55,8591166.0
2022-08-30,2594,比亚迪,SZ,315.5,318.5,310.0,310.85,11024737.0
2022-08-31,2594,比亚迪,SZ,291.0,296.6,284.0,287.98,40805974.0
2022-09-01,2594,比亚迪,SZ,285.0,294.6,284.03,286.7,19258233.0
2022-09-02,2594,比亚迪,SZ,288.7,289.6,278.1,282.0,16166192.0
2022-09-05,2594,比亚迪,SZ,269.0,270.88,261.1,268.76,35120827.0
2022-09-06,2594,比亚迪,SZ,268.77,274.45,267.21,272.94,18990284.0
2022-09-07,2594,比亚迪,SZ,272.0,285.05,270.6,282.7,19087317.0
2022-09-08,2594,比亚迪,SZ,283.0,284.99,277.0,278.26,11642911.0
2022-09-09,2594,比亚迪,SZ,280.99,281.49,276.99,279.7,7609826.0
2022-09-13,2594,比亚迪,SZ,282.0,286.69,279.37,284.8,11152411.0
2022-09-14,2594,比亚迪,SZ,282.0,283.8,276.26,278.33,10515106.0
2022-09-15,2594,比亚迪,SZ,280.0,280.5,266.91,269.5,15239523.0
2022-09-16,2594,比亚迪,SZ,268.0,271.45,264.36,265.98,10447636.0
2022-09-19,2594,比亚迪,SZ,268.0,273.9,266.68,270.35,11094999.0
2022-09-20,2594,比亚迪,SZ,273.8,277.49,272.01,274.21,11124502.0
2022-09-21,2594,比亚迪,SZ,271.8,272.61,267.0,270.0,8375363.0
2022-09-22,2594,比亚迪,SZ,267.49,269.38,261.3,268.55,9279950.0
2022-09-23,2594,比亚迪,SZ,267.09,269.77,264.28,266.4,7964412.0
2022-09-26,2594,比亚迪,SZ,266.4,276.0,263.58,272.95,14360640.0
2022-09-27,2594,比亚迪,SZ,272.96,274.83,270.06,273.96,8309593.0
2022-09-28,2594,比亚迪,SZ,273.0,273.0,265.5,265.62,8562018.0
2022-09-29,2594,比亚迪,SZ,270.0,271.8,264.0,264.57,8835668.0
2022-09-30,2594,比亚迪,SZ,263.0,263.55,249.0,252.01,21403588.0
2022-10-10,2594,比亚迪,SZ,252.27,256.4,249.44,251.2,11747850.0
2022-10-11,2594,比亚迪,SZ,252.0,257.38,249.33,255.01,13282039.0
2022-10-12,2594,比亚迪,SZ,254.0,263.25,249.95,262.34,14487143.0
2022-10-13,2594,比亚迪,SZ,260.0,263.0,258.08,258.18,9618660.0
2022-10-14,2594,比亚迪,SZ,262.08,269.1,259.95,264.54,14569451.0
2022-10-17,2594,比亚迪,SZ,263.0,263.0,256.69,260.66,10967836.0
2022-10-18,2594,比亚迪,SZ,279.0,279.0,272.5,273.67,24414179.0
2022-10-19,2594,比亚迪,SZ,273.67,276.44,266.88,267.5,13400403.0
2022-10-20,2594,比亚迪,SZ,264.0,265.58,257.4,263.51,12841678.0
2022-10-21,2594,比亚迪,SZ,263.52,270.88,262.01,266.3,10478554.0
2022-10-24,2594,比亚迪,SZ,264.9,266.31,253.57,255.57,16741256.0
2022-10-25,2594,比亚迪,SZ,253.0,260.59,250.03,257.91,11324267.0
2022-10-26,2594,比亚迪,SZ,260.0,264.04,255.29,257.87,12641527.0
2022-10-27,2594,比亚迪,SZ,258.99,260.72,255.0,255.0,9776582.0
2022-10-28,2594,比亚迪,SZ,253.0,253.0,235.81,239.89,26316393.0
2022-10-31,2594,比亚迪,SZ,237.5,251.0,237.11,246.67,18794233.0
2022-11-01,2594,比亚迪,SZ,247.11,262.2,247.0,261.82,21928271.0
2022-11-02,2594,比亚迪,SZ,261.0,271.6,258.36,267.56,18731929.0
2022-11-03,2594,比亚迪,SZ,265.02,271.76,264.1,267.98,10238397.0
2022-11-04,2594,比亚迪,SZ,268.98,283.02,268.0,280.2,22488689.0
2022-11-07,2594,比亚迪,SZ,275.0,282.03,272.99,278.88,13584206.0
2022-11-08,2594,比亚迪,SZ,279.45,282.6,273.5,276.41,10563449.0
2022-11-09,2594,比亚迪,SZ,278.15,278.88,268.64,269.63,11194636.0
2022-11-10,2594,比亚迪,SZ,264.63,264.97,255.8,260.26,15549677.0
2022-11-11,2594,比亚迪,SZ,270.5,272.97,265.16,268.8,16609959.0
2022-11-14,2594,比亚迪,SZ,269.23,272.54,262.76,263.79,11523697.0
2022-11-15,2594,比亚迪,SZ,263.99,268.3,260.1,267.0,11284835.0
2022-11-16,2594,比亚迪,SZ,265.78,266.6,260.1,261.08,10354941.0
2022-11-17,2594,比亚迪,SZ,259.91,259.91,253.58,257.0,11126057.0
2022-11-18,2594,比亚迪,SZ,257.77,259.56,253.5,254.68,10118376.0
2022-11-21,2594,比亚迪,SZ,252.84,254.6,248.51,254.2,8251507.0
2022-11-22,2594,比亚迪,SZ,255.0,255.25,250.0,250.49,8014551.0
2022-11-23,2594,比亚迪,SZ,250.49,251.5,247.2,251.5,8846881.0
2022-11-24,2594,比亚迪,SZ,253.35,255.0,248.28,249.39,8531406.0
2022-11-25,2594,比亚迪,SZ,249.0,249.0,245.0,245.05,8782164.0
2022-11-28,2594,比亚迪,SZ,240.0,245.13,237.22,245.11,9910928.0
2022-11-29,2594,比亚迪,SZ,246.28,249.68,243.0,248.3,12358078.0
2022-11-30,2594,比亚迪,SZ,248.36,260.0,246.48,259.52,21287338.0
2022-12-01,2594,比亚迪,SZ,268.0,270.95,264.92,266.66,25798585.0
2022-12-02,2594,比亚迪,SZ,264.92,267.57,260.48,262.08,11607538.0
2022-12-05,2594,比亚迪,SZ,265.95,267.59,261.9,263.36,10523309.0
2022-12-06,2594,比亚迪,SZ,260.55,271.63,260.01,267.6,12300679.0
2022-12-07,2594,比亚迪,SZ,267.65,278.28,267.65,273.74,19266593.0
2022-12-08,2594,比亚迪,SZ,273.75,275.0,270.87,274.29,9458065.0
2022-12-09,2594,比亚迪,SZ,275.48,277.7,271.45,274.7,10099232.0
2022-12-12,2594,比亚迪,SZ,271.96,273.47,268.0,269.88,8012821.0
2022-12-13,2594,比亚迪,SZ,272.0,275.0,269.5,269.8,6138433.0
2022-12-14,2594,比亚迪,SZ,269.41,269.44,263.6,266.4,9436462.0
2022-12-15,2594,比亚迪,SZ,266.33,272.28,263.51,271.46,9712345.0
2022-12-16,2594,比亚迪,SZ,270.07,271.37,267.55,270.51,5619664.0
2022-12-19,2594,比亚迪,SZ,268.99,275.0,265.61,266.5,8403891.0
2022-12-20,2594,比亚迪,SZ,265.9,265.9,258.68,261.6,8490821.0
2022-12-21,2594,比亚迪,SZ,261.58,262.85,259.6,260.8,4196630.0
2022-12-22,2594,比亚迪,SZ,263.0,263.5,258.51,259.19,5920995.0
2022-12-23,2594,比亚迪,SZ,256.1,256.4,250.5,252.18,9081868.0
2022-12-26,2594,比亚迪,SZ,252.2,263.5,252.19,262.42,9354753.0
2022-12-27,2594,比亚迪,SZ,263.46,263.98,259.8,262.12,5553654.0
2022-12-28,2594,比亚迪,SZ,257.5,259.2,253.0,254.62,10256378.0
2022-12-29,2594,比亚迪,SZ,253.99,258.86,252.13,254.76,7225577.0
2022-12-30,2594,比亚迪,SZ,258.5,260.37,256.51,256.97,7488973.0
2023-01-03,2594,比亚迪,SZ,256.41,261.92,250.0,260.48,12137430.0
2023-01-04,2594,比亚迪,SZ,260.0,260.48,256.5,259.1,7267459.0
2023-01-05,2594,比亚迪,SZ,262.52,267.59,261.06,265.08,11893600.0
2023-01-06,2594,比亚迪,SZ,267.91,271.2,265.1,266.2,13885523.0
2023-01-09,2594,比亚迪,SZ,268.0,268.0,262.29,263.38,11416882.0
2023-01-10,2594,比亚迪,SZ,262.05,269.58,257.31,266.59,17351254.0
2023-01-11,2594,比亚迪,SZ,264.9,271.0,261.41,268.99,12836375.0
2023-01-12,2594,比亚迪,SZ,271.51,284.45,270.7,277.3,22347919.0
2023-01-13,2594,比亚迪,SZ,277.41,279.93,275.0,278.58,12841101.0
2023-01-16,2594,比亚迪,SZ,278.58,278.77,272.0,273.8,16499989.0
2023-01-17,2594,比亚迪,SZ,273.81,274.5,268.93,269.99,11166571.0
2023-01-18,2594,比亚迪,SZ,269.85,272.5,266.49,269.0,8610817.0
2023-01-19,2594,比亚迪,SZ,267.88,270.85,266.52,270.5,8123863.0
2023-01-20,2594,比亚迪,SZ,271.0,271.88,267.02,270.07,10464935.0
2023-01-30,2594,比亚迪,SZ,285.0,288.0,281.0,281.99,28185441.0
2023-01-31,2594,比亚迪,SZ,285.0,288.8,280.39,285.8,18711017.0
2023-02-01,2594,比亚迪,SZ,287.98,304.33,286.14,304.33,27298697.0
2023-02-02,2594,比亚迪,SZ,305.87,306.13,299.96,302.62,14802993.0
2023-02-03,2594,比亚迪,SZ,299.95,299.95,292.8,295.0,15294828.0
2023-02-06,2594,比亚迪,SZ,291.69,291.69,287.61,289.98,10044660.0
2023-02-07,2594,比亚迪,SZ,291.99,292.48,287.6,289.0,7683474.0
2023-02-08,2594,比亚迪,SZ,289.0,289.0,282.8,285.66,9290144.0
2023-02-09,2594,比亚迪,SZ,284.0,288.82,282.3,288.33,9064889.0
2023-02-10,2594,比亚迪,SZ,285.88,285.9,280.0,281.86,12970811.0
2023-02-13,2594,比亚迪,SZ,279.01,283.29,277.06,282.32,9346144.0
2023-02-14,2594,比亚迪,SZ,284.0,284.5,279.1,281.97,7364368.0
2023-02-15,2594,比亚迪,SZ,283.0,283.9,278.56,279.0,9083216.0
2023-02-16,2594,比亚迪,SZ,280.0,281.79,274.85,277.02,10334815.0
2023-02-17,2594,比亚迪,SZ,276.49,278.1,271.28,271.66,10099650.0
2023-02-20,2594,比亚迪,SZ,271.59,273.3,267.0,272.8,13070148.0
2023-02-21,2594,比亚迪,SZ,272.0,276.56,270.28,274.75,11369006.0
2023-02-22,2594,比亚迪,SZ,271.9,272.62,268.9,270.42,8508796.0
2023-02-23,2594,比亚迪,SZ,269.9,271.67,268.5,270.44,10035821.0
2023-02-24,2594,比亚迪,SZ,269.02,269.88,267.0,267.58,6686761.0
2023-02-27,2594,比亚迪,SZ,265.0,265.89,258.0,259.81,16970381.0
2023-02-28,2594,比亚迪,SZ,261.0,262.0,257.57,260.8,12033003.0
2023-03-01,2594,比亚迪,SZ,260.75,266.54,257.76,265.5,14365761.0
2023-03-02,2594,比亚迪,SZ,266.12,268.13,262.0,263.71,11490496.0
2023-03-03,2594,比亚迪,SZ,264.99,265.23,262.08,263.79,6398161.0
2023-03-06,2594,比亚迪,SZ,264.0,264.63,258.0,264.27,11212447.0
2023-03-07,2594,比亚迪,SZ,264.18,266.99,260.5,260.68,10593288.0
2023-03-08,2594,比亚迪,SZ,258.5,259.79,255.0,256.99,12089760.0
2023-03-09,2594,比亚迪,SZ,256.5,259.83,254.01,256.07,9673143.0
2023-03-10,2594,比亚迪,SZ,252.0,253.0,242.3,243.14,28346408.0
2023-03-13,2594,比亚迪,SZ,241.72,242.95,237.0,240.49,16734341.0
2023-03-14,2594,比亚迪,SZ,240.0,242.5,233.03,239.98,19856816.0
2023-03-15,2594,比亚迪,SZ,241.5,242.48,237.41,238.62,12071459.0
2023-03-16,2594,比亚迪,SZ,235.0,239.62,234.0,234.79,11837025.0
2023-03-17,2594,比亚迪,SZ,236.78,240.98,235.53,237.91,13500262.0
2023-03-20,2594,比亚迪,SZ,237.91,239.36,234.6,235.57,8632333.0
2023-03-21,2594,比亚迪,SZ,236.89,239.51,234.79,239.51,10887269.0
2023-03-22,2594,比亚迪,SZ,242.2,247.58,242.08,243.2,15533932.0
2023-03-23,2594,比亚迪,SZ,242.99,245.5,239.5,245.49,9746104.0
2023-03-24,2594,比亚迪,SZ,245.5,247.63,243.49,246.02,8101826.0
2023-03-27,2594,比亚迪,SZ,245.99,245.99,240.3,243.65,9249536.0
2023-03-28,2594,比亚迪,SZ,244.5,245.67,242.4,245.01,8184504.0
2023-03-29,2594,比亚迪,SZ,246.55,250.25,246.55,247.7,14430262.0
2023-03-30,2594,比亚迪,SZ,250.0,257.2,250.0,257.2,20926722.0
2023-03-31,2594,比亚迪,SZ,258.97,260.86,255.0,256.02,16700761.0
2023-04-03,2594,比亚迪,SZ,256.0,258.24,252.26,255.92,13369125.0
2023-04-04,2594,比亚迪,SZ,255.81,255.81,247.99,250.92,13774433.0
2023-04-06,2594,比亚迪,SZ,248.0,250.88,245.68,250.0,8194227.0
2023-04-07,2594,比亚迪,SZ,250.05,252.13,248.33,249.28,6872291.0
2023-04-10,2594,比亚迪,SZ,249.28,251.2,246.0,251.0,9805791.0
2023-04-11,2594,比亚迪,SZ,252.15,254.49,248.6,249.83,8745512.0
2023-04-12,2594,比亚迪,SZ,248.8,248.8,243.33,243.4,11232970.0
2023-04-13,2594,比亚迪,SZ,240.58,243.0,237.77,242.82,8096464.0
2023-04-14,2594,比亚迪,SZ,243.4,247.47,242.99,246.06,10550644.0
2023-04-17,2594,比亚迪,SZ,245.0,249.68,244.21,249.44,9039385.0
2023-04-18,2594,比亚迪,SZ,250.4,252.18,248.44,249.0,7843220.0
2023-04-19,2594,比亚迪,SZ,249.0,253.2,246.09,250.85,11192747.0
2023-04-20,2594,比亚迪,SZ,249.93,249.93,245.0,245.02,10030830.0
2023-04-21,2594,比亚迪,SZ,244.5,248.95,243.0,243.0,10405248.0
2023-04-24,2594,比亚迪,SZ,244.1,258.6,243.18,253.49,26701734.0
2023-04-25,2594,比亚迪,SZ,251.0,251.8,242.2,244.3,18741873.0
2023-04-26,2594,比亚迪,SZ,243.0,254.54,241.0,251.0,17449204.0
2023-04-27,2594,比亚迪,SZ,250.0,258.99,249.55,258.92,24246438.0
2023-04-28,2594,比亚迪,SZ,261.47,262.97,254.0,255.86,19194480.0
2023-05-04,2594,比亚迪,SZ,255.0,257.61,251.4,252.52,11812427.0
2023-05-05,2594,比亚迪,SZ,252.55,253.8,247.95,250.07,10243959.0
2023-05-08,2594,比亚迪,SZ,253.0,259.1,252.52,254.03,12162620.0
2023-05-09,2594,比亚迪,SZ,250.04,253.36,249.0,250.11,8988483.0
2023-05-10,2594,比亚迪,SZ,251.0,262.18,249.2,259.79,25369089.0
2023-05-11,2594,比亚迪,SZ,260.77,269.8,258.68,263.75,21423687.0
2023-05-12,2594,比亚迪,SZ,266.0,268.25,259.52,260.1,10457353.0
2023-05-15,2594,比亚迪,SZ,260.1,266.55,258.7,264.9,13692627.0
2023-05-16,2594,比亚迪,SZ,264.39,267.42,263.2,265.13,8163931.0
2023-05-17,2594,比亚迪,SZ,264.99,265.8,259.01,261.0,8955605.0
2023-05-18,2594,比亚迪,SZ,262.3,263.88,256.56,259.08,10069665.0
2023-05-19,2594,比亚迪,SZ,258.18,260.92,256.3,259.18,6010582.0
2023-05-22,2594,比亚迪,SZ,260.92,266.0,257.08,265.1,12016521.0
2023-05-23,2594,比亚迪,SZ,265.04,266.88,262.93,262.93,9061940.0
2023-05-24,2594,比亚迪,SZ,261.6,265.0,259.52,261.91,6809295.0
2023-05-25,2594,比亚迪,SZ,261.96,263.85,255.14,255.6,13207895.0
2023-05-26,2594,比亚迪,SZ,253.0,253.0,242.8,246.99,18581340.0
2023-05-29,2594,比亚迪,SZ,250.0,250.55,242.0,244.93,12472291.0
2023-05-30,2594,比亚迪,SZ,245.95,255.0,245.83,252.2,16688058.0
2023-05-31,2594,比亚迪,SZ,252.2,254.9,249.65,253.66,11838117.0
2023-06-01,2594,比亚迪,SZ,253.66,257.88,253.23,255.45,8673571.0
2023-06-02,2594,比亚迪,SZ,257.88,259.59,255.6,259.06,11067975.0
2023-06-05,2594,比亚迪,SZ,259.0,259.06,251.67,258.32,10479452.0
2023-06-06,2594,比亚迪,SZ,257.95,265.0,256.18,260.88,12898111.0
2023-06-07,2594,比亚迪,SZ,262.0,263.44,255.5,256.55,10049028.0
2023-06-08,2594,比亚迪,SZ,256.19,258.84,254.47,255.0,6445426.0
2023-06-09,2594,比亚迪,SZ,258.8,259.1,252.5,258.0,10748401.0
2023-06-12,2594,比亚迪,SZ,256.5,263.0,255.5,260.51,10289121.0
2023-06-13,2594,比亚迪,SZ,260.5,262.0,257.13,261.22,8151147.0
2023-06-14,2594,比亚迪,SZ,262.68,265.39,261.5,263.0,12577600.0
2023-06-15,2594,比亚迪,SZ,263.5,275.01,263.29,271.88,24396107.0
2023-06-16,2594,比亚迪,SZ,273.86,275.86,270.0,271.08,15229682.0
2023-06-19,2594,比亚迪,SZ,271.08,274.99,267.88,269.21,12356475.0
2023-06-20,2594,比亚迪,SZ,269.01,269.2,264.9,268.25,10236616.0
2023-06-21,2594,比亚迪,SZ,267.01,273.28,266.25,267.78,10781176.0
2023-06-26,2594,比亚迪,SZ,262.43,268.69,262.3,262.89,10151222.0
2023-06-27,2594,比亚迪,SZ,262.02,263.85,257.08,260.05,9902865.0
2023-06-28,2594,比亚迪,SZ,260.0,262.5,258.1,260.25,5726951.0
2023-06-29,2594,比亚迪,SZ,260.25,260.78,255.23,255.7,8348505.0
2023-06-30,2594,比亚迪,SZ,254.13,260.0,253.7,258.27,7572436.0
2023-07-03,2594,比亚迪,SZ,258.88,269.27,258.88,267.48,16256506.0
2023-07-04,2594,比亚迪,SZ,268.5,275.0,266.51,271.5,15712002.0
2023-07-05,2594,比亚迪,SZ,271.51,272.48,265.69,267.0,9303313.0
2023-07-06,2594,比亚迪,SZ,267.0,272.0,266.8,268.1,8371185.0
2023-07-07,2594,比亚迪,SZ,267.0,267.66,264.11,264.4,6219150.0
2023-07-10,2594,比亚迪,SZ,267.0,269.5,262.75,263.55,6887762.0
2023-07-11,2594,比亚迪,SZ,265.0,270.69,263.8,269.33,10240520.0
2023-07-12,2594,比亚迪,SZ,270.5,271.15,264.66,265.61,8703195.0
2023-07-13,2594,比亚迪,SZ,267.5,269.5,265.01,267.83,8275301.0
2023-07-14,2594,比亚迪,SZ,267.8,267.8,263.5,264.41,10272203.0
2023-07-17,2594,比亚迪,SZ,267.0,267.0,262.35,264.49,7892663.0
2023-07-18,2594,比亚迪,SZ,265.25,267.57,260.5,265.48,9845648.0
2023-07-19,2594,比亚迪,SZ,265.49,265.9,262.74,264.83,5025000.0
2023-07-20,2594,比亚迪,SZ,265.5,269.5,264.0,264.95,9127051.0
2023-07-21,2594,比亚迪,SZ,264.0,264.8,261.55,264.32,7528703.0
2023-07-24,2594,比亚迪,SZ,261.01,262.77,257.49,257.5,9595037.0
2023-07-25,2594,比亚迪,SZ,262.68,266.99,262.65,264.59,17388284.0
2023-07-26,2594,比亚迪,SZ,263.76,263.76,260.6,262.09,6586488.0
2023-07-27,2594,比亚迪,SZ,264.5,265.77,260.8,261.63,11265069.0
2023-07-28,2594,比亚迪,SZ,260.0,267.65,258.22,267.0,17330825.0
2023-07-31,2594,比亚迪,SZ,270.0,276.58,269.88,272.0,21506016.0
2023-08-01,2594,比亚迪,SZ,271.76,272.76,266.5,268.5,12033993.0
2023-08-02,2594,比亚迪,SZ,270.7,272.0,266.36,268.0,8739351.0
2023-08-03,2594,比亚迪,SZ,267.28,268.48,265.51,268.23,6616988.0
2023-08-04,2594,比亚迪,SZ,268.99,270.07,266.65,268.3,8805315.0
2023-08-07,2594,比亚迪,SZ,267.93,267.93,265.19,266.99,6420380.0
2023-08-08,2594,比亚迪,SZ,265.2,266.5,262.51,263.3,9171188.0
2023-08-09,2594,比亚迪,SZ,262.0,263.5,260.23,262.9,7249937.0
2023-08-10,2594,比亚迪,SZ,263.0,264.87,260.74,262.7,6001610.0
2023-08-11,2594,比亚迪,SZ,262.69,262.7,259.01,259.25,8612528.0
2023-08-14,2594,比亚迪,SZ,255.0,256.99,243.49,245.82,25289035.0
2023-08-15,2594,比亚迪,SZ,245.82,246.13,241.9,244.54,11502129.0
2023-08-16,2594,比亚迪,SZ,243.28,245.5,242.21,244.2,7997936.0
2023-08-17,2594,比亚迪,SZ,243.37,246.34,240.4,246.01,8683555.0
2023-08-18,2594,比亚迪,SZ,245.56,245.56,240.0,240.29,9846650.0
2023-08-21,2594,比亚迪,SZ,239.8,239.88,234.05,234.41,12787920.0
2023-08-22,2594,比亚迪,SZ,237.97,238.5,230.9,234.54,11211589.0
2023-08-23,2594,比亚迪,SZ,234.54,234.54,230.03,230.09,8123755.0
2023-08-24,2594,比亚迪,SZ,231.01,237.0,231.01,234.9,10681059.0
2023-08-25,2594,比亚迪,SZ,233.28,234.33,231.5,232.6,6677526.0
2023-08-28,2594,比亚迪,SZ,248.0,248.0,234.25,235.53,13352736.0
2023-08-29,2594,比亚迪,SZ,236.81,247.5,236.81,246.71,21322346.0
2023-08-30,2594,比亚迪,SZ,249.33,251.47,247.84,249.8,15218735.0
2023-08-31,2594,比亚迪,SZ,250.51,250.99,248.0,249.4,8873396.0
2023-09-01,2594,比亚迪,SZ,253.0,254.47,248.0,249.12,7777183.0
2023-09-04,2594,比亚迪,SZ,251.6,253.0,248.88,252.45,9651160.0
2023-09-05,2594,比亚迪,SZ,252.2,252.2,248.69,249.03,7457050.0
2023-09-06,2594,比亚迪,SZ,250.0,252.3,249.3,250.45,6592856.0
2023-09-07,2594,比亚迪,SZ,250.42,250.42,248.11,248.4,6091302.0
2023-09-08,2594,比亚迪,SZ,247.01,247.01,242.69,244.05,6763440.0
2023-09-11,2594,比亚迪,SZ,243.7,248.5,242.2,247.01,7651344.0
2023-09-12,2594,比亚迪,SZ,248.7,253.37,247.1,251.99,11953240.0
2023-09-13,2594,比亚迪,SZ,252.0,254.28,250.4,251.55,9147897.0
2023-09-14,2594,比亚迪,SZ,246.8,246.95,242.0,243.63,15258025.0
2023-09-15,2594,比亚迪,SZ,244.0,246.84,241.51,244.29,8225595.0
2023-09-18,2594,比亚迪,SZ,244.5,251.2,244.29,247.38,9640522.0
2023-09-19,2594,比亚迪,SZ,246.0,248.28,243.8,247.17,6239693.0
2023-09-20,2594,比亚迪,SZ,245.0,246.28,244.0,244.0,5449710.0
2023-09-21,2594,比亚迪,SZ,243.0,243.87,238.55,239.68,9296462.0
2023-09-22,2594,比亚迪,SZ,239.52,245.66,238.5,245.05,9676396.0
2023-09-25,2594,比亚迪,SZ,246.83,246.98,244.35,245.8,6478680.0
2023-09-26,2594,比亚迪,SZ,245.0,245.0,238.3,238.5,11846263.0
2023-09-27,2594,比亚迪,SZ,239.11,242.22,237.79,237.83,7573367.0
2023-09-28,2594,比亚迪,SZ,238.8,239.5,236.05,236.7,8525768.0
2023-10-09,2594,比亚迪,SZ,236.7,238.51,229.66,237.97,9179071.0
2023-10-10,2594,比亚迪,SZ,237.96,240.02,237.0,237.91,6393661.0
2023-10-11,2594,比亚迪,SZ,241.96,242.5,238.0,238.59,7668373.0
2023-10-12,2594,比亚迪,SZ,240.4,245.5,239.0,244.45,13934094.0
2023-10-13,2594,比亚迪,SZ,241.9,242.77,239.8,240.36,6644523.0
2023-10-16,2594,比亚迪,SZ,240.4,241.08,236.5,237.51,6602221.0
2023-10-17,2594,比亚迪,SZ,237.52,239.99,236.5,238.0,4916359.0
2023-10-18,2594,比亚迪,SZ,245.6,251.0,244.0,249.07,30786284.0
2023-10-19,2594,比亚迪,SZ,246.95,247.97,240.34,240.6,14775328.0
2023-10-20,2594,比亚迪,SZ,240.0,241.8,238.21,239.2,8565861.0
2023-10-23,2594,比亚迪,SZ,240.0,240.0,236.2,238.65,7353683.0
2023-10-24,2594,比亚迪,SZ,239.3,240.5,234.67,235.55,11077892.0
2023-10-25,2594,比亚迪,SZ,237.97,240.01,236.22,237.4,8367573.0
2023-10-26,2594,比亚迪,SZ,236.06,238.8,235.7,238.61,7319935.0
2023-10-27,2594,比亚迪,SZ,238.0,243.5,237.52,241.95,10320556.0
2023-10-30,2594,比亚迪,SZ,239.51,244.99,238.7,244.6,11729547.0
2023-10-31,2594,比亚迪,SZ,243.5,243.99,237.5,238.54,12720475.0
2023-11-01,2594,比亚迪,SZ,238.0,238.0,235.42,236.2,9339042.0
2023-11-02,2594,比亚迪,SZ,237.86,237.88,234.8,234.8,8541416.0
2023-11-03,2594,比亚迪,SZ,235.51,239.15,234.88,238.65,9067942.0
2023-11-06,2594,比亚迪,SZ,240.51,243.43,240.0,242.9,14354786.0
2023-11-07,2594,比亚迪,SZ,243.0,244.3,240.51,240.97,9451293.0
2023-11-08,2594,比亚迪,SZ,240.36,240.86,239.18,240.0,8012814.0
2023-11-09,2594,比亚迪,SZ,240.0,240.75,238.34,239.3,7318274.0
2023-11-10,2594,比亚迪,SZ,239.0,239.0,235.66,236.96,8190190.0
2023-11-13,2594,比亚迪,SZ,237.88,238.18,235.1,237.12,6973846.0
2023-11-14,2594,比亚迪,SZ,237.3,238.2,236.6,237.63,5521655.0
2023-11-15,2594,比亚迪,SZ,239.9,240.0,238.3,238.64,7869167.0
2023-11-16,2594,比亚迪,SZ,239.8,239.8,237.22,238.3,6169007.0
2023-11-17,2594,比亚迪,SZ,237.0,238.59,236.0,236.76,5946229.0
2023-11-20,2594,比亚迪,SZ,235.8,236.5,234.58,235.0,7677094.0
2023-11-21,2594,比亚迪,SZ,235.69,236.68,233.66,234.2,8238634.0
2023-11-22,2594,比亚迪,SZ,233.5,233.5,229.88,230.0,10557108.0
2023-11-23,2594,比亚迪,SZ,230.5,231.28,227.12,228.83,10576394.0
2023-11-24,2594,比亚迪,SZ,228.8,228.8,215.4,216.85,28065948.0
2023-11-27,2594,比亚迪,SZ,212.0,212.0,205.0,208.9,21548087.0
2023-11-28,2594,比亚迪,SZ,208.92,211.77,207.01,209.91,12221143.0
2023-11-29,2594,比亚迪,SZ,209.88,209.9,201.39,201.98,21924630.0
2023-11-30,2594,比亚迪,SZ,201.6,202.73,198.45,199.15,18724215.0
2023-12-01,2594,比亚迪,SZ,200.48,200.82,192.81,197.05,19418985.0
2023-12-04,2594,比亚迪,SZ,197.05,199.29,193.6,196.39,11761315.0
2023-12-05,2594,比亚迪,SZ,197.0,199.96,195.61,196.34,15237247.0
2023-12-06,2594,比亚迪,SZ,196.35,201.24,196.0,201.19,17634737.0
2023-12-07,2594,比亚迪,SZ,201.19,201.2,197.3,199.45,10316924.0
2023-12-08,2594,比亚迪,SZ,199.03,200.36,198.32,198.55,7770019.0
2023-12-11,2594,比亚迪,SZ,196.75,199.58,194.64,199.19,10108635.0
2023-12-12,2594,比亚迪,SZ,198.18,198.73,196.12,196.33,7979721.0
2023-12-13,2594,比亚迪,SZ,195.82,195.82,191.72,191.8,11753492.0
2023-12-14,2594,比亚迪,SZ,193.0,196.18,191.11,191.18,9249670.0
2023-12-15,2594,比亚迪,SZ,193.08,194.39,191.08,193.28,10184134.0
2023-12-18,2594,比亚迪,SZ,191.06,192.5,188.31,189.06,10051147.0
2023-12-19,2594,比亚迪,SZ,188.53,188.68,186.16,188.0,7936972.0
2023-12-20,2594,比亚迪,SZ,188.33,189.33,184.87,184.88,8492482.0
2023-12-21,2594,比亚迪,SZ,183.33,189.98,182.85,189.68,13314943.0
2023-12-22,2594,比亚迪,SZ,189.9,195.38,188.04,192.25,11799766.0
2023-12-25,2594,比亚迪,SZ,193.0,194.2,190.21,192.18,5376986.0
2023-12-26,2594,比亚迪,SZ,192.16,192.16,190.0,191.75,4138033.0
2023-12-27,2594,比亚迪,SZ,193.0,193.5,190.7,191.45,6136402.0
2023-12-28,2594,比亚迪,SZ,191.03,198.66,190.66,198.05,13877780.0
2023-12-29,2594,比亚迪,SZ,198.97,199.8,197.15,198.0,8036729.0
2024-01-02,2594,比亚迪,SZ,199.61,199.62,192.37,192.6,11392832.0
2024-01-03,2594,比亚迪,SZ,192.5,193.87,190.7,193.17,8448596.0
2024-01-04,2594,比亚迪,SZ,194.34,194.65,191.1,193.02,8987036.0
2024-01-05,2594,比亚迪,SZ,192.47,197.5,191.13,192.68,11240188.0
2024-01-08,2594,比亚迪,SZ,192.8,193.66,189.15,189.4,8107839.0
2024-01-09,2594,比亚迪,SZ,191.0,196.0,190.2,192.86,11218651.0
2024-01-10,2594,比亚迪,SZ,191.7,193.3,189.6,190.29,7141623.0
2024-01-11,2594,比亚迪,SZ,190.2,198.7,188.81,196.78,15986174.0
2024-01-12,2594,比亚迪,SZ,196.78,198.25,195.29,195.87,8702264.0
2024-01-15,2594,比亚迪,SZ,194.72,197.0,192.42,194.61,7021993.0
2024-01-16,2594,比亚迪,SZ,193.9,196.55,193.07,195.3,8380860.0
2024-01-17,2594,比亚迪,SZ,194.2,194.55,186.8,186.8,16079471.0
2024-01-18,2594,比亚迪,SZ,185.65,191.0,184.91,190.48,11459165.0
2024-01-19,2594,比亚迪,SZ,189.49,192.96,188.7,189.34,8090516.0
2024-01-22,2594,比亚迪,SZ,188.87,191.3,184.56,185.34,13223973.0
2024-01-23,2594,比亚迪,SZ,185.0,188.96,184.3,187.85,11072562.0
2024-01-24,2594,比亚迪,SZ,189.28,189.85,184.08,188.7,9664121.0
2024-01-25,2594,比亚迪,SZ,188.88,190.9,185.66,189.9,13076908.0
2024-01-26,2594,比亚迪,SZ,189.0,189.0,185.5,185.86,11585464.0
2024-01-29,2594,比亚迪,SZ,185.9,186.0,178.31,178.44,14604252.0
2024-01-30,2594,比亚迪,SZ,173.08,175.48,170.3,171.97,19076118.0
2024-01-31,2594,比亚迪,SZ,171.09,175.28,170.32,170.73,12536841.0
2024-02-01,2594,比亚迪,SZ,170.0,173.0,168.36,170.89,11665074.0
2024-02-02,2594,比亚迪,SZ,170.96,171.88,163.01,167.0,14799171.0
2024-02-05,2594,比亚迪,SZ,165.0,171.78,162.77,168.0,18621620.0
2024-02-06,2594,比亚迪,SZ,166.0,176.11,165.5,175.87,17618975.0
2024-02-07,2594,比亚迪,SZ,177.25,183.0,176.1,179.56,16009370.0
2024-02-08,2594,比亚迪,SZ,181.49,183.35,180.7,181.17,11924566.0
2024-02-19,2594,比亚迪,SZ,183.88,185.35,181.84,183.5,11968707.0
2024-02-20,2594,比亚迪,SZ,183.5,183.68,177.0,179.02,11335736.0
2024-02-21,2594,比亚迪,SZ,177.1,185.6,176.66,183.0,14769298.0
2024-02-22,2594,比亚迪,SZ,182.9,183.64,181.26,182.99,8090613.0
2024-02-23,2594,比亚迪,SZ,182.99,183.99,180.83,182.68,9117490.0
2024-02-26,2594,比亚迪,SZ,186.0,190.13,185.55,186.0,15546076.0
2024-02-27,2594,比亚迪,SZ,187.45,193.93,187.2,193.7,20634265.0
2024-02-28,2594,比亚迪,SZ,196.0,196.52,188.0,188.0,16829153.0
2024-02-29,2594,比亚迪,SZ,187.01,191.61,186.19,191.2,12236289.0
2024-03-01,2594,比亚迪,SZ,190.9,192.98,188.77,192.18,12215828.0
2024-03-04,2594,比亚迪,SZ,190.0,191.7,188.1,189.27,12686510.0
2024-03-05,2594,比亚迪,SZ,187.5,191.65,185.5,190.82,14962443.0
2024-03-06,2594,比亚迪,SZ,190.0,192.98,189.0,191.65,10010040.0
2024-03-07,2594,比亚迪,SZ,192.06,193.96,188.8,188.89,10132688.0
2024-03-08,2594,比亚迪,SZ,188.3,190.15,187.25,188.09,6714968.0
2024-03-11,2594,比亚迪,SZ,188.0,199.9,188.0,198.74,27808046.0
2024-03-12,2594,比亚迪,SZ,201.0,206.66,197.77,205.1,24502892.0
2024-03-13,2594,比亚迪,SZ,206.92,210.4,205.83,206.36,17781291.0
2024-03-14,2594,比亚迪,SZ,208.42,215.36,208.42,212.08,21135219.0
2024-03-15,2594,比亚迪,SZ,210.0,211.38,206.18,209.47,14662802.0
2024-03-18,2594,比亚迪,SZ,211.85,218.25,211.61,218.03,19698182.0
2024-03-19,2594,比亚迪,SZ,218.03,219.85,214.39,216.8,14697268.0
2024-03-20,2594,比亚迪,SZ,217.01,220.78,217.01,218.48,9680523.0
2024-03-21,2594,比亚迪,SZ,218.92,219.8,217.0,218.95,8866709.0
2024-03-22,2594,比亚迪,SZ,218.95,218.97,215.2,216.95,10467161.0
2024-03-25,2594,比亚迪,SZ,216.37,217.79,212.85,214.2,9910940.0
2024-03-26,2594,比亚迪,SZ,216.0,219.99,215.27,219.6,13134627.0
2024-03-27,2594,比亚迪,SZ,219.61,219.7,210.01,211.98,18884898.0
2024-03-28,2594,比亚迪,SZ,209.85,211.84,206.01,208.38,15943531.0
2024-03-29,2594,比亚迪,SZ,208.43,208.52,201.17,203.06,14138108.0
2024-04-01,2594,比亚迪,SZ,203.06,212.98,203.06,212.01,14290927.0
2024-04-02,2594,比亚迪,SZ,212.01,217.3,211.8,212.34,10758479.0
2024-04-03,2594,比亚迪,SZ,210.5,211.11,207.55,208.16,8363379.0
2024-04-08,2594,比亚迪,SZ,207.0,215.0,206.39,212.0,12822718.0
2024-04-09,2594,比亚迪,SZ,211.75,214.99,211.35,212.08,8420846.0
2024-04-10,2594,比亚迪,SZ,214.3,214.5,210.0,211.84,7241085.0
2024-04-11,2594,比亚迪,SZ,209.0,215.44,207.8,212.98,10085395.0
2024-04-12,2594,比亚迪,SZ,212.0,217.19,209.54,210.6,11491789.0
2024-04-15,2594,比亚迪,SZ,210.0,215.5,209.09,213.62,11333192.0
2024-04-16,2594,比亚迪,SZ,212.4,215.35,210.71,211.63,9832304.0
2024-04-17,2594,比亚迪,SZ,211.0,213.18,209.6,213.0,9692162.0
2024-04-18,2594,比亚迪,SZ,212.0,216.5,209.4,213.6,13399756.0
2024-04-19,2594,比亚迪,SZ,212.19,212.87,207.06,210.13,11177043.0
2024-04-22,2594,比亚迪,SZ,210.0,211.53,208.1,208.56,6469478.0
2024-04-23,2594,比亚迪,SZ,208.55,208.56,203.99,205.04,8729994.0
2024-04-24,2594,比亚迪,SZ,206.89,208.8,204.5,207.42,7497892.0
2024-04-25,2594,比亚迪,SZ,207.4,211.51,206.62,208.94,9468384.0
2024-04-26,2594,比亚迪,SZ,210.0,219.76,210.0,219.37,25345378.0
2024-04-29,2594,比亚迪,SZ,221.08,225.4,218.73,221.38,19167593.0
2024-04-30,2594,比亚迪,SZ,223.5,224.38,218.5,218.5,11555966.0
2024-05-06,2594,比亚迪,SZ,225.0,228.39,223.5,226.3,18677887.0
2024-05-07,2594,比亚迪,SZ,226.3,231.99,224.04,229.88,14419048.0
2024-05-08,2594,比亚迪,SZ,228.54,228.88,226.0,226.23,9113178.0
2024-05-09,2594,比亚迪,SZ,226.3,228.4,226.15,228.15,7900735.0
2024-05-10,2594,比亚迪,SZ,227.0,229.52,226.0,227.8,8061330.0
2024-05-13,2594,比亚迪,SZ,225.2,227.36,222.58,225.7,8248116.0
2024-05-14,2594,比亚迪,SZ,225.71,227.57,224.11,224.91,6261853.0
2024-05-15,2594,比亚迪,SZ,224.5,226.0,218.3,219.14,9973351.0
2024-05-16,2594,比亚迪,SZ,219.15,219.96,216.61,218.31,8715722.0
2024-05-17,2594,比亚迪,SZ,219.39,220.33,217.66,219.59,7148666.0
2024-05-20,2594,比亚迪,SZ,218.48,224.0,218.48,222.87,7595857.0
2024-05-21,2594,比亚迪,SZ,221.98,221.99,217.42,218.78,8408043.0
2024-05-22,2594,比亚迪,SZ,218.19,219.5,215.16,216.92,8839817.0
2024-05-23,2594,比亚迪,SZ,215.85,215.85,213.51,214.95,6228723.0
2024-05-24,2594,比亚迪,SZ,213.98,214.0,208.8,209.3,10287552.0
2024-05-27,2594,比亚迪,SZ,210.0,210.8,206.6,208.35,7604551.0
2024-05-28,2594,比亚迪,SZ,208.8,208.91,206.58,207.38,6094646.0
2024-05-29,2594,比亚迪,SZ,211.0,226.0,210.99,224.7,30264777.0
2024-05-30,2594,比亚迪,SZ,224.42,229.38,223.9,227.86,22379181.0
2024-05-31,2594,比亚迪,SZ,228.8,231.6,226.99,229.02,18542984.0
2024-06-03,2594,比亚迪,SZ,229.01,240.48,225.99,237.1,27014589.0
2024-06-04,2594,比亚迪,SZ,236.9,239.8,235.95,238.15,15742916.0
2024-06-05,2594,比亚迪,SZ,238.48,246.3,238.48,240.79,19443395.0
2024-06-06,2594,比亚迪,SZ,241.2,243.8,237.5,238.5,17586542.0
2024-06-07,2594,比亚迪,SZ,239.03,241.39,232.13,235.5,18259398.0
2024-06-11,2594,比亚迪,SZ,234.63,246.0,234.33,244.63,22159693.0
2024-06-12,2594,比亚迪,SZ,241.63,247.55,241.63,242.9,18733197.0
2024-06-13,2594,比亚迪,SZ,248.8,258.28,248.11,252.99,29251928.0
2024-06-14,2594,比亚迪,SZ,251.48,253.93,246.53,253.05,20260976.0
2024-06-17,2594,比亚迪,SZ,252.0,259.87,250.87,257.21,20864880.0
2024-06-18,2594,比亚迪,SZ,255.6,257.3,253.0,255.64,12878911.0
2024-06-19,2594,比亚迪,SZ,256.0,258.0,253.41,254.0,9910811.0
2024-06-20,2594,比亚迪,SZ,252.88,253.77,249.3,251.5,11619994.0
2024-06-21,2594,比亚迪,SZ,251.99,254.37,247.81,250.67,11633012.0
2024-06-24,2594,比亚迪,SZ,250.0,253.98,247.78,249.94,10842302.0
2024-06-25,2594,比亚迪,SZ,252.0,258.74,250.36,254.01,19574643.0
2024-06-26,2594,比亚迪,SZ,252.0,254.3,249.38,252.72,11191676.0
2024-06-27,2594,比亚迪,SZ,251.02,252.36,248.42,249.5,8291084.0
2024-06-28,2594,比亚迪,SZ,248.0,252.13,246.88,250.25,9298207.0
2024-07-01,2594,比亚迪,SZ,250.25,251.85,242.5,246.8,12927332.0
2024-07-02,2594,比亚迪,SZ,246.87,247.7,243.05,243.97,10262737.0
2024-07-03,2594,比亚迪,SZ,243.96,245.38,240.0,243.1,9657403.0
2024-07-04,2594,比亚迪,SZ,245.0,249.69,244.5,244.63,9919634.0
2024-07-05,2594,比亚迪,SZ,243.17,244.5,238.88,242.03,9566478.0
2024-07-08,2594,比亚迪,SZ,241.8,248.22,241.18,244.99,10537466.0
2024-07-09,2594,比亚迪,SZ,245.2,253.51,241.51,252.6,14076255.0
2024-07-10,2594,比亚迪,SZ,252.49,256.53,251.5,252.5,10928256.0
2024-07-11,2594,比亚迪,SZ,255.0,256.26,251.68,253.06,10035945.0
2024-07-12,2594,比亚迪,SZ,253.52,264.0,251.89,262.62,18886322.0
2024-07-15,2594,比亚迪,SZ,262.3,264.8,260.61,261.71,9871552.0
2024-07-16,2594,比亚迪,SZ,260.61,262.2,256.35,258.99,11758768.0
2024-07-17,2594,比亚迪,SZ,259.0,261.52,256.62,259.51,10519171.0
2024-07-18,2594,比亚迪,SZ,257.9,262.9,257.51,261.43,9532204.0
2024-07-19,2594,比亚迪,SZ,260.5,266.0,259.74,264.06,13621379.0
2024-07-22,2594,比亚迪,SZ,264.1,270.1,264.1,265.61,10074955.0
2024-07-23,2594,比亚迪,SZ,264.99,265.41,253.0,253.23,16741049.0
2024-07-24,2594,比亚迪,SZ,253.23,255.15,248.49,249.99,11864005.0
2024-07-25,2594,比亚迪,SZ,249.97,254.54,247.5,250.39,10110420.0
2024-07-26,2594,比亚迪,SZ,252.97,257.63,251.15,254.95,12484165.0
2024-07-29,2594,比亚迪,SZ,252.93,253.0,246.58,249.1,7885932.0
2024-07-30,2594,比亚迪,SZ,247.59,247.8,241.62,243.91,11039339.0
2024-07-31,2594,比亚迪,SZ,242.61,248.02,242.57,247.05,8749003.0
2024-08-01,2594,比亚迪,SZ,248.0,248.74,240.0,244.2,10363488.0
2024-08-02,2594,比亚迪,SZ,241.99,242.26,234.6,234.78,14567117.0
2024-08-05,2594,比亚迪,SZ,230.84,236.67,230.01,231.18,10526835.0
2024-08-06,2594,比亚迪,SZ,234.0,234.62,225.98,228.94,12910151.0
2024-08-07,2594,比亚迪,SZ,229.04,231.0,226.47,228.95,8202186.0
2024-08-08,2594,比亚迪,SZ,227.8,227.8,223.5,226.45,8535741.0
2024-08-09,2594,比亚迪,SZ,228.06,235.88,228.04,231.62,11985218.0
2024-08-12,2594,比亚迪,SZ,232.01,233.49,229.5,230.4,5377901.0
2024-08-13,2594,比亚迪,SZ,230.36,230.39,226.0,228.73,6043650.0
2024-08-14,2594,比亚迪,SZ,228.6,228.6,225.2,226.6,5632985.0
2024-08-15,2594,比亚迪,SZ,226.57,232.5,224.88,231.49,8854538.0
2024-08-16,2594,比亚迪,SZ,232.11,238.32,230.5,235.11,10221858.0
2024-08-19,2594,比亚迪,SZ,235.25,238.98,235.01,235.42,7018242.0
2024-08-20,2594,比亚迪,SZ,236.0,237.33,233.43,236.48,6248422.0
2024-08-21,2594,比亚迪,SZ,234.66,243.13,232.0,241.0,11104338.0
2024-08-22,2594,比亚迪,SZ,241.0,242.77,239.62,240.52,6248845.0
2024-08-23,2594,比亚迪,SZ,239.8,241.3,238.15,239.34,4978602.0
2024-08-26,2594,比亚迪,SZ,239.5,243.0,237.71,239.41,5651342.0
2024-08-27,2594,比亚迪,SZ,237.51,241.28,236.5,240.8,5092646.0
2024-08-28,2594,比亚迪,SZ,240.27,240.28,232.8,236.85,8904070.0
2024-08-29,2594,比亚迪,SZ,233.33,236.5,231.3,234.85,7938487.0
2024-08-30,2594,比亚迪,SZ,237.98,251.79,237.26,249.42,19302792.0
2024-09-02,2594,比亚迪,SZ,248.02,250.42,241.0,241.1,10113482.0
2024-09-03,2594,比亚迪,SZ,240.4,247.45,240.4,247.08,10181990.0
2024-09-04,2594,比亚迪,SZ,245.5,251.9,245.44,250.32,10060596.0
2024-09-05,2594,比亚迪,SZ,250.0,255.6,249.6,252.85,10012555.0
2024-09-06,2594,比亚迪,SZ,252.86,255.1,251.42,251.6,7814152.0
2024-09-09,2594,比亚迪,SZ,249.48,253.96,248.58,249.98,7085126.0
2024-09-10,2594,比亚迪,SZ,250.0,252.8,248.62,249.65,6124829.0
2024-09-11,2594,比亚迪,SZ,250.0,260.6,249.44,258.1,15536148.0
2024-09-12,2594,比亚迪,SZ,258.7,260.0,257.0,257.01,7725108.0
2024-09-13,2594,比亚迪,SZ,257.2,258.0,254.85,254.99,5699161.0
2024-09-18,2594,比亚迪,SZ,255.02,259.33,254.1,258.43,6681981.0
2024-09-19,2594,比亚迪,SZ,259.01,259.38,253.3,255.36,9104323.0
2024-09-20,2594,比亚迪,SZ,255.38,258.8,252.88,256.1,8989793.0
2024-09-23,2594,比亚迪,SZ,255.95,256.96,248.79,250.0,10758273.0
2024-09-24,2594,比亚迪,SZ,253.0,255.5,246.76,254.29,15649454.0
2024-09-25,2594,比亚迪,SZ,258.0,269.66,257.66,262.8,20571034.0
2024-09-26,2594,比亚迪,SZ,264.0,269.7,262.1,269.61,14906641.0
2024-09-27,2594,比亚迪,SZ,273.0,291.99,271.5,283.99,30992240.0
2024-09-30,2594,比亚迪,SZ,290.0,308.08,290.0,307.31,38880459.0
2024-10-08,2594,比亚迪,SZ,338.04,338.04,307.31,327.38,44343939.0
2024-10-09,2594,比亚迪,SZ,315.0,320.71,300.5,305.69,32591858.0
2024-10-10,2594,比亚迪,SZ,310.0,322.0,309.98,315.89,25016687.0
2024-10-11,2594,比亚迪,SZ,314.02,314.02,296.01,300.05,18641849.0
2024-10-14,2594,比亚迪,SZ,300.99,309.98,300.2,307.0,17236482.0
2024-10-15,2594,比亚迪,SZ,305.5,308.38,298.0,298.0,12214902.0
2024-10-16,2594,比亚迪,SZ,293.0,295.98,287.0,289.79,15032187.0
2024-10-17,2594,比亚迪,SZ,292.51,297.85,289.12,289.42,10245654.0
2024-10-18,2594,比亚迪,SZ,289.45,306.2,288.08,300.3,19109242.0
2024-10-21,2594,比亚迪,SZ,303.0,308.6,300.9,306.45,15781602.0
2024-10-22,2594,比亚迪,SZ,305.0,310.12,303.0,304.75,10373266.0
2024-10-23,2594,比亚迪,SZ,304.75,311.8,302.68,308.88,12669500.0
2024-10-24,2594,比亚迪,SZ,308.88,309.97,302.58,303.68,9688514.0
2024-10-25,2594,比亚迪,SZ,304.0,311.8,304.0,308.14,13982037.0
2024-10-28,2594,比亚迪,SZ,309.0,309.0,301.75,305.1,10932439.0
2024-10-29,2594,比亚迪,SZ,309.0,310.28,303.8,305.4,11854561.0
2024-10-30,2594,比亚迪,SZ,303.0,307.51,301.5,305.55,10844820.0
2024-10-31,2594,比亚迪,SZ,302.01,302.99,293.0,293.19,24085199.0
2024-11-01,2594,比亚迪,SZ,293.2,295.6,290.1,290.31,14304086.0
2024-11-04,2594,比亚迪,SZ,296.0,308.92,295.61,306.98,21731889.0
2024-11-05,2594,比亚迪,SZ,304.06,308.44,300.5,307.5,16781998.0
2024-11-06,2594,比亚迪,SZ,308.0,309.75,298.0,300.36,18486120.0
2024-11-07,2594,比亚迪,SZ,295.03,301.88,294.0,301.78,15067592.0
2024-11-08,2594,比亚迪,SZ,307.12,307.52,297.0,297.9,16671572.0
2024-11-11,2594,比亚迪,SZ,295.0,299.47,292.6,299.29,18085930.0
2024-11-12,2594,比亚迪,SZ,300.15,310.0,299.31,300.81,24655746.0
2024-11-13,2594,比亚迪,SZ,298.0,301.33,295.3,300.57,14511579.0
2024-11-14,2594,比亚迪,SZ,300.0,300.3,294.0,294.75,12458290.0
2024-11-15,2594,比亚迪,SZ,294.79,295.79,288.02,290.0,15323594.0
2024-11-18,2594,比亚迪,SZ,290.01,292.95,286.66,288.68,11620595.0
2024-11-19,2594,比亚迪,SZ,288.68,291.48,282.02,287.99,13194669.0
2024-11-20,2594,比亚迪,SZ,288.01,290.4,285.5,288.46,10601693.0
2024-11-21,2594,比亚迪,SZ,288.47,288.49,284.0,286.0,9553294.0
2024-11-22,2594,比亚迪,SZ,285.5,285.86,278.0,278.49,12514178.0
2024-11-25,2594,比亚迪,SZ,283.0,289.36,280.89,283.0,17453315.0
2024-11-26,2594,比亚迪,SZ,280.0,286.0,277.88,281.01,9520645.0
2024-11-27,2594,比亚迪,SZ,279.28,281.0,277.0,281.0,11000281.0
2024-11-28,2594,比亚迪,SZ,281.2,281.56,273.0,274.58,15858922.0
2024-11-29,2594,比亚迪,SZ,273.0,277.88,272.05,274.83,12800460.0
2024-12-02,2594,比亚迪,SZ,276.61,284.0,274.08,282.4,15135721.0
2024-12-03,2594,比亚迪,SZ,284.8,285.88,280.58,282.65,9144971.0
2024-12-04,2594,比亚迪,SZ,281.34,283.33,278.8,279.98,8501286.0
2024-12-05,2594,比亚迪,SZ,277.19,278.48,274.31,275.26,9026771.0
2024-12-06,2594,比亚迪,SZ,275.67,281.98,274.01,280.28,12469840.0
2024-12-09,2594,比亚迪,SZ,279.23,283.99,277.68,280.49,9215268.0
2024-12-10,2594,比亚迪,SZ,293.0,294.0,282.0,282.55,17592915.0
2024-12-11,2594,比亚迪,SZ,282.03,283.87,279.4,280.77,9335988.0
2024-12-12,2594,比亚迪,SZ,280.1,283.68,278.4,283.68,10013395.0
2024-12-13,2594,比亚迪,SZ,281.33,281.62,276.42,276.51,11235863.0
2024-12-16,2594,比亚迪,SZ,276.52,278.18,273.58,274.95,7149026.0
2024-12-17,2594,比亚迪,SZ,274.92,285.66,273.98,282.8,17568207.0
2024-12-18,2594,比亚迪,SZ,283.25,286.88,282.63,284.65,8410638.0
2024-12-19,2594,比亚迪,SZ,281.81,286.94,280.0,285.4,8672852.0
2024-12-20,2594,比亚迪,SZ,285.01,286.75,280.2,280.2,9670711.0
2024-12-23,2594,比亚迪,SZ,280.5,283.29,278.88,280.7,8151596.0
2024-12-24,2594,比亚迪,SZ,279.89,288.51,279.13,288.42,14228738.0
2024-12-25,2594,比亚迪,SZ,288.73,291.36,285.7,285.92,8339103.0
2024-12-26,2594,比亚迪,SZ,285.92,286.8,284.0,284.86,6760455.0
2024-12-27,2594,比亚迪,SZ,286.8,287.55,283.0,286.28,7868319.0
2024-12-30,2594,比亚迪,SZ,287.2,289.5,283.33,284.99,8294681.0
2024-12-31,2594,比亚迪,SZ,285.0,286.5,282.0,282.66,7761976.0
2025-01-02,2594,比亚迪,SZ,283.0,283.08,269.42,271.1,16878404.0
2025-01-03,2594,比亚迪,SZ,271.5,274.59,268.24,270.73,9936476.0
2025-01-06,2594,比亚迪,SZ,271.94,273.89,269.03,271.28,8244683.0
2025-01-07,2594,比亚迪,SZ,271.28,277.73,267.5,274.03,9572218.0
2025-01-08,2594,比亚迪,SZ,272.99,273.99,265.81,269.18,10908247.0
2025-01-09,2594,比亚迪,SZ,269.0,271.7,266.66,269.39,6561288.0
2025-01-10,2594,比亚迪,SZ,269.0,270.39,264.78,266.02,8054821.0
2025-01-13,2594,比亚迪,SZ,263.0,268.47,262.21,266.0,6721375.0
2025-01-14,2594,比亚迪,SZ,266.34,277.15,266.01,276.3,12578973.0
2025-01-15,2594,比亚迪,SZ,276.2,277.31,274.5,274.69,6233583.0
2025-01-16,2594,比亚迪,SZ,274.7,277.33,270.53,272.76,7257175.0
2025-01-17,2594,比亚迪,SZ,273.52,279.2,272.48,276.6,8614153.0
2025-01-20,2594,比亚迪,SZ,279.0,286.43,278.92,284.43,13579709.0
2025-01-21,2594,比亚迪,SZ,285.0,287.43,283.0,286.05,7644144.0
2025-01-22,2594,比亚迪,SZ,285.0,286.3,279.8,282.5,8105689.0
2025-01-23,2594,比亚迪,SZ,284.98,285.0,277.0,277.11,9617392.0
2025-01-24,2594,比亚迪,SZ,276.51,280.5,276.0,279.08,6814367.0
2025-01-27,2594,比亚迪,SZ,279.09,280.12,274.5,274.5,6340768.0
2025-02-05,2594,比亚迪,SZ,282.73,286.75,281.6,282.8,14535090.0
2025-02-06,2594,比亚迪,SZ,282.81,311.08,282.45,311.08,38145868.0
2025-02-07,2594,比亚迪,SZ,320.0,330.0,314.0,326.9,48707526.0
2025-02-10,2594,比亚迪,SZ,326.91,332.0,321.58,330.13,27271140.0
2025-02-11,2594,比亚迪,SZ,339.3,340.3,326.01,329.9,28036356.0
2025-02-12,2594,比亚迪,SZ,327.5,346.94,322.65,345.05,27935722.0
2025-02-13,2594,比亚迪,SZ,341.2,346.35,339.5,341.3,19983985.0
2025-02-14,2594,比亚迪,SZ,341.52,359.6,341.52,356.05,24364461.0
2025-02-17,2594,比亚迪,SZ,356.05,358.8,344.5,348.5,23201509.0
2025-02-18,2594,比亚迪,SZ,351.4,363.48,348.84,356.22,25179738.0
2025-02-19,2594,比亚迪,SZ,353.52,360.0,353.0,358.5,16191782.0
2025-02-20,2594,比亚迪,SZ,363.48,367.66,358.2,362.78,15693717.0
2025-02-21,2594,比亚迪,SZ,366.0,386.5,365.23,383.0,23929245.0
2025-02-24,2594,比亚迪,SZ,385.0,388.66,373.48,376.28,19940747.0
2025-02-25,2594,比亚迪,SZ,370.0,380.0,368.81,372.49,16110252.0
2025-02-26,2594,比亚迪,SZ,372.49,375.8,365.0,372.1,13852896.0
2025-02-27,2594,比亚迪,SZ,382.0,383.99,371.01,375.5,16844614.0
2025-02-28,2594,比亚迪,SZ,371.1,374.77,359.01,361.82,23930429.0
2025-03-03,2594,比亚迪,SZ,369.0,370.0,357.79,360.21,15207822.0
2025-03-04,2594,比亚迪,SZ,340.03,348.0,338.03,344.84,26345330.0
2025-03-05,2594,比亚迪,SZ,347.0,355.19,347.0,353.96,13906886.0
2025-03-06,2594,比亚迪,SZ,360.18,362.17,357.0,358.93,11460099.0
2025-03-07,2594,比亚迪,SZ,358.9,361.0,355.24,356.4,8758413.0
2025-03-10,2594,比亚迪,SZ,355.9,357.39,349.0,351.0,9917660.0
2025-03-11,2594,比亚迪,SZ,345.0,351.77,344.88,350.38,9536997.0
2025-03-12,2594,比亚迪,SZ,354.45,359.88,351.0,351.0,12951056.0
2025-03-13,2594,比亚迪,SZ,351.87,357.36,351.13,354.5,10221085.0
2025-03-14,2594,比亚迪,SZ,357.0,377.18,355.62,375.94,22469718.0
2025-03-17,2594,比亚迪,SZ,382.32,383.0,375.96,380.25,13306887.0
2025-03-18,2594,比亚迪,SZ,388.55,390.0,380.01,384.57,17333878.0
2025-03-19,2594,比亚迪,SZ,384.53,399.0,382.54,397.07,18835150.0
2025-03-20,2594,比亚迪,SZ,400.0,403.4,395.99,399.99,15941284.0
2025-03-21,2594,比亚迪,SZ,393.01,393.31,370.0,372.0,28210676.0
2025-03-24,2594,比亚迪,SZ,377.0,378.5,367.86,375.36,14789405.0
2025-03-25,2594,比亚迪,SZ,377.98,379.6,368.98,369.59,12308536.0
2025-03-26,2594,比亚迪,SZ,369.59,379.0,368.0,376.01,12020484.0
2025-03-27,2594,比亚迪,SZ,376.1,391.28,376.09,386.5,14439437.0
2025-03-28,2594,比亚迪,SZ,386.5,390.8,381.5,382.5,11493982.0
2025-03-31,2594,比亚迪,SZ,380.0,383.28,374.0,374.9,11578391.0
2025-04-01,2594,比亚迪,SZ,377.77,377.87,364.36,365.5,15407199.0
2025-04-02,2594,比亚迪,SZ,365.0,365.67,358.88,360.5,11710041.0
2025-04-03,2594,比亚迪,SZ,355.5,361.53,354.26,357.51,10102322.0
2025-04-07,2594,比亚迪,SZ,333.34,337.7,321.76,321.76,27349840.0
2025-04-08,2594,比亚迪,SZ,321.76,335.88,318.0,327.51,27464351.0
2025-04-09,2594,比亚迪,SZ,319.8,328.0,313.66,324.6,21193856.0
2025-04-10,2594,比亚迪,SZ,334.5,347.06,334.0,336.4,21089578.0
2025-04-11,2594,比亚迪,SZ,337.0,357.55,336.4,354.98,18994493.0
2025-04-14,2594,比亚迪,SZ,363.2,363.7,355.6,359.0,14206917.0
2025-04-15,2594,比亚迪,SZ,364.6,365.0,357.33,359.97,11651557.0
2025-04-16,2594,比亚迪,SZ,356.62,357.0,348.1,352.15,13182793.0
2025-04-17,2594,比亚迪,SZ,349.94,353.45,346.67,349.68,8528864.0
2025-04-18,2594,比亚迪,SZ,347.9,347.9,344.0,346.0,7386013.0
2025-04-21,2594,比亚迪,SZ,346.0,349.87,345.24,348.76,7495341.0
2025-04-22,2594,比亚迪,SZ,348.76,356.93,346.78,354.84,11212206.0
2025-04-23,2594,比亚迪,SZ,377.0,378.0,367.23,371.99,24792689.0
2025-04-24,2594,比亚迪,SZ,372.48,374.6,363.35,366.0,15089211.0
2025-04-25,2594,比亚迪,SZ,370.0,375.3,368.1,370.83,13386942.0
2025-04-28,2594,比亚迪,SZ,367.13,367.13,356.56,360.0,17978320.0
2025-04-29,2594,比亚迪,SZ,359.1,360.63,353.0,355.0,11898307.0
2025-04-30,2594,比亚迪,SZ,354.9,354.93,349.3,353.09,13047947.0
2025-05-06,2594,比亚迪,SZ,360.0,362.3,355.92,359.96,14829353.0
2025-05-07,2594,比亚迪,SZ,365.0,365.68,358.14,359.2,10883990.0
2025-05-08,2594,比亚迪,SZ,356.52,361.98,355.7,359.28,8338169.0
2025-05-09,2594,比亚迪,SZ,360.75,366.0,359.3,363.22,14372616.0
2025-05-12,2594,比亚迪,SZ,365.0,370.28,360.58,370.28,16137017.0
2025-05-13,2594,比亚迪,SZ,376.0,376.58,366.03,366.5,13177107.0
2025-05-14,2594,比亚迪,SZ,366.5,373.1,363.36,373.1,13569307.0
2025-05-15,2594,比亚迪,SZ,373.0,385.0,369.28,376.8,20880137.0
2025-05-16,2594,比亚迪,SZ,375.03,390.99,373.58,389.17,22932794.0
2025-05-19,2594,比亚迪,SZ,388.0,388.0,377.0,382.81,16137281.0
2025-05-20,2594,比亚迪,SZ,383.5,394.8,381.5,394.8,17209991.0
2025-05-21,2594,比亚迪,SZ,393.94,404.0,391.01,400.0,19947886.0
2025-05-22,2594,比亚迪,SZ,399.98,405.56,398.0,398.8,14636280.0
2025-05-23,2594,比亚迪,SZ,399.0,416.98,398.13,405.0,23557418.0
2025-05-26,2594,比亚迪,SZ,401.81,403.0,380.0,381.0,30955063.0
2025-05-27,2594,比亚迪,SZ,375.88,381.0,368.88,372.41,23027544.0
2025-05-28,2594,比亚迪,SZ,372.41,372.95,362.07,362.88,17775388.0
2025-05-29,2594,比亚迪,SZ,359.59,366.0,355.08,361.13,19206113.0
2025-05-30,2594,比亚迪,SZ,357.02,358.8,351.3,352.3,19055991.0
2025-06-03,2594,比亚迪,SZ,351.25,357.99,349.0,356.0,18189270.0
2025-06-04,2594,比亚迪,SZ,359.5,364.32,358.15,360.52,14690410.0
2025-06-05,2594,比亚迪,SZ,362.39,362.74,356.03,360.75,10861275.0
2025-06-06,2594,比亚迪,SZ,361.0,362.38,357.5,359.96,8969768.0
2025-06-09,2594,比亚迪,SZ,356.12,356.41,345.11,348.14,25509134.0
2025-06-10,2594,比亚迪,SZ,349.6,355.0,348.23,353.13,17178588.0
2025-06-11,2594,比亚迪,SZ,354.01,365.98,354.01,361.99,20310674.0
2025-06-12,2594,比亚迪,SZ,359.89,359.89,353.01,353.24,14404696.0
2025-06-13,2594,比亚迪,SZ,349.5,349.91,341.49,346.0,21023987.0
2025-06-16,2594,比亚迪,SZ,345.99,347.04,340.8,344.43,10228405.0
2025-06-17,2594,比亚迪,SZ,344.0,346.4,342.4,343.74,7004530.0
2025-06-18,2594,比亚迪,SZ,342.82,349.2,341.97,346.95,10289697.0
2025-06-19,2594,比亚迪,SZ,344.03,345.29,340.35,340.5,10038121.0
2025-06-20,2594,比亚迪,SZ,340.03,342.97,339.8,340.25,7353816.0
2025-06-23,2594,比亚迪,SZ,336.85,339.71,333.6,338.2,9459334.0
2025-06-24,2594,比亚迪,SZ,341.23,346.2,341.23,343.38,14471259.0
2025-06-25,2594,比亚迪,SZ,345.99,349.73,343.02,349.27,12573827.0
2025-06-26,2594,比亚迪,SZ,344.31,344.31,336.83,337.44,20493214.0
2025-06-27,2594,比亚迪,SZ,334.0,336.72,333.44,334.24,13861749.0
2025-06-30,2594,比亚迪,SZ,334.24,334.24,328.59,331.91,14400344.0
2025-07-01,2594,比亚迪,SZ,330.3,333.35,328.79,331.34,8851804.0
2025-07-02,2594,比亚迪,SZ,332.0,333.86,328.93,330.66,9327011.0
2025-07-03,2594,比亚迪,SZ,330.98,335.25,330.67,334.56,12349781.0
2025-07-04,2594,比亚迪,SZ,332.55,334.99,329.77,331.0,10410355.0
2025-07-07,2594,比亚迪,SZ,329.2,330.49,328.44,328.59,8820772.0
2025-07-08,2594,比亚迪,SZ,327.0,329.78,325.72,326.88,11691814.0
2025-07-09,2594,比亚迪,SZ,326.9,328.21,325.78,325.8,12163311.0
2025-07-10,2594,比亚迪,SZ,325.81,326.09,318.85,321.23,21002206.0
2025-07-11,2594,比亚迪,SZ,319.9,326.85,319.02,323.91,16826983.0
2025-07-14,2594,比亚迪,SZ,323.91,323.91,317.56,318.49,17230914.0
2025-07-15,2594,比亚迪,SZ,318.2,325.0,318.0,323.05,16279094.0
2025-07-16,2594,比亚迪,SZ,323.06,325.91,323.06,323.72,11075835.0
2025-07-17,2594,比亚迪,SZ,325.0,328.72,324.1,328.02,15689135.0
2025-07-18,2594,比亚迪,SZ,329.13,329.5,325.25,329.11,13686649.0
2025-07-21,2594,比亚迪,SZ,327.99,334.12,327.26,334.12,15394503.0
2025-07-22,2594,比亚迪,SZ,335.0,342.01,333.21,341.69,21416417.0
2025-07-23,2594,比亚迪,SZ,342.09,343.0,337.0,338.07,15890735.0
2025-07-24,2594,比亚迪,SZ,338.08,346.54,337.63,342.72,18906327.0
2025-07-25,2594,比亚迪,SZ,341.0,341.4,335.0,337.93,15704076.0
2025-07-28,2594,比亚迪,SZ,337.93,339.1,335.53,337.0,11705670.0
2025-07-29,2594,比亚迪,SZ,112.01,112.5,109.77,111.42,38735984.0
2025-07-30,2594,比亚迪,SZ,108.05,111.16,107.12,108.7,52483427.0
2025-07-31,2594,比亚迪,SZ,108.2,108.2,105.0,105.24,59949943.0
2025-08-01,2594,比亚迪,SZ,104.95,106.24,104.36,105.8,36233692.0
2025-08-04,2594,比亚迪,SZ,104.0,105.14,102.57,104.88,41293694.0
2025-08-05,2594,比亚迪,SZ,104.88,105.21,103.78,104.86,33834986.0
2025-08-06,2594,比亚迪,SZ,104.86,105.0,103.9,104.35,30561960.0
2025-08-07,2594,比亚迪,SZ,104.27,106.43,104.16,105.33,42876298.0
2025-08-08,2594,比亚迪,SZ,105.0,105.03,103.91,103.93,32661461.0
2025-08-11,2594,比亚迪,SZ,103.88,105.66,103.23,105.52,35669790.0
2025-08-12,2594,比亚迪,SZ,105.4,106.43,104.7,105.67,31219504.0
2025-08-13,2594,比亚迪,SZ,106.29,107.65,105.84,106.83,45983014.0
2025-08-14,2594,比亚迪,SZ,107.37,107.5,105.79,106.37,41954793.0
2025-08-15,2594,比亚迪,SZ,105.85,106.64,105.32,106.07,36135346.0
2025-08-18,2594,比亚迪,SZ,105.66,109.49,105.66,108.37,61925173.0
2025-08-19,2594,比亚迪,SZ,108.67,108.92,107.18,107.63,38973519.0
2025-08-20,2594,比亚迪,SZ,107.18,108.26,106.01,108.25,38505345.0
2025-08-21,2594,比亚迪,SZ,107.8,108.83,107.0,107.1,44946378.0
2025-08-22,2594,比亚迪,SZ,107.11,110.97,107.11,110.66,76312005.0
2025-08-25,2594,比亚迪,SZ,111.31,112.49,110.31,111.61,61162758.0
2025-08-26,2594,比亚迪,SZ,111.75,114.69,110.71,113.75,69291585.0
2025-08-27,2594,比亚迪,SZ,113.96,114.06,110.66,110.68,68974693.0
2025-08-28,2594,比亚迪,SZ,109.39,110.19,107.11,109.32,76252199.0
2025-08-29,2594,比亚迪,SZ,108.88,116.59,108.12,114.06,114490194.0
2025-09-01,2594,比亚迪,SZ,108.5,111.48,108.5,109.7,132986738.0
2025-09-02,2594,比亚迪,SZ,108.79,111.1,108.6,110.02,77322410.0
2025-09-03,2594,比亚迪,SZ,110.5,110.73,107.01,107.21,73522327.0
2025-09-04,2594,比亚迪,SZ,106.59,107.09,103.71,104.0,81574074.0
2025-09-05,2594,比亚迪,SZ,103.86,107.5,103.11,107.26,78752385.0
2025-09-08,2594,比亚迪,SZ,106.15,107.13,105.51,106.25,55592345.0
2025-09-09,2594,比亚迪,SZ,106.0,107.2,105.27,105.49,38163622.0
2025-09-10,2594,比亚迪,SZ,105.52,106.45,105.02,105.2,32236895.0
2025-09-11,2594,比亚迪,SZ,105.25,106.6,104.89,106.59,53778149.0
2025-09-12,2594,比亚迪,SZ,106.6,107.58,105.9,105.91,45591018.0
2025-09-15,2594,比亚迪,SZ,106.0,110.85,106.0,108.7,97480407.0
2025-09-16,2594,比亚迪,SZ,109.0,109.0,107.22,107.8,53316021.0
2025-09-17,2594,比亚迪,SZ,108.2,112.0,108.2,110.99,98123971.0
2025-09-18,2594,比亚迪,SZ,110.99,112.8,108.56,109.71,93401380.0
2025-09-19,2594,比亚迪,SZ,109.8,110.8,109.0,109.09,47297748.0
2025-09-22,2594,比亚迪,SZ,108.87,108.91,107.15,107.99,49155923.0
2025-09-23,2594,比亚迪,SZ,107.45,107.69,104.64,105.6,65096262.0
2025-09-24,2594,比亚迪,SZ,105.0,105.83,104.0,105.71,54816227.0
2025-09-25,2594,比亚迪,SZ,105.34,108.8,104.87,107.5,69348204.0
2025-09-26,2594,比亚迪,SZ,107.45,111.23,107.0,107.29,75661207.0
2025-09-29,2594,比亚迪,SZ,107.0,109.14,106.39,108.61,61398368.0
2025-09-30,2594,比亚迪,SZ,108.19,109.98,107.76,109.21,56775550.0
2025-10-09,2594,比亚迪,SZ,108.67,112.48,108.07,110.6,100872197.0
2025-10-10,2594,比亚迪,SZ,110.55,110.55,107.58,107.79,59010253.0
2025-10-13,2594,比亚迪,SZ,105.0,105.98,104.1,105.69,74442980.0
2025-10-14,2594,比亚迪,SZ,106.68,109.36,105.62,105.99,76778627.0
2025-10-15,2594,比亚迪,SZ,106.45,107.51,105.5,107.1,47579133.0
2025-10-16,2594,比亚迪,SZ,107.0,109.3,106.51,106.96,52309638.0
2025-10-17,2594,比亚迪,SZ,106.6,106.63,104.26,104.43,62572494.0
2025-10-20,2594,比亚迪,SZ,105.22,105.63,104.08,104.52,35561452.0
2025-10-21,2594,比亚迪,SZ,104.69,105.07,104.24,104.76,29907419.0
2025-10-22,2594,比亚迪,SZ,104.1,104.32,103.37,103.78,35787419.0
2025-10-23,2594,比亚迪,SZ,103.3,103.73,102.0,103.69,37860342.0
2025-10-24,2594,比亚迪,SZ,103.98,104.37,103.61,103.76,30554268.0
2025-10-27,2594,比亚迪,SZ,104.0,104.97,103.88,104.01,34598784.0
2025-10-28,2594,比亚迪,SZ,104.02,104.32,103.5,103.72,26541583.0
2025-10-29,2594,比亚迪,SZ,103.73,105.18,103.0,104.52,39734040.0
2025-10-30,2594,比亚迪,SZ,104.0,104.86,103.5,103.61,35898945.0
2025-10-31,2594,比亚迪,SZ,101.0,101.32,100.0,100.79,63705259.0
2025-11-03,2594,比亚迪,SZ,100.79,100.99,98.5,99.6,55167021.0
2025-11-04,2594,比亚迪,SZ,99.0,99.54,97.71,97.8,43501704.0
2025-11-05,2594,比亚迪,SZ,96.66,96.66,94.73,95.8,58721510.0
2025-11-06,2594,比亚迪,SZ,95.58,97.75,95.4,97.52,40200367.0
2025-11-07,2594,比亚迪,SZ,97.0,98.15,96.83,97.2,32256073.0
2025-11-10,2594,比亚迪,SZ,97.35,100.35,97.35,99.39,55487690.0
2025-11-11,2594,比亚迪,SZ,99.5,99.78,98.14,98.71,31985788.0
2025-11-12,2594,比亚迪,SZ,98.8,98.99,97.54,97.77,26064335.0
2025-11-13,2594,比亚迪,SZ,97.01,100.5,97.01,99.83,57999022.0
2025-11-14,2594,比亚迪,SZ,99.0,100.5,98.33,98.37,34298466.0
2025-11-17,2594,比亚迪,SZ,97.8,98.59,97.25,98.08,20724759.0
2025-11-18,2594,比亚迪,SZ,97.54,97.85,96.02,96.49,30475645.0
2025-11-19,2594,比亚迪,SZ,96.4,96.66,95.01,95.17,34829235.0
2025-11-20,2594,比亚迪,SZ,95.17,95.5,93.5,93.61,39181087.0
2025-11-21,2594,比亚迪,SZ,92.49,94.39,91.7,92.7,45171313.0
2025-11-24,2594,比亚迪,SZ,93.1,94.41,92.2,93.93,32730213.0
2025-11-25,2594,比亚迪,SZ,94.0,95.38,93.7,93.91,27748887.0
2025-11-26,2594,比亚迪,SZ,94.75,95.44,94.45,95.09,30657697.0
2025-11-27,2594,比亚迪,SZ,94.6,95.16,94.22,94.29,20227996.0
2025-11-28,2594,比亚迪,SZ,94.6,95.23,94.2,95.17,21935062.0
2025-12-01,2594,比亚迪,SZ,95.39,96.3,95.14,95.77,23371272.0
2025-12-02,2594,比亚迪,SZ,96.42,97.8,96.25,96.62,35921746.0
2025-12-03,2594,比亚迪,SZ,96.64,96.65,94.89,95.05,23157284.0
2025-12-04,2594,比亚迪,SZ,94.92,95.29,94.2,95.24,16614164.0
2025-12-05,2594,比亚迪,SZ,95.29,96.22,94.71,95.98,21161847.0
2025-12-08,2594,比亚迪,SZ,96.21,97.15,96.21,96.53,24780498.0
2025-12-09,2594,比亚迪,SZ,96.21,96.66,95.7,96.03,16322702.0
2025-12-10,2594,比亚迪,SZ,95.6,96.65,94.9,96.47,19840224.0
2025-12-11,2594,比亚迪,SZ,96.98,97.12,95.85,96.23,25090767.0
2025-12-12,2594,比亚迪,SZ,96.2,97.7,95.65,97.0,55462088.0
2025-12-15,2594,比亚迪,SZ,96.55,97.16,95.53,95.53,29330099.0
2025-12-16,2594,比亚迪,SZ,95.5,95.7,94.14,94.25,25876771.0
2025-12-17,2594,比亚迪,SZ,94.5,95.7,93.68,95.21,27282500.0
2025-12-18,2594,比亚迪,SZ,94.39,94.6,93.5,93.53,25279734.0
2025-12-19,2594,比亚迪,SZ,94.0,95.27,93.73,94.23,27206794.0
2025-12-22,2594,比亚迪,SZ,94.7,95.36,94.25,94.37,20623482.0
2025-12-23,2594,比亚迪,SZ,94.5,95.5,94.5,94.81,23661741.0
2025-12-24,2594,比亚迪,SZ,94.8,94.8,94.05,94.42,19280995.0
2025-12-25,2594,比亚迪,SZ,94.43,95.23,94.12,94.84,18220163.0
2025-12-26,2594,比亚迪,SZ,95.28,101.45,95.25,100.01,102095895.0
2025-12-29,2594,比亚迪,SZ,100.5,101.3,99.6,100.21,51916696.0
2025-12-30,2594,比亚迪,SZ,99.26,100.15,98.74,99.75,31875638.0
2025-12-31,2594,比亚迪,SZ,99.98,100.2,97.38,97.72,40285887.0
2026-01-05,2594,比亚迪,SZ,98.4,99.48,97.9,98.11,38262521.0
2026-01-06,2594,比亚迪,SZ,98.22,100.5,98.12,99.99,52178486.0
2026-01-07,2594,比亚迪,SZ,99.96,99.96,97.06,97.6,56084881.0
2026-01-08,2594,比亚迪,SZ,97.2,97.2,96.33,96.88,30065475.0
2026-01-09,2594,比亚迪,SZ,97.05,97.95,96.9,97.01,35034058.0
2026-01-12,2594,比亚迪,SZ,97.01,98.0,96.3,97.47,42525719.0
2026-01-13,2594,比亚迪,SZ,99.0,99.6,96.88,97.19,49872272.0
2026-01-14,2594,比亚迪,SZ,96.81,97.74,95.51,96.1,51474973.0
2026-01-15,2594,比亚迪,SZ,96.08,96.64,95.6,95.67,29563546.0
2026-01-16,2594,比亚迪,SZ,96.7,97.44,95.6,95.86,38458802.0
2026-01-19,2594,比亚迪,SZ,96.81,97.3,95.77,96.19,33492715.0
2026-01-20,2594,比亚迪,SZ,96.22,96.26,94.68,94.74,38914947.0
2026-01-21,2594,比亚迪,SZ,94.01,94.94,94.0,94.1,30833393.0
2026-01-22,2594,比亚迪,SZ,94.72,95.13,93.89,94.12,29101425.0
2026-01-23,2594,比亚迪,SZ,94.24,94.36,93.51,93.65,38330272.0
2026-01-26,2594,比亚迪,SZ,93.65,93.66,92.5,92.63,37545961.0
2026-01-27,2594,比亚迪,SZ,92.67,92.99,91.8,91.81,36298092.0
2026-01-28,2594,比亚迪,SZ,91.8,93.5,90.01,93.34,71556618.0
2026-01-29,2594,比亚迪,SZ,92.66,92.92,91.61,92.31,37182481.0
2026-01-30,2594,比亚迪,SZ,92.27,92.27,90.7,90.89,32917560.0
2026-02-02,2594,比亚迪,SZ,88.0,89.09,86.97,87.05,64697385.0
2026-02-03,2594,比亚迪,SZ,87.2,87.4,85.88,87.37,37782685.0
2026-02-04,2594,比亚迪,SZ,86.99,89.33,86.45,89.14,37650471.0
2026-02-05,2594,比亚迪,SZ,88.5,91.23,88.33,90.11,35424031.0
2026-02-06,2594,比亚迪,SZ,89.39,90.66,89.0,89.82,24708779.0
2026-02-09,2594,比亚迪,SZ,90.5,90.65,89.83,90.06,20817951.0
2026-02-10,2594,比亚迪,SZ,90.0,91.57,89.84,90.81,26760481.0
2026-02-11,2594,比亚迪,SZ,90.88,92.95,90.88,92.28,39694959.0
2026-02-12,2594,比亚迪,SZ,92.29,92.35,91.08,91.16,23031332.0
2026-02-13,2594,比亚迪,SZ,90.05,91.09,89.88,90.27,21733887.0
2026-02-24,2594,比亚迪,SZ,91.98,91.99,90.61,90.87,20644458.0
2026-02-25,2594,比亚迪,SZ,90.89,92.79,90.89,91.45,32478010.0
2026-02-26,2594,比亚迪,SZ,91.4,91.4,89.61,89.85,29101894.0
2026-02-27,2594,比亚迪,SZ,89.4,89.94,89.1,89.32,21934083.0
2026-03-02,2594,比亚迪,SZ,88.0,97.25,87.72,96.79,143513688.0
2026-03-03,2594,比亚迪,SZ,96.39,96.99,93.99,95.21,86574145.0
2026-03-04,2594,比亚迪,SZ,95.2,96.8,93.7,95.99,70096892.0
2026-03-05,2594,比亚迪,SZ,96.8,96.82,93.89,94.47,55243997.0
2026-03-06,2594,比亚迪,SZ,96.0,96.0,93.25,93.62,50354037.0
2026-03-09,2594,比亚迪,SZ,93.62,98.0,93.0,97.52,109340899.0
2026-03-10,2594,比亚迪,SZ,97.18,97.49,96.08,96.6,50746243.0
2026-03-11,2594,比亚迪,SZ,96.75,100.34,95.67,99.22,90374375.0
2026-03-12,2594,比亚迪,SZ,99.23,100.69,98.7,99.1,50252357.0
2026-03-13,2594,比亚迪,SZ,99.0,100.79,98.3,99.67,51976482.0
2026-03-16,2594,比亚迪,SZ,99.67,105.0,98.79,104.62,108781426.0
2026-03-17,2594,比亚迪,SZ,104.63,106.66,102.71,102.87,84138860.0
2026-03-18,2594,比亚迪,SZ,102.82,102.82,100.05,101.69,61799648.0
2026-03-19,2594,比亚迪,SZ,100.99,103.88,100.47,102.31,53105939.0
2026-03-20,2594,比亚迪,SZ,102.0,104.45,101.56,103.03,62878324.0
2026-03-23,2594,比亚迪,SZ,103.87,111.82,103.18,107.63,178244551.0
2026-03-24,2594,比亚迪,SZ,108.4,108.4,104.93,106.64,92144617.0
2026-03-25,2594,比亚迪,SZ,106.72,107.66,105.28,106.6,66266489.0
2026-03-26,2594,比亚迪,SZ,106.62,107.68,102.7,103.14,82812067.0
2026-03-27,2594,比亚迪,SZ,103.99,105.89,102.75,105.3,65845464.0
2026-03-30,2594,比亚迪,SZ,103.51,108.0,103.25,106.05,72755723.0
2026-03-31,2594,比亚迪,SZ,107.0,108.49,105.1,105.25,58865901.0
2026-04-01,2594,比亚迪,SZ,105.9,106.5,102.37,102.65,71519811.0
2026-04-02,2594,比亚迪,SZ,102.49,103.48,100.5,101.65,60434947.0
2026-04-03,2594,比亚迪,SZ,101.8,102.3,99.0,99.01,49174516.0
2022-03-11,285,比亚迪电子,HK,18.44,17.4,18.5,18.26,16443659.0
2022-03-14,285,比亚迪电子,HK,17.8,15.92,17.8,16.72,20814757.0
2022-03-15,285,比亚迪电子,HK,16.64,15.72,18.0,16.16,17457435.0
2022-03-16,285,比亚迪电子,HK,17.18,16.18,18.36,18.26,17403196.0
2022-03-17,285,比亚迪电子,HK,19.5,18.76,19.82,19.36,12886643.0
2022-03-18,285,比亚迪电子,HK,19.14,18.0,19.14,18.82,9255391.0
2022-03-21,285,比亚迪电子,HK,19.6,18.5,19.66,18.62,6238388.0
2022-03-22,285,比亚迪电子,HK,18.62,18.38,19.36,19.36,6252839.0
2022-03-23,285,比亚迪电子,HK,19.36,18.8,20.0,19.02,12574604.0
2022-03-24,285,比亚迪电子,HK,18.98,18.16,18.98,18.28,11275479.0
2022-03-25,285,比亚迪电子,HK,18.36,16.74,18.76,16.92,19741650.0
2022-03-28,285,比亚迪电子,HK,17.14,16.3,17.56,17.14,12007061.0
2022-03-29,285,比亚迪电子,HK,17.5,16.86,17.64,17.1,10240917.0
2022-03-30,285,比亚迪电子,HK,16.68,15.86,16.7,16.42,30655508.0
2022-03-31,285,比亚迪电子,HK,16.42,15.32,16.66,15.8,16697582.0
2022-04-01,285,比亚迪电子,HK,15.54,15.4,16.56,16.4,8777521.0
2022-04-04,285,比亚迪电子,HK,16.5,16.48,17.48,17.42,8010900.0
2022-04-06,285,比亚迪电子,HK,17.2,16.1,17.2,16.3,13814520.0
2022-04-07,285,比亚迪电子,HK,16.16,15.86,16.68,15.88,9510745.0
2022-04-08,285,比亚迪电子,HK,15.8,15.6,16.1,15.92,5087486.0
2022-04-11,285,比亚迪电子,HK,15.92,14.92,15.92,15.0,9568590.0
2022-04-12,285,比亚迪电子,HK,15.0,14.48,15.3,15.04,10507531.0
2022-04-13,285,比亚迪电子,HK,15.1,14.82,15.24,14.92,5957467.0
2022-04-14,285,比亚迪电子,HK,15.18,14.86,15.26,15.06,8342088.0
2022-04-19,285,比亚迪电子,HK,14.68,14.52,15.16,14.66,7836758.0
2022-04-20,285,比亚迪电子,HK,14.66,14.6,15.14,14.86,5303265.0
2022-04-21,285,比亚迪电子,HK,14.8,14.28,14.98,14.4,5013530.0
2022-04-22,285,比亚迪电子,HK,14.4,13.86,14.54,14.44,5832913.0
2022-04-25,285,比亚迪电子,HK,13.68,13.4,14.44,13.64,7802510.0
2022-04-26,285,比亚迪电子,HK,13.9,13.5,14.14,13.6,7114301.0
2022-04-27,285,比亚迪电子,HK,13.6,13.46,15.3,15.22,21038715.0
2022-04-28,285,比亚迪电子,HK,15.0,14.68,15.6,15.02,12280639.0
2022-04-29,285,比亚迪电子,HK,15.12,14.9,16.24,16.06,16969328.0
2022-05-03,285,比亚迪电子,HK,16.06,15.6,16.2,15.66,8311414.0
2022-05-04,285,比亚迪电子,HK,15.52,15.22,15.7,15.64,3556241.0
2022-05-05,285,比亚迪电子,HK,16.02,14.9,16.12,14.96,9522035.0
2022-05-06,285,比亚迪电子,HK,14.76,13.86,14.76,13.98,9935035.0
2022-05-10,285,比亚迪电子,HK,13.62,13.2,13.98,13.74,11385183.0
2022-05-11,285,比亚迪电子,HK,14.02,13.7,14.74,14.3,10026086.0
2022-05-12,285,比亚迪电子,HK,14.3,13.66,14.3,13.86,7795910.0
2022-05-13,285,比亚迪电子,HK,14.0,14.0,14.94,14.8,9946316.0
2022-05-16,285,比亚迪电子,HK,14.96,14.32,15.28,14.52,6989664.0
2022-05-17,285,比亚迪电子,HK,14.52,14.52,16.0,15.84,15204500.0
2022-05-18,285,比亚迪电子,HK,15.84,15.38,15.88,15.62,8295300.0
2022-05-19,285,比亚迪电子,HK,15.0,14.82,15.38,15.32,7895910.0
2022-05-20,285,比亚迪电子,HK,15.56,15.48,16.08,16.06,7942907.0
2022-05-23,285,比亚迪电子,HK,16.14,15.6,16.14,15.82,4395522.0
2022-05-24,285,比亚迪电子,HK,15.5,15.02,15.92,15.08,5019693.0
2022-05-25,285,比亚迪电子,HK,15.08,14.98,15.52,15.36,5149873.0
2022-05-26,285,比亚迪电子,HK,15.5,14.98,16.08,15.74,9291921.0
2022-05-27,285,比亚迪电子,HK,16.06,15.74,16.72,16.02,9412640.0
2022-05-30,285,比亚迪电子,HK,16.32,16.04,16.42,16.3,6223884.0
2022-05-31,285,比亚迪电子,HK,16.3,16.08,17.46,17.42,17121030.0
2022-06-01,285,比亚迪电子,HK,17.3,16.86,17.34,17.1,7582105.0
2022-06-02,285,比亚迪电子,HK,16.84,16.82,17.34,17.26,5392288.0
2022-06-06,285,比亚迪电子,HK,17.36,17.28,19.1,18.92,18121331.0
2022-06-07,285,比亚迪电子,HK,18.52,18.0,18.88,18.24,12079709.0
2022-06-08,285,比亚迪电子,HK,18.42,18.42,19.36,19.16,17202948.0
2022-06-09,285,比亚迪电子,HK,19.4,18.26,20.15,18.38,16852049.0
2022-06-10,285,比亚迪电子,HK,18.1,17.88,20.75,20.6,24175583.0
2022-06-13,285,比亚迪电子,HK,19.84,19.58,22.2,19.64,52861762.0
2022-06-14,285,比亚迪电子,HK,19.28,18.28,19.42,18.92,30216571.0
2022-06-15,285,比亚迪电子,HK,19.26,19.0,20.3,19.4,19147455.0
2022-06-16,285,比亚迪电子,HK,19.94,19.5,20.75,19.86,20364819.0
2022-06-17,285,比亚迪电子,HK,19.8,19.3,20.4,19.42,17733085.0
2022-06-20,285,比亚迪电子,HK,19.42,19.34,20.25,19.96,11922589.0
2022-06-21,285,比亚迪电子,HK,20.0,19.68,20.95,20.55,11313693.0
2022-06-22,285,比亚迪电子,HK,20.3,19.0,20.85,19.06,18411752.0
2022-06-23,285,比亚迪电子,HK,19.44,19.2,19.98,19.76,13471801.0
2022-06-24,285,比亚迪电子,HK,19.76,19.64,20.45,20.2,10400374.0
2022-06-27,285,比亚迪电子,HK,20.3,20.3,24.3,23.2,48646498.0
2022-06-28,285,比亚迪电子,HK,22.8,22.7,26.1,26.0,48253827.0
2022-06-29,285,比亚迪电子,HK,25.3,24.75,26.7,25.45,30011945.0
2022-06-30,285,比亚迪电子,HK,25.25,24.35,25.7,24.75,17488145.0
2022-07-04,285,比亚迪电子,HK,24.75,24.05,25.2,24.4,10647410.0
2022-07-05,285,比亚迪电子,HK,24.9,23.25,25.2,23.7,17198929.0
2022-07-06,285,比亚迪电子,HK,23.25,22.65,24.35,23.25,18713128.0
2022-07-07,285,比亚迪电子,HK,23.05,21.6,23.2,23.0,25931177.0
2022-07-08,285,比亚迪电子,HK,23.55,22.6,23.65,22.95,10664907.0
2022-07-11,285,比亚迪电子,HK,23.0,21.5,23.0,21.95,10286734.0
2022-07-12,285,比亚迪电子,HK,21.9,20.55,22.65,21.15,19263921.0
2022-07-13,285,比亚迪电子,HK,21.0,20.5,21.55,21.1,9506050.0
2022-07-14,285,比亚迪电子,HK,21.1,21.05,23.0,22.4,19480871.0
2022-07-15,285,比亚迪电子,HK,22.45,22.15,23.5,22.35,13378880.0
2022-07-18,285,比亚迪电子,HK,22.7,21.1,23.05,22.95,10694972.0
2022-07-19,285,比亚迪电子,HK,22.9,20.7,22.9,20.9,17501862.0
2022-07-20,285,比亚迪电子,HK,21.5,20.8,21.6,21.2,8546457.0
2022-07-21,285,比亚迪电子,HK,21.45,21.0,21.75,21.1,5104449.0
2022-07-22,285,比亚迪电子,HK,21.45,20.0,21.45,20.6,9409278.0
2022-07-25,285,比亚迪电子,HK,20.15,19.76,20.6,20.1,10241450.0
2022-07-26,285,比亚迪电子,HK,20.05,19.84,20.5,20.35,7454567.0
2022-07-27,285,比亚迪电子,HK,20.35,20.1,20.6,20.3,4978900.0
2022-07-28,285,比亚迪电子,HK,20.65,20.5,22.05,21.45,13487018.0
2022-07-29,285,比亚迪电子,HK,21.5,20.05,21.5,20.15,11209278.0
2022-08-01,285,比亚迪电子,HK,20.15,19.44,21.1,20.7,8769532.0
2022-08-02,285,比亚迪电子,HK,20.65,19.54,20.65,20.3,8093076.0
2022-08-03,285,比亚迪电子,HK,20.5,19.92,20.95,20.0,6397481.0
2022-08-04,285,比亚迪电子,HK,20.55,20.55,22.5,21.9,16708799.0
2022-08-05,285,比亚迪电子,HK,22.45,21.8,22.5,22.2,7510543.0
2022-08-08,285,比亚迪电子,HK,21.8,21.8,22.6,22.4,9225281.0
2022-08-09,285,比亚迪电子,HK,22.4,21.4,22.55,21.9,6364299.0
2022-08-10,285,比亚迪电子,HK,21.85,20.9,21.85,21.15,6250739.0
2022-08-11,285,比亚迪电子,HK,21.75,21.25,21.9,21.8,7380625.0
2022-08-12,285,比亚迪电子,HK,21.95,21.5,22.2,21.75,5076940.0
2022-08-15,285,比亚迪电子,HK,22.0,21.55,22.5,21.65,5174767.0
2022-08-16,285,比亚迪电子,HK,22.0,21.05,22.0,21.45,3879582.0
2022-08-17,285,比亚迪电子,HK,21.45,20.9,22.25,21.85,7194000.0
2022-08-18,285,比亚迪电子,HK,22.15,21.5,22.2,21.6,4614474.0
2022-08-19,285,比亚迪电子,HK,21.3,21.2,21.8,21.4,2585446.0
2022-08-22,285,比亚迪电子,HK,21.4,20.0,21.4,20.6,10234046.0
2022-08-23,285,比亚迪电子,HK,20.6,20.05,20.6,20.35,4327003.0
2022-08-24,285,比亚迪电子,HK,20.4,19.72,20.55,19.84,5310204.0
2022-08-25,285,比亚迪电子,HK,19.9,19.86,20.65,20.6,4457138.0
2022-08-26,285,比亚迪电子,HK,20.8,20.5,21.75,20.7,10875000.0
2022-08-29,285,比亚迪电子,HK,20.4,20.0,20.5,20.3,4226691.0
2022-08-30,285,比亚迪电子,HK,20.05,18.52,20.8,20.55,19934052.0
2022-08-31,285,比亚迪电子,HK,19.98,19.5,20.95,20.9,15902222.0
2022-09-01,285,比亚迪电子,HK,20.9,20.8,22.8,22.15,22121164.0
2022-09-02,285,比亚迪电子,HK,22.05,21.55,22.5,21.85,13216000.0
2022-09-05,285,比亚迪电子,HK,21.4,20.95,21.85,21.6,8566786.0
2022-09-06,285,比亚迪电子,HK,21.5,21.4,22.7,22.6,9585027.0
2022-09-07,285,比亚迪电子,HK,22.5,21.85,24.7,24.35,25950541.0
2022-09-08,285,比亚迪电子,HK,24.7,23.75,25.0,23.95,12443733.0
2022-09-09,285,比亚迪电子,HK,24.05,23.3,24.15,23.65,8662334.0
2022-09-13,285,比亚迪电子,HK,24.2,23.8,26.2,25.15,23091191.0
2022-09-14,285,比亚迪电子,HK,24.35,23.85,24.75,24.0,14457833.0
2022-09-15,285,比亚迪电子,HK,24.0,23.3,24.55,24.0,10736753.0
2022-09-16,285,比亚迪电子,HK,23.8,22.8,23.95,23.0,9772993.0
2022-09-19,285,比亚迪电子,HK,23.1,22.15,23.5,22.7,8783775.0
2022-09-20,285,比亚迪电子,HK,23.0,22.65,23.7,22.95,8815306.0
2022-09-21,285,比亚迪电子,HK,22.7,21.85,22.75,22.25,8569214.0
2022-09-22,285,比亚迪电子,HK,21.5,21.45,22.55,21.95,6354003.0
2022-09-23,285,比亚迪电子,HK,22.3,21.0,22.3,21.3,6243798.0
2022-09-26,285,比亚迪电子,HK,20.7,20.7,21.75,21.45,6966352.0
2022-09-27,285,比亚迪电子,HK,21.7,20.4,21.9,20.9,10918755.0
2022-09-28,285,比亚迪电子,HK,20.8,19.78,20.8,19.9,9765281.0
2022-09-29,285,比亚迪电子,HK,20.6,18.98,20.6,19.24,6349000.0
2022-09-30,285,比亚迪电子,HK,19.22,18.46,19.24,18.96,5425538.0
2022-10-03,285,比亚迪电子,HK,19.3,18.5,19.3,18.76,2653302.0
2022-10-05,285,比亚迪电子,HK,19.7,19.6,20.55,20.55,6956156.0
2022-10-06,285,比亚迪电子,HK,20.55,19.6,20.55,19.92,3821184.0
2022-10-07,285,比亚迪电子,HK,19.9,19.16,19.9,19.16,3636151.0
2022-10-10,285,比亚迪电子,HK,19.0,16.9,19.0,17.06,15313054.0
2022-10-11,285,比亚迪电子,HK,16.96,16.76,17.36,17.02,8082841.0
2022-10-12,285,比亚迪电子,HK,17.02,16.54,18.14,17.64,14864516.0
2022-10-13,285,比亚迪电子,HK,17.64,17.04,18.3,17.14,7761421.0
2022-10-14,285,比亚迪电子,HK,17.8,17.42,18.34,17.82,10259122.0
2022-10-17,285,比亚迪电子,HK,17.82,17.38,18.58,18.2,7248050.0
2022-10-18,285,比亚迪电子,HK,18.72,18.6,20.3,20.15,14521294.0
2022-10-19,285,比亚迪电子,HK,20.2,19.12,20.25,19.14,9053877.0
2022-10-20,285,比亚迪电子,HK,18.6,18.5,20.4,20.05,14417537.0
2022-10-21,285,比亚迪电子,HK,20.35,19.72,20.5,20.0,7991969.0
2022-10-24,285,比亚迪电子,HK,19.36,18.66,20.35,18.92,11315333.0
2022-10-25,285,比亚迪电子,HK,18.96,18.32,20.5,19.98,12419682.0
2022-10-26,285,比亚迪电子,HK,19.98,19.88,21.3,21.1,13012631.0
2022-10-27,285,比亚迪电子,HK,21.9,21.0,21.9,21.05,10891502.0
2022-10-28,285,比亚迪电子,HK,21.3,19.92,21.3,20.1,9564743.0
2022-10-31,285,比亚迪电子,HK,20.4,20.4,23.5,22.8,26490568.0
2022-11-01,285,比亚迪电子,HK,22.75,22.65,24.15,23.8,20219171.0
2022-11-02,285,比亚迪电子,HK,23.8,23.25,24.5,24.3,10426793.0
2022-11-03,285,比亚迪电子,HK,23.5,22.8,25.1,23.0,17287574.0
2022-11-04,285,比亚迪电子,HK,23.2,23.0,24.8,24.3,17704813.0
2022-11-07,285,比亚迪电子,HK,24.0,23.4,25.1,24.8,12450399.0
2022-11-08,285,比亚迪电子,HK,24.8,22.95,25.0,23.4,14217251.0
2022-11-09,285,比亚迪电子,HK,24.15,22.45,24.5,22.75,14202403.0
2022-11-10,285,比亚迪电子,HK,22.6,21.7,23.5,22.7,8935907.0
2022-11-11,285,比亚迪电子,HK,24.4,23.4,24.75,24.55,15714669.0
2022-11-14,285,比亚迪电子,HK,25.5,24.0,25.5,24.3,14746394.0
2022-11-15,285,比亚迪电子,HK,24.45,23.3,25.1,24.7,15140100.0
2022-11-16,285,比亚迪电子,HK,24.4,24.25,26.0,24.55,13177723.0
2022-11-17,285,比亚迪电子,HK,24.5,23.0,24.5,23.8,11487838.0
2022-11-18,285,比亚迪电子,HK,23.8,22.8,24.35,23.05,7320422.0
2022-11-21,285,比亚迪电子,HK,23.05,22.05,23.05,22.5,4823046.0
2022-11-22,285,比亚迪电子,HK,22.2,21.75,22.75,21.9,6048757.0
2022-11-23,285,比亚迪电子,HK,21.9,21.55,22.45,21.95,4814389.0
2022-11-24,285,比亚迪电子,HK,22.2,22.2,23.25,23.1,8166518.0
2022-11-25,285,比亚迪电子,HK,23.1,22.65,23.8,23.05,5590127.0
2022-11-28,285,比亚迪电子,HK,22.15,21.85,23.4,23.35,7104568.0
2022-11-29,285,比亚迪电子,HK,23.3,23.3,24.6,24.55,10320000.0
2022-11-30,285,比亚迪电子,HK,24.55,24.05,25.4,25.4,12382751.0
2022-12-01,285,比亚迪电子,HK,26.0,24.6,26.4,25.15,13377635.0
2022-12-02,285,比亚迪电子,HK,25.0,24.8,25.9,25.3,9404428.0
2022-12-05,285,比亚迪电子,HK,25.7,25.3,26.2,26.05,12800798.0
2022-12-06,285,比亚迪电子,HK,25.85,25.5,28.1,26.8,18215647.0
2022-12-07,285,比亚迪电子,HK,27.4,24.95,27.4,25.05,12474633.0
2022-12-08,285,比亚迪电子,HK,25.2,25.2,26.45,26.25,5407083.0
2022-12-09,285,比亚迪电子,HK,26.25,26.25,27.45,27.25,8880596.0
2022-12-12,285,比亚迪电子,HK,26.55,26.45,27.5,26.95,5915122.0
2022-12-13,285,比亚迪电子,HK,26.9,26.55,27.85,27.1,5501378.0
2022-12-14,285,比亚迪电子,HK,27.5,26.75,27.7,27.45,3776177.0
2022-12-15,285,比亚迪电子,HK,27.0,26.2,27.4,26.3,5484264.0
2022-12-16,285,比亚迪电子,HK,26.75,25.9,27.0,26.75,8993179.0
2022-12-19,285,比亚迪电子,HK,26.95,26.45,27.15,26.85,4408149.0
2022-12-20,285,比亚迪电子,HK,26.5,26.1,27.05,26.3,2836705.0
2022-12-21,285,比亚迪电子,HK,26.4,26.2,26.85,26.55,2916409.0
2022-12-22,285,比亚迪电子,HK,26.75,26.5,27.4,26.95,9237982.0
2022-12-23,285,比亚迪电子,HK,26.95,24.0,26.95,24.15,22128660.0
2022-12-28,285,比亚迪电子,HK,24.65,24.45,25.65,25.05,8516790.0
2022-12-29,285,比亚迪电子,HK,24.95,24.4,25.05,24.75,3128283.0
2022-12-30,285,比亚迪电子,HK,25.6,24.85,25.6,25.1,3087487.0
2023-01-03,285,比亚迪电子,HK,25.0,24.3,25.6,25.6,3469825.0
2023-01-04,285,比亚迪电子,HK,25.6,24.05,25.9,24.55,11605317.0
2023-01-05,285,比亚迪电子,HK,24.85,24.55,25.45,24.85,6845515.0
2023-01-06,285,比亚迪电子,HK,25.15,24.15,25.15,24.45,5267278.0
2023-01-09,285,比亚迪电子,HK,24.5,24.4,25.15,24.65,5444298.0
2023-01-10,285,比亚迪电子,HK,24.65,24.65,25.65,25.3,6359256.0
2023-01-11,285,比亚迪电子,HK,25.45,24.8,25.75,25.05,4588365.0
2023-01-12,285,比亚迪电子,HK,25.1,25.0,26.3,25.45,7536050.0
2023-01-13,285,比亚迪电子,HK,25.5,25.05,25.8,25.65,3568636.0
2023-01-16,285,比亚迪电子,HK,25.65,25.2,26.3,25.4,5422231.0
2023-01-17,285,比亚迪电子,HK,25.45,25.1,26.2,25.3,5128940.0
2023-01-18,285,比亚迪电子,HK,25.4,25.1,26.2,26.2,5353345.0
2023-01-19,285,比亚迪电子,HK,26.2,25.6,26.2,26.0,1876332.0
2023-01-20,285,比亚迪电子,HK,25.8,25.8,27.0,26.95,4465971.0
2023-01-26,285,比亚迪电子,HK,26.95,26.95,28.35,28.2,5946876.0
2023-01-27,285,比亚迪电子,HK,28.45,27.9,29.1,28.25,4105597.0
2023-01-30,285,比亚迪电子,HK,28.0,27.05,28.2,27.15,8252302.0
2023-01-31,285,比亚迪电子,HK,27.5,26.6,27.9,27.05,7578703.0
2023-02-01,285,比亚迪电子,HK,27.4,26.9,28.15,28.15,7255788.0
2023-02-02,285,比亚迪电子,HK,28.4,27.7,29.0,27.9,4878614.0
2023-02-03,285,比亚迪电子,HK,27.8,27.4,28.2,27.65,3241254.0
2023-02-06,285,比亚迪电子,HK,27.4,26.6,27.4,26.7,3113533.0
2023-02-07,285,比亚迪电子,HK,27.0,26.85,27.7,26.95,3923454.0
2023-02-08,285,比亚迪电子,HK,27.1,26.6,27.6,26.6,3018875.0
2023-02-09,285,比亚迪电子,HK,26.5,26.2,28.3,28.05,5078979.0
2023-02-10,285,比亚迪电子,HK,28.05,27.2,28.15,27.45,3636530.0
2023-02-13,285,比亚迪电子,HK,27.6,26.3,27.6,26.6,5411806.0
2023-02-14,285,比亚迪电子,HK,26.65,26.1,26.7,26.3,2829539.0
2023-02-15,285,比亚迪电子,HK,27.0,26.0,27.0,26.15,3775222.0
2023-02-16,285,比亚迪电子,HK,26.5,26.3,27.2,26.55,3989979.0
2023-02-17,285,比亚迪电子,HK,26.55,25.8,26.8,26.1,4014222.0
2023-02-20,285,比亚迪电子,HK,26.1,25.2,26.15,25.8,5214849.0
2023-02-21,285,比亚迪电子,HK,25.9,25.2,26.15,25.35,2925495.0
2023-02-22,285,比亚迪电子,HK,25.35,24.6,25.6,24.8,4178218.0
2023-02-23,285,比亚迪电子,HK,24.8,24.4,25.6,25.15,5375564.0
2023-02-24,285,比亚迪电子,HK,25.1,24.85,25.65,25.0,6448426.0
2023-02-27,285,比亚迪电子,HK,24.5,22.8,24.6,23.25,12427100.0
2023-02-28,285,比亚迪电子,HK,23.3,22.5,23.65,22.85,7948200.0
2023-03-01,285,比亚迪电子,HK,23.1,22.8,24.8,24.5,8084376.0
2023-03-02,285,比亚迪电子,HK,24.2,24.2,24.9,24.4,2922949.0
2023-03-03,285,比亚迪电子,HK,24.9,24.15,24.9,24.4,3263506.0
2023-03-06,285,比亚迪电子,HK,24.2,23.55,24.6,24.1,4116439.0
2023-03-07,285,比亚迪电子,HK,24.1,23.8,24.7,24.2,5059011.0
2023-03-08,285,比亚迪电子,HK,23.65,23.1,23.65,23.35,4375328.0
2023-03-09,285,比亚迪电子,HK,23.35,22.8,23.6,22.85,4207874.0
2023-03-10,285,比亚迪电子,HK,22.7,21.2,22.7,21.55,18309616.0
2023-03-13,285,比亚迪电子,HK,21.95,21.1,22.0,21.4,10652474.0
2023-03-14,285,比亚迪电子,HK,21.4,20.0,21.45,20.2,10517993.0
2023-03-15,285,比亚迪电子,HK,20.6,20.35,21.25,20.75,6999593.0
2023-03-16,285,比亚迪电子,HK,20.75,20.1,20.95,20.4,4833989.0
2023-03-17,285,比亚迪电子,HK,20.5,20.5,21.7,21.6,7985095.0
2023-03-20,285,比亚迪电子,HK,21.8,20.4,21.8,20.75,5857868.0
2023-03-21,285,比亚迪电子,HK,21.0,20.3,21.55,21.45,4127503.0
2023-03-22,285,比亚迪电子,HK,21.6,21.6,22.85,22.6,9281513.0
2023-03-23,285,比亚迪电子,HK,22.6,22.4,23.5,23.4,6980831.0
2023-03-24,285,比亚迪电子,HK,23.4,23.2,24.05,23.8,7495139.0
2023-03-27,285,比亚迪电子,HK,23.85,22.75,23.85,22.9,4825494.0
2023-03-28,285,比亚迪电子,HK,23.35,22.85,23.5,23.2,3902724.0
2023-03-29,285,比亚迪电子,HK,23.6,22.3,23.75,22.5,9284410.0
2023-03-30,285,比亚迪电子,HK,22.85,22.3,23.1,22.65,8793750.0
2023-03-31,285,比亚迪电子,HK,22.95,22.95,25.2,24.4,17989726.0
2023-04-03,285,比亚迪电子,HK,24.6,24.05,25.25,25.05,11854200.0
2023-04-04,285,比亚迪电子,HK,25.4,24.0,25.4,24.35,8092365.0
2023-04-06,285,比亚迪电子,HK,24.2,23.7,24.6,24.5,5838235.0
2023-04-11,285,比亚迪电子,HK,24.9,23.95,25.05,24.35,5359835.0
2023-04-12,285,比亚迪电子,HK,24.55,23.8,24.55,24.0,4778585.0
2023-04-13,285,比亚迪电子,HK,24.0,23.0,24.0,23.65,5620825.0
2023-04-14,285,比亚迪电子,HK,23.65,23.4,24.05,23.95,3111960.0
2023-04-17,285,比亚迪电子,HK,23.8,23.55,24.0,23.75,3118234.0
2023-04-18,285,比亚迪电子,HK,23.7,23.25,23.7,23.6,3225734.0
2023-04-19,285,比亚迪电子,HK,23.5,23.05,23.65,23.1,2426613.0
2023-04-20,285,比亚迪电子,HK,23.1,23.1,24.15,24.05,3569048.0
2023-04-21,285,比亚迪电子,HK,24.05,22.55,24.2,22.8,4711376.0
2023-04-24,285,比亚迪电子,HK,22.8,22.25,23.0,22.6,2596399.0
2023-04-25,285,比亚迪电子,HK,22.5,21.45,22.5,21.65,5242226.0
2023-04-26,285,比亚迪电子,HK,21.4,21.35,22.35,22.15,2617344.0
2023-04-27,285,比亚迪电子,HK,21.8,21.8,22.6,22.5,2996377.0
2023-04-28,285,比亚迪电子,HK,23.5,23.35,24.4,23.65,8970364.0
2023-05-02,285,比亚迪电子,HK,24.2,23.05,24.2,23.25,3206077.0
2023-05-03,285,比亚迪电子,HK,23.25,22.5,23.4,23.2,2405898.0
2023-05-04,285,比亚迪电子,HK,23.6,22.75,23.6,23.1,2836443.0
2023-05-05,285,比亚迪电子,HK,23.1,22.9,23.6,23.35,2488862.0
2023-05-08,285,比亚迪电子,HK,23.5,22.9,23.9,23.6,5939128.0
2023-05-09,285,比亚迪电子,HK,23.95,23.4,24.15,23.65,3672457.0
2023-05-10,285,比亚迪电子,HK,23.9,23.4,24.5,24.3,3899759.0
2023-05-11,285,比亚迪电子,HK,24.2,23.85,24.4,24.3,2673898.0
2023-05-12,285,比亚迪电子,HK,24.4,23.75,24.9,23.9,5382599.0
2023-05-15,285,比亚迪电子,HK,24.0,22.7,24.0,23.6,4051069.0
2023-05-16,285,比亚迪电子,HK,23.6,23.5,24.2,23.8,1643268.0
2023-05-17,285,比亚迪电子,HK,24.0,23.3,24.2,23.35,2003334.0
2023-05-18,285,比亚迪电子,HK,23.8,23.6,24.35,23.9,3295988.0
2023-05-19,285,比亚迪电子,HK,24.0,23.6,24.4,24.0,3763486.0
2023-05-22,285,比亚迪电子,HK,24.2,23.7,24.3,23.7,1410219.0
2023-05-23,285,比亚迪电子,HK,23.5,23.0,23.95,23.2,3741954.0
2023-05-24,285,比亚迪电子,HK,23.1,22.5,23.2,22.7,3528955.0
2023-05-25,285,比亚迪电子,HK,22.7,21.9,22.85,22.2,3270255.0
2023-05-29,285,比亚迪电子,HK,22.9,22.35,23.25,22.8,3529499.0
2023-05-30,285,比亚迪电子,HK,22.8,22.75,23.35,23.0,2686361.0
2023-05-31,285,比亚迪电子,HK,23.0,22.25,23.0,22.8,10328426.0
2023-06-01,285,比亚迪电子,HK,22.8,22.8,23.6,23.15,3788203.0
2023-06-02,285,比亚迪电子,HK,23.25,23.15,24.35,24.15,8341756.0
2023-06-05,285,比亚迪电子,HK,24.15,23.9,24.4,24.15,3881499.0
2023-06-06,285,比亚迪电子,HK,24.0,23.45,24.45,23.7,3578707.0
2023-06-07,285,比亚迪电子,HK,23.7,23.7,24.3,24.15,4306811.0
2023-06-08,285,比亚迪电子,HK,24.05,23.3,24.05,23.45,3474501.0
2023-06-09,285,比亚迪电子,HK,23.7,23.5,24.2,23.9,2585467.0
2023-06-12,285,比亚迪电子,HK,24.0,23.95,24.3,24.15,2826238.0
2023-06-13,285,比亚迪电子,HK,24.05,24.0,25.95,25.7,9693445.0
2023-06-14,285,比亚迪电子,HK,25.65,24.8,25.7,25.0,5274356.0
2023-06-15,285,比亚迪电子,HK,25.45,24.85,25.45,25.15,4895866.0
2023-06-16,285,比亚迪电子,HK,25.15,24.25,25.25,24.75,10590076.0
2023-06-19,285,比亚迪电子,HK,24.75,24.0,24.75,24.45,3976056.0
2023-06-20,285,比亚迪电子,HK,24.05,23.7,24.4,24.3,3079349.0
2023-06-21,285,比亚迪电子,HK,23.85,23.2,24.1,23.3,3620110.0
2023-06-23,285,比亚迪电子,HK,24.0,22.5,24.0,22.7,2359028.0
2023-06-26,285,比亚迪电子,HK,22.7,22.7,23.25,23.05,3108000.0
2023-06-27,285,比亚迪电子,HK,22.95,22.95,23.95,23.8,4106609.0
2023-06-28,285,比亚迪电子,HK,24.0,23.65,24.15,24.0,3207325.0
2023-06-29,285,比亚迪电子,HK,24.0,23.65,24.2,23.8,2165786.0
2023-06-30,285,比亚迪电子,HK,24.1,23.4,24.1,23.7,2718500.0
2023-07-03,285,比亚迪电子,HK,23.7,23.6,24.7,24.55,3883921.0
2023-07-04,285,比亚迪电子,HK,24.6,24.55,25.7,25.1,7947407.0
2023-07-05,285,比亚迪电子,HK,25.0,23.95,25.0,24.2,3485270.0
2023-07-06,285,比亚迪电子,HK,24.05,23.8,25.2,24.75,5504566.0
2023-07-07,285,比亚迪电子,HK,24.9,24.1,25.0,24.6,3722759.0
2023-07-10,285,比亚迪电子,HK,25.0,24.6,25.25,25.0,4003314.0
2023-07-11,285,比亚迪电子,HK,25.0,24.65,25.2,24.85,4601041.0
2023-07-12,285,比亚迪电子,HK,24.85,24.7,25.4,24.9,3495313.0
2023-07-13,285,比亚迪电子,HK,25.3,24.9,25.35,25.25,2950287.0
2023-07-14,285,比亚迪电子,HK,25.35,24.95,25.55,25.35,4139569.0
2023-07-17,285,比亚迪电子,HK,25.35,25.35,25.35,25.35,0.0
2023-07-18,285,比亚迪电子,HK,26.6,26.3,27.3,26.9,16935465.0
2023-07-19,285,比亚迪电子,HK,27.0,26.9,27.85,27.75,13475674.0
2023-07-20,285,比亚迪电子,HK,27.95,27.4,28.65,27.7,8153418.0
2023-07-21,285,比亚迪电子,HK,27.95,26.85,27.95,27.15,7430166.0
2023-07-24,285,比亚迪电子,HK,27.5,26.75,27.55,27.45,4615657.0
2023-07-25,285,比亚迪电子,HK,28.4,27.55,28.6,28.1,6986769.0
2023-07-26,285,比亚迪电子,HK,28.0,27.7,28.85,28.6,6595158.0
2023-07-27,285,比亚迪电子,HK,28.9,28.25,29.85,29.15,10742280.0
2023-07-28,285,比亚迪电子,HK,28.95,28.7,30.4,30.0,9481407.0
2023-07-31,285,比亚迪电子,HK,30.5,29.5,31.0,29.9,7812468.0
2023-08-01,285,比亚迪电子,HK,30.3,29.65,30.8,30.55,5375593.0
2023-08-02,285,比亚迪电子,HK,30.5,29.5,30.6,29.75,5246010.0
2023-08-03,285,比亚迪电子,HK,30.25,29.2,30.25,30.0,3464642.0
2023-08-04,285,比亚迪电子,HK,30.0,29.85,30.6,30.3,3065800.0
2023-08-07,285,比亚迪电子,HK,30.5,29.95,30.7,30.35,2815566.0
2023-08-08,285,比亚迪电子,HK,30.4,29.85,30.65,30.1,3933054.0
2023-08-09,285,比亚迪电子,HK,30.1,29.75,30.5,30.05,2586843.0
2023-08-10,285,比亚迪电子,HK,30.05,28.95,30.05,29.65,5748065.0
2023-08-11,285,比亚迪电子,HK,29.25,28.55,29.45,29.1,5323148.0
2023-08-14,285,比亚迪电子,HK,28.55,27.15,29.1,29.05,8932297.0
2023-08-15,285,比亚迪电子,HK,29.1,28.5,29.25,28.9,3569061.0
2023-08-16,285,比亚迪电子,HK,29.05,28.55,29.15,28.7,2404157.0
2023-08-17,285,比亚迪电子,HK,28.2,27.9,30.1,29.75,5985885.0
2023-08-18,285,比亚迪电子,HK,29.4,29.4,30.45,29.55,5527721.0
2023-08-21,285,比亚迪电子,HK,29.2,28.8,30.95,30.3,11531154.0
2023-08-22,285,比亚迪电子,HK,30.25,30.25,32.4,32.3,13079948.0
2023-08-23,285,比亚迪电子,HK,32.95,31.75,32.95,32.3,11055117.0
2023-08-24,285,比亚迪电子,HK,32.4,32.35,32.9,32.9,6601539.0
2023-08-25,285,比亚迪电子,HK,32.95,32.4,33.2,32.85,5970944.0
2023-08-28,285,比亚迪电子,HK,33.6,29.8,33.85,32.85,17027861.0
2023-08-29,285,比亚迪电子,HK,33.3,31.3,33.55,32.6,16544014.0
2023-08-30,285,比亚迪电子,HK,32.9,32.85,36.8,35.4,25843175.0
2023-08-31,285,比亚迪电子,HK,36.0,36.0,37.5,36.35,14146219.0
2023-09-01,285,比亚迪电子,HK,36.35,36.35,36.35,36.35,0.0
2023-09-04,285,比亚迪电子,HK,37.55,36.95,38.25,37.5,12580131.0
2023-09-05,285,比亚迪电子,HK,37.5,36.75,38.0,37.2,7563760.0
2023-09-06,285,比亚迪电子,HK,37.15,36.85,38.15,37.4,8288768.0
2023-09-07,285,比亚迪电子,HK,38.0,36.35,38.0,37.25,6293346.0
2023-09-08,285,比亚迪电子,HK,37.25,37.25,37.25,37.25,0.0
2023-09-11,285,比亚迪电子,HK,37.25,36.1,37.25,36.6,6552431.0
2023-09-12,285,比亚迪电子,HK,36.35,35.65,36.55,36.0,6223039.0
2023-09-13,285,比亚迪电子,HK,36.2,36.1,36.85,36.85,5965195.0
2023-09-14,285,比亚迪电子,HK,36.85,36.1,37.1,36.75,4948135.0
2023-09-15,285,比亚迪电子,HK,37.25,36.55,37.8,37.2,5530139.0
2023-09-18,285,比亚迪电子,HK,37.6,35.9,37.6,36.3,4592293.0
2023-09-19,285,比亚迪电子,HK,36.3,35.95,36.7,36.55,3458174.0
2023-09-20,285,比亚迪电子,HK,36.15,35.9,36.8,36.65,4285499.0
2023-09-21,285,比亚迪电子,HK,36.25,35.25,36.65,35.7,4346303.0
2023-09-22,285,比亚迪电子,HK,35.2,35.2,36.6,36.5,3296289.0
2023-09-25,285,比亚迪电子,HK,36.8,35.95,36.85,36.55,1946169.0
2023-09-26,285,比亚迪电子,HK,36.5,34.75,36.6,35.1,4863896.0
2023-09-27,285,比亚迪电子,HK,35.0,33.7,35.15,34.95,6274445.0
2023-09-28,285,比亚迪电子,HK,34.55,34.55,35.7,35.35,3290306.0
2023-09-29,285,比亚迪电子,HK,35.2,35.2,36.0,35.7,2900024.0
2023-10-03,285,比亚迪电子,HK,36.0,35.15,36.05,36.0,2145512.0
2023-10-04,285,比亚迪电子,HK,36.05,35.15,36.05,35.6,1983993.0
2023-10-05,285,比亚迪电子,HK,35.5,35.2,36.05,35.25,1342934.0
2023-10-06,285,比亚迪电子,HK,35.9,35.45,36.5,36.3,2007520.0
2023-10-09,285,比亚迪电子,HK,36.3,36.2,39.15,37.7,6872629.0
2023-10-10,285,比亚迪电子,HK,37.75,37.75,39.0,38.45,7208896.0
2023-10-11,285,比亚迪电子,HK,38.9,38.15,39.1,38.7,6816947.0
2023-10-12,285,比亚迪电子,HK,38.9,38.9,40.3,39.75,8698889.0
2023-10-13,285,比亚迪电子,HK,39.45,39.2,40.4,39.95,6809788.0
2023-10-16,285,比亚迪电子,HK,39.9,38.4,39.9,38.75,7965936.0
2023-10-17,285,比亚迪电子,HK,39.45,37.95,39.45,38.4,5093294.0
2023-10-18,285,比亚迪电子,HK,39.65,38.75,40.3,39.3,8313487.0
2023-10-19,285,比亚迪电子,HK,38.8,37.25,39.0,37.65,8560685.0
2023-10-20,285,比亚迪电子,HK,37.05,35.6,37.35,35.65,8664571.0
2023-10-24,285,比亚迪电子,HK,35.5,35.2,36.3,35.9,5908342.0
2023-10-25,285,比亚迪电子,HK,37.0,35.3,37.65,36.2,6379151.0
2023-10-26,285,比亚迪电子,HK,36.35,35.5,36.45,35.65,3867659.0
2023-10-27,285,比亚迪电子,HK,36.0,35.5,36.45,35.8,3913965.0
2023-10-30,285,比亚迪电子,HK,35.6,35.45,36.4,36.3,4363388.0
2023-10-31,285,比亚迪电子,HK,36.3,32.2,36.45,32.6,15908896.0
2023-11-01,285,比亚迪电子,HK,33.15,31.95,33.65,32.35,8277379.0
2023-11-02,285,比亚迪电子,HK,32.75,32.75,34.15,33.95,8645612.0
2023-11-03,285,比亚迪电子,HK,34.0,34.0,36.4,35.95,10960371.0
2023-11-06,285,比亚迪电子,HK,36.1,36.1,37.35,36.4,7870580.0
2023-11-07,285,比亚迪电子,HK,36.4,35.2,36.5,35.4,5138985.0
2023-11-08,285,比亚迪电子,HK,35.9,35.1,36.4,35.75,4862699.0
2023-11-09,285,比亚迪电子,HK,36.0,35.05,36.2,35.45,3165858.0
2023-11-10,285,比亚迪电子,HK,35.0,34.65,35.6,34.9,2949069.0
2023-11-13,285,比亚迪电子,HK,34.9,34.9,37.45,37.2,7750958.0
2023-11-14,285,比亚迪电子,HK,37.45,36.95,38.95,37.05,6668020.0
2023-11-15,285,比亚迪电子,HK,37.55,37.55,38.55,38.1,8584277.0
2023-11-16,285,比亚迪电子,HK,38.5,36.55,38.5,37.7,4842632.0
2023-11-17,285,比亚迪电子,HK,37.7,37.4,38.9,38.5,7784767.0
2023-11-20,285,比亚迪电子,HK,38.5,37.35,38.5,37.8,4652313.0
2023-11-21,285,比亚迪电子,HK,38.45,36.9,38.6,36.95,4725686.0
2023-11-22,285,比亚迪电子,HK,37.05,35.85,37.05,36.3,3385510.0
2023-11-23,285,比亚迪电子,HK,36.45,36.1,37.6,37.6,3737235.0
2023-11-24,285,比亚迪电子,HK,37.6,36.6,37.6,36.75,2335611.0
2023-11-27,285,比亚迪电子,HK,36.5,36.25,37.05,36.55,4730493.0
2023-11-28,285,比亚迪电子,HK,36.6,35.85,37.2,36.9,6214439.0
2023-11-29,285,比亚迪电子,HK,36.9,34.9,36.9,35.25,6794876.0
2023-11-30,285,比亚迪电子,HK,35.7,34.55,36.0,35.65,7897542.0
2023-12-01,285,比亚迪电子,HK,35.55,33.5,35.55,33.75,9754416.0
2023-12-04,285,比亚迪电子,HK,33.75,32.45,33.75,32.85,6153374.0
2023-12-05,285,比亚迪电子,HK,33.3,31.7,33.3,32.2,5125016.0
2023-12-06,285,比亚迪电子,HK,32.2,31.85,32.85,32.7,5124791.0
2023-12-07,285,比亚迪电子,HK,32.6,31.8,32.7,32.3,3019332.0
2023-12-08,285,比亚迪电子,HK,32.7,31.05,32.7,31.35,6463551.0
2023-12-11,285,比亚迪电子,HK,32.2,30.75,32.2,31.25,5426982.0
2023-12-12,285,比亚迪电子,HK,31.3,30.8,32.3,32.0,5719413.0
2023-12-13,285,比亚迪电子,HK,32.35,31.75,32.8,32.5,6174148.0
2023-12-14,285,比亚迪电子,HK,32.8,32.8,34.2,33.65,10439258.0
2023-12-15,285,比亚迪电子,HK,34.0,33.65,35.1,33.8,9809852.0
2023-12-18,285,比亚迪电子,HK,33.8,32.4,33.85,32.7,4848411.0
2023-12-19,285,比亚迪电子,HK,32.2,32.0,33.0,32.8,2741477.0
2023-12-20,285,比亚迪电子,HK,33.1,32.5,33.6,32.85,2737859.0
2023-12-21,285,比亚迪电子,HK,32.7,32.3,33.55,33.3,2828692.0
2023-12-22,285,比亚迪电子,HK,33.3,33.1,34.45,34.0,4196034.0
2023-12-27,285,比亚迪电子,HK,34.1,33.6,34.9,34.7,3425656.0
2023-12-28,285,比亚迪电子,HK,34.7,34.65,36.3,35.65,4880884.0
2023-12-29,285,比亚迪电子,HK,35.8,35.15,37.05,36.6,4019349.0
2024-01-02,285,比亚迪电子,HK,37.35,35.25,37.35,35.85,3802905.0
2024-01-03,285,比亚迪电子,HK,35.7,34.75,35.7,35.3,3299429.0
2024-01-04,285,比亚迪电子,HK,35.8,34.8,35.8,35.5,2623190.0
2024-01-05,285,比亚迪电子,HK,35.2,34.6,35.45,34.75,3276222.0
2024-01-08,285,比亚迪电子,HK,34.75,33.65,35.1,34.15,2918207.0
2024-01-09,285,比亚迪电子,HK,34.45,34.15,34.9,34.25,1795390.0
2024-01-10,285,比亚迪电子,HK,34.25,34.05,35.35,34.5,2170350.0
2024-01-11,285,比亚迪电子,HK,34.65,34.2,35.2,34.9,3137331.0
2024-01-12,285,比亚迪电子,HK,35.1,34.7,35.4,34.95,1715989.0
2024-01-15,285,比亚迪电子,HK,34.95,31.6,35.5,32.2,8932461.0
2024-01-16,285,比亚迪电子,HK,32.25,32.1,33.25,32.4,3778052.0
2024-01-17,285,比亚迪电子,HK,31.1,30.35,32.2,30.75,6262258.0
2024-01-18,285,比亚迪电子,HK,30.5,30.0,31.1,31.0,3902582.0
2024-01-19,285,比亚迪电子,HK,31.0,30.3,31.45,30.45,3135403.0
2024-01-22,285,比亚迪电子,HK,30.4,28.15,30.9,28.65,9167601.0
2024-01-23,285,比亚迪电子,HK,28.5,28.1,29.75,29.55,5373183.0
2024-01-24,285,比亚迪电子,HK,29.55,29.1,30.3,30.1,3085683.0
2024-01-25,285,比亚迪电子,HK,30.1,29.1,30.35,30.25,3815868.0
2024-01-26,285,比亚迪电子,HK,30.1,27.55,30.3,27.9,7124505.0
2024-01-29,285,比亚迪电子,HK,27.5,27.5,29.15,29.05,5499660.0
2024-01-30,285,比亚迪电子,HK,28.55,27.25,28.95,27.7,6390839.0
2024-01-31,285,比亚迪电子,HK,27.85,26.45,28.0,26.75,6495795.0
2024-02-01,285,比亚迪电子,HK,26.7,26.45,27.95,27.3,4111418.0
2024-02-02,285,比亚迪电子,HK,27.7,26.65,28.35,26.85,3053546.0
2024-02-05,285,比亚迪电子,HK,26.55,26.1,27.0,26.35,3449799.0
2024-02-06,285,比亚迪电子,HK,26.35,26.35,28.7,28.5,6884114.0
2024-02-07,285,比亚迪电子,HK,28.9,28.25,29.5,28.5,4913771.0
2024-02-08,285,比亚迪电子,HK,28.6,28.45,29.35,28.9,2422973.0
2024-02-09,285,比亚迪电子,HK,28.9,28.1,28.9,28.7,565210.0
2024-02-14,285,比亚迪电子,HK,28.0,27.9,29.2,29.0,1459481.0
2024-02-15,285,比亚迪电子,HK,29.3,28.4,29.5,29.35,1536960.0
2024-02-16,285,比亚迪电子,HK,29.45,29.45,31.25,30.9,4158647.0
2024-02-19,285,比亚迪电子,HK,30.9,29.0,30.9,29.5,5006181.0
2024-02-20,285,比亚迪电子,HK,29.65,28.65,29.75,29.1,3232752.0
2024-02-21,285,比亚迪电子,HK,29.15,28.25,30.45,29.8,3962052.0
2024-02-22,285,比亚迪电子,HK,29.7,29.5,30.45,30.0,2446200.0
2024-02-23,285,比亚迪电子,HK,29.9,28.3,30.15,28.85,6746976.0
2024-02-26,285,比亚迪电子,HK,28.9,28.75,29.9,29.7,4080034.0
2024-02-27,285,比亚迪电子,HK,29.65,28.75,30.0,29.85,2780232.0
2024-02-28,285,比亚迪电子,HK,29.85,28.6,30.25,28.7,4649396.0
2024-02-29,285,比亚迪电子,HK,28.75,28.6,29.95,29.6,5970310.0
2024-03-01,285,比亚迪电子,HK,29.2,29.2,31.3,30.9,7420194.0
2024-03-04,285,比亚迪电子,HK,31.0,30.8,32.35,31.0,8210230.0
2024-03-05,285,比亚迪电子,HK,30.55,29.5,30.75,30.0,5513511.0
2024-03-06,285,比亚迪电子,HK,30.0,28.6,30.0,29.65,6518978.0
2024-03-07,285,比亚迪电子,HK,29.5,28.25,30.1,28.65,4456957.0
2024-03-08,285,比亚迪电子,HK,28.7,28.7,29.95,29.75,3470519.0
2024-03-11,285,比亚迪电子,HK,29.75,29.25,30.25,30.0,3983729.0
2024-03-12,285,比亚迪电子,HK,30.2,29.6,30.95,30.75,4881621.0
2024-03-13,285,比亚迪电子,HK,30.8,30.8,32.75,31.75,8327683.0
2024-03-14,285,比亚迪电子,HK,31.7,30.05,32.3,30.3,6186667.0
2024-03-15,285,比亚迪电子,HK,30.1,29.0,30.1,29.5,6275745.0
2024-03-18,285,比亚迪电子,HK,29.6,29.35,30.65,30.45,4614480.0
2024-03-19,285,比亚迪电子,HK,30.5,29.35,30.5,29.5,4386009.0
2024-03-20,285,比亚迪电子,HK,29.55,29.0,29.85,29.55,3410254.0
2024-03-21,285,比亚迪电子,HK,30.35,29.9,30.9,30.6,6941235.0
2024-03-22,285,比亚迪电子,HK,30.85,30.1,31.25,30.7,4578850.0
2024-03-25,285,比亚迪电子,HK,30.7,29.35,30.8,29.5,5597051.0
2024-03-26,285,比亚迪电子,HK,29.6,27.7,29.85,28.35,10014552.0
2024-03-27,285,比亚迪电子,HK,28.4,28.05,29.55,28.7,7947464.0
2024-03-28,285,比亚迪电子,HK,28.7,28.0,29.1,28.85,6723293.0
2024-04-02,285,比亚迪电子,HK,29.5,28.45,29.95,28.85,7430505.0
2024-04-03,285,比亚迪电子,HK,28.95,27.4,28.95,27.55,7190069.0
2024-04-05,285,比亚迪电子,HK,27.4,26.8,27.65,27.0,2643190.0
2024-04-08,285,比亚迪电子,HK,27.0,26.5,27.4,26.7,6311024.0
2024-04-09,285,比亚迪电子,HK,26.65,26.25,27.1,26.8,6325389.0
2024-04-10,285,比亚迪电子,HK,27.05,26.9,28.1,27.95,7907108.0
2024-04-11,285,比亚迪电子,HK,27.5,27.2,27.9,27.55,4237312.0
2024-04-12,285,比亚迪电子,HK,27.8,26.7,27.9,26.8,4731703.0
2024-04-15,285,比亚迪电子,HK,26.25,25.6,26.4,25.75,7649894.0
2024-04-16,285,比亚迪电子,HK,25.75,24.6,25.75,24.75,7644800.0
2024-04-17,285,比亚迪电子,HK,24.6,24.4,25.25,24.7,4126786.0
2024-04-18,285,比亚迪电子,HK,24.7,24.45,25.35,24.65,4771380.0
2024-04-19,285,比亚迪电子,HK,24.3,23.2,24.3,23.6,11002661.0
2024-04-22,285,比亚迪电子,HK,23.8,23.3,24.05,23.75,7651862.0
2024-04-23,285,比亚迪电子,HK,24.0,23.75,24.4,24.05,3956793.0
2024-04-24,285,比亚迪电子,HK,24.45,24.05,24.6,24.35,3987934.0
2024-04-25,285,比亚迪电子,HK,24.2,24.0,24.8,24.3,3447150.0
2024-04-26,285,比亚迪电子,HK,24.3,24.3,25.45,25.05,6686208.0
2024-04-29,285,比亚迪电子,HK,25.6,25.6,27.35,26.8,14498927.0
2024-04-30,285,比亚迪电子,HK,27.0,26.1,27.85,26.6,8992700.0
2024-05-02,285,比亚迪电子,HK,26.55,25.65,27.35,27.1,5063489.0
2024-05-03,285,比亚迪电子,HK,27.9,27.2,28.6,27.6,6864836.0
2024-05-06,285,比亚迪电子,HK,27.7,27.7,29.0,28.7,12742130.0
2024-05-07,285,比亚迪电子,HK,29.0,28.7,30.4,29.7,16221455.0
2024-05-08,285,比亚迪电子,HK,29.9,28.8,30.95,29.3,23121291.0
2024-05-09,285,比亚迪电子,HK,29.6,29.5,32.2,32.0,23328055.0
2024-05-10,285,比亚迪电子,HK,31.95,31.2,33.5,33.1,20257563.0
2024-05-13,285,比亚迪电子,HK,33.1,32.6,35.5,34.9,18884856.0
2024-05-14,285,比亚迪电子,HK,34.95,33.25,35.7,33.85,18030152.0
2024-05-16,285,比亚迪电子,HK,33.85,33.0,34.6,33.85,13866146.0
2024-05-17,285,比亚迪电子,HK,33.75,33.05,34.35,33.8,9600236.0
2024-05-20,285,比亚迪电子,HK,34.85,34.15,35.9,34.35,13724236.0
2024-05-21,285,比亚迪电子,HK,34.1,33.1,34.7,33.45,10367023.0
2024-05-22,285,比亚迪电子,HK,33.3,33.3,34.85,34.05,9335278.0
2024-05-23,285,比亚迪电子,HK,33.8,32.3,34.0,32.9,10337722.0
2024-05-24,285,比亚迪电子,HK,32.65,32.6,34.0,33.0,8910608.0
2024-05-27,285,比亚迪电子,HK,32.95,32.45,34.05,34.0,6425847.0
2024-05-28,285,比亚迪电子,HK,33.95,33.8,35.8,34.75,10303900.0
2024-05-29,285,比亚迪电子,HK,34.5,34.05,35.2,34.2,6260661.0
2024-05-30,285,比亚迪电子,HK,34.05,33.75,35.2,34.75,8357944.0
2024-05-31,285,比亚迪电子,HK,34.75,33.8,35.0,33.8,7382345.0
2024-06-03,285,比亚迪电子,HK,34.55,34.5,37.3,36.25,16242952.0
2024-06-04,285,比亚迪电子,HK,36.3,36.05,37.15,36.55,8662723.0
2024-06-05,285,比亚迪电子,HK,36.7,36.4,37.95,36.75,8802170.0
2024-06-06,285,比亚迪电子,HK,36.95,36.45,38.25,37.55,12678071.0
2024-06-07,285,比亚迪电子,HK,37.7,35.4,37.95,35.55,24589117.0
2024-06-11,285,比亚迪电子,HK,34.85,33.4,35.15,34.75,20221284.0
2024-06-12,285,比亚迪电子,HK,34.8,34.8,37.45,36.1,12605842.0
2024-06-13,285,比亚迪电子,HK,36.8,36.7,38.0,37.5,9449528.0
2024-06-14,285,比亚迪电子,HK,37.2,36.3,37.95,37.2,7844726.0
2024-06-17,285,比亚迪电子,HK,37.5,37.2,40.1,39.55,21673822.0
2024-06-18,285,比亚迪电子,HK,39.65,39.4,41.05,39.75,13000439.0
2024-06-19,285,比亚迪电子,HK,40.0,39.2,40.55,40.0,11045138.0
2024-06-20,285,比亚迪电子,HK,40.0,38.85,40.2,39.5,6137692.0
2024-06-21,285,比亚迪电子,HK,38.8,38.2,39.75,38.9,7334767.0
2024-06-24,285,比亚迪电子,HK,38.9,37.5,38.9,38.45,8015644.0
2024-06-25,285,比亚迪电子,HK,38.55,36.7,38.55,37.45,11154008.0
2024-06-26,285,比亚迪电子,HK,37.5,36.95,38.35,37.85,8514646.0
2024-06-27,285,比亚迪电子,HK,37.75,36.75,39.35,37.75,11640950.0
2024-06-28,285,比亚迪电子,HK,37.6,37.35,39.45,39.0,12467497.0
2024-07-02,285,比亚迪电子,HK,38.45,37.55,39.8,37.6,9696501.0
2024-07-03,285,比亚迪电子,HK,38.0,36.6,39.35,37.35,11950062.0
2024-07-04,285,比亚迪电子,HK,37.35,37.15,38.1,37.35,6287484.0
2024-07-05,285,比亚迪电子,HK,37.3,35.55,37.3,36.5,10945600.0
2024-07-08,285,比亚迪电子,HK,36.5,34.1,36.6,34.5,15162581.0
2024-07-09,285,比亚迪电子,HK,34.8,34.2,37.1,36.7,17857758.0
2024-07-10,285,比亚迪电子,HK,36.7,35.9,37.8,36.4,10162970.0
2024-07-11,285,比亚迪电子,HK,37.0,36.4,37.75,37.15,11302427.0
2024-07-12,285,比亚迪电子,HK,36.95,35.7,37.45,36.9,10503686.0
2024-07-15,285,比亚迪电子,HK,37.0,36.0,37.0,36.2,6671734.0
2024-07-16,285,比亚迪电子,HK,36.0,35.5,38.0,37.65,10904232.0
2024-07-17,285,比亚迪电子,HK,37.8,34.9,37.85,35.05,16214299.0
2024-07-18,285,比亚迪电子,HK,34.85,33.95,34.9,34.45,11251161.0
2024-07-19,285,比亚迪电子,HK,34.3,33.55,34.7,33.7,6910488.0
2024-07-22,285,比亚迪电子,HK,34.0,33.05,34.35,33.75,6600800.0
2024-07-23,285,比亚迪电子,HK,34.2,31.35,34.2,32.15,11905313.0
2024-07-24,285,比亚迪电子,HK,32.15,31.2,32.55,31.6,7724932.0
2024-07-25,285,比亚迪电子,HK,31.5,30.45,31.5,30.55,8977046.0
2024-07-26,285,比亚迪电子,HK,30.55,30.25,31.25,30.75,5531900.0
2024-07-29,285,比亚迪电子,HK,30.9,30.25,31.3,30.5,5946615.0
2024-07-30,285,比亚迪电子,HK,30.5,29.35,30.5,29.65,8685864.0
2024-07-31,285,比亚迪电子,HK,29.55,29.45,30.5,30.4,6944236.0
2024-08-01,285,比亚迪电子,HK,30.5,30.15,31.1,30.3,8139540.0
2024-08-02,285,比亚迪电子,HK,29.6,29.0,29.9,29.3,6347639.0
2024-08-05,285,比亚迪电子,HK,28.9,26.95,29.15,27.7,12712977.0
2024-08-06,285,比亚迪电子,HK,28.2,27.25,29.05,27.65,7411038.0
2024-08-07,285,比亚迪电子,HK,27.8,27.65,28.8,28.3,6526682.0
2024-08-08,285,比亚迪电子,HK,28.3,27.5,29.0,28.3,6605885.0
2024-08-09,285,比亚迪电子,HK,28.8,28.75,29.75,29.15,8539799.0
2024-08-12,285,比亚迪电子,HK,29.3,28.95,29.9,29.15,4850517.0
2024-08-13,285,比亚迪电子,HK,29.15,29.0,29.7,29.35,3475942.0
2024-08-14,285,比亚迪电子,HK,29.8,29.0,29.8,29.15,3998577.0
2024-08-15,285,比亚迪电子,HK,29.0,28.6,29.9,29.45,5127915.0
2024-08-16,285,比亚迪电子,HK,29.55,29.5,30.25,29.9,5662645.0
2024-08-19,285,比亚迪电子,HK,29.85,29.75,30.75,30.1,7239095.0
2024-08-20,285,比亚迪电子,HK,30.2,29.45,30.55,29.7,3700611.0
2024-08-21,285,比亚迪电子,HK,29.2,29.15,30.55,29.95,4628625.0
2024-08-22,285,比亚迪电子,HK,30.2,29.4,30.3,30.3,4528260.0
2024-08-23,285,比亚迪电子,HK,29.8,29.8,30.55,30.15,5363930.0
2024-08-26,285,比亚迪电子,HK,30.05,30.05,30.7,30.35,4751132.0
2024-08-27,285,比亚迪电子,HK,30.2,29.8,30.25,30.25,3748164.0
2024-08-28,285,比亚迪电子,HK,30.3,28.65,30.3,29.5,8109485.0
2024-08-29,285,比亚迪电子,HK,28.0,25.1,28.1,27.65,33442248.0
2024-08-30,285,比亚迪电子,HK,27.9,27.8,29.7,28.7,16525606.0
2024-09-02,285,比亚迪电子,HK,29.25,26.9,29.4,27.5,10620796.0
2024-09-03,285,比亚迪电子,HK,27.65,27.1,28.0,27.3,5136751.0
2024-09-04,285,比亚迪电子,HK,26.95,26.3,27.3,27.2,7738120.0
2024-09-05,285,比亚迪电子,HK,27.3,26.85,27.5,27.1,5826990.0
2024-09-09,285,比亚迪电子,HK,26.95,25.85,27.1,26.2,8066856.0
2024-09-10,285,比亚迪电子,HK,26.25,25.5,26.7,26.05,7492826.0
2024-09-11,285,比亚迪电子,HK,25.8,25.2,25.85,25.55,6458371.0
2024-09-12,285,比亚迪电子,HK,25.7,25.2,26.05,25.35,6566100.0
2024-09-13,285,比亚迪电子,HK,25.5,25.35,26.0,25.6,5009535.0
2024-09-16,285,比亚迪电子,HK,25.7,24.85,25.75,25.55,1831560.0
2024-09-17,285,比亚迪电子,HK,25.45,25.35,25.95,25.8,2165697.0
2024-09-19,285,比亚迪电子,HK,25.8,24.85,26.15,25.95,12809442.0
2024-09-20,285,比亚迪电子,HK,26.3,26.2,27.55,26.75,16065121.0
2024-09-23,285,比亚迪电子,HK,27.1,26.9,28.0,26.95,9415166.0
2024-09-24,285,比亚迪电子,HK,27.6,27.15,28.85,28.75,17403667.0
2024-09-25,285,比亚迪电子,HK,29.5,28.45,30.35,28.6,22401019.0
2024-09-26,285,比亚迪电子,HK,28.95,28.6,30.9,30.8,21779008.0
2024-09-27,285,比亚迪电子,HK,31.2,30.8,32.6,32.0,26216665.0
2024-09-30,285,比亚迪电子,HK,33.0,30.4,33.5,32.55,43993024.0
2024-10-02,285,比亚迪电子,HK,33.45,32.3,35.05,34.4,24233146.0
2024-10-03,285,比亚迪电子,HK,34.8,30.7,34.8,32.2,21834536.0
2024-10-04,285,比亚迪电子,HK,32.0,31.25,34.3,34.05,13103606.0
2024-10-07,285,比亚迪电子,HK,34.75,34.3,37.15,36.05,24265985.0
2024-10-08,285,比亚迪电子,HK,36.75,30.8,36.75,31.1,43565746.0
2024-10-09,285,比亚迪电子,HK,31.6,30.2,33.1,31.0,35979673.0
2024-10-10,285,比亚迪电子,HK,32.1,31.65,33.7,33.0,24950907.0
2024-10-14,285,比亚迪电子,HK,32.55,31.3,34.15,33.85,26093228.0
2024-10-15,285,比亚迪电子,HK,33.85,32.15,34.1,32.4,18800399.0
2024-10-16,285,比亚迪电子,HK,31.8,31.7,32.55,32.25,10944310.0
2024-10-17,285,比亚迪电子,HK,32.4,31.55,32.9,31.65,10351805.0
2024-10-18,285,比亚迪电子,HK,31.7,31.7,35.7,35.55,32165934.0
2024-10-21,285,比亚迪电子,HK,35.15,34.2,36.75,34.5,21547500.0
2024-10-22,285,比亚迪电子,HK,34.45,33.35,34.45,33.4,12405260.0
2024-10-23,285,比亚迪电子,HK,33.4,32.8,34.45,34.35,13648085.0
2024-10-24,285,比亚迪电子,HK,33.5,32.95,34.1,32.95,9365657.0
2024-10-25,285,比亚迪电子,HK,33.1,33.0,34.9,34.3,13979339.0
2024-10-28,285,比亚迪电子,HK,34.3,33.2,34.4,33.8,9143600.0
2024-10-29,285,比亚迪电子,HK,33.8,33.5,35.0,34.85,12535767.0
2024-10-30,285,比亚迪电子,HK,34.85,34.15,35.3,34.55,10327202.0
2024-10-31,285,比亚迪电子,HK,34.05,33.05,35.75,33.5,16013206.0
2024-11-01,285,比亚迪电子,HK,33.8,32.45,33.9,32.55,9537655.0
2024-11-04,285,比亚迪电子,HK,33.0,32.1,33.15,32.35,6885495.0
2024-11-05,285,比亚迪电子,HK,32.2,31.7,34.7,34.3,14699075.0
2024-11-06,285,比亚迪电子,HK,34.8,33.0,35.0,33.05,12793023.0
2024-11-07,285,比亚迪电子,HK,32.55,30.85,32.8,31.2,34986574.0
2024-11-08,285,比亚迪电子,HK,31.8,30.4,31.95,30.45,22005621.0
2024-11-11,285,比亚迪电子,HK,29.9,29.65,31.15,30.85,16775071.0
2024-11-12,285,比亚迪电子,HK,30.3,29.15,30.65,29.3,16170804.0
2024-11-13,285,比亚迪电子,HK,29.2,28.25,29.75,29.6,19180714.0
2024-11-14,285,比亚迪电子,HK,29.5,28.1,29.5,28.3,12399118.0
2024-11-15,285,比亚迪电子,HK,28.35,27.9,29.05,28.4,11773220.0
2024-11-18,285,比亚迪电子,HK,28.85,28.2,29.1,28.45,11234296.0
2024-11-19,285,比亚迪电子,HK,28.6,28.5,30.4,30.25,23128848.0
2024-11-20,285,比亚迪电子,HK,30.3,30.25,31.55,31.25,16221301.0
2024-11-21,285,比亚迪电子,HK,31.25,31.1,33.3,32.8,28130573.0
2024-11-22,285,比亚迪电子,HK,32.8,32.7,35.45,34.2,35274113.0
2024-11-25,285,比亚迪电子,HK,34.1,33.55,35.4,34.35,24711645.0
2024-11-26,285,比亚迪电子,HK,34.35,33.5,34.8,33.65,15848839.0
2024-11-27,285,比亚迪电子,HK,33.65,33.0,34.45,34.15,12134540.0
2024-11-28,285,比亚迪电子,HK,34.1,33.8,35.35,34.15,12540475.0
2024-11-29,285,比亚迪电子,HK,34.3,33.8,35.6,34.55,11623577.0
2024-12-02,285,比亚迪电子,HK,35.5,35.05,39.4,38.45,41444853.0
2024-12-03,285,比亚迪电子,HK,38.3,37.2,39.1,38.25,19149955.0
2024-12-04,285,比亚迪电子,HK,38.25,36.7,38.4,37.6,11872467.0
2024-12-05,285,比亚迪电子,HK,37.2,37.05,39.6,39.55,22042072.0
2024-12-06,285,比亚迪电子,HK,39.5,38.4,40.35,39.3,14561580.0
2024-12-09,285,比亚迪电子,HK,39.15,38.8,43.3,42.95,36653415.0
2024-12-10,285,比亚迪电子,HK,42.95,41.1,42.95,41.35,22008242.0
2024-12-11,285,比亚迪电子,HK,41.5,41.5,43.0,41.75,11001514.0
2024-12-12,285,比亚迪电子,HK,42.2,41.4,43.3,41.7,10776087.0
2024-12-13,285,比亚迪电子,HK,41.5,40.9,42.5,41.8,12543964.0
2024-12-16,285,比亚迪电子,HK,42.3,39.9,43.45,40.3,18806541.0
2024-12-17,285,比亚迪电子,HK,40.1,39.15,40.9,39.85,15462741.0
2024-12-18,285,比亚迪电子,HK,39.95,38.85,40.8,39.65,12118801.0
2024-12-19,285,比亚迪电子,HK,39.2,38.2,39.95,39.15,14607942.0
2024-12-20,285,比亚迪电子,HK,39.15,38.55,39.95,39.15,7137374.0
2024-12-23,285,比亚迪电子,HK,39.15,39.15,40.3,39.5,10809942.0
2024-12-24,285,比亚迪电子,HK,39.5,39.05,41.9,41.75,13298800.0
2024-12-27,285,比亚迪电子,HK,42.5,42.5,44.0,43.35,28634639.0
2024-12-30,285,比亚迪电子,HK,43.35,42.05,43.5,42.05,15810722.0
2024-12-31,285,比亚迪电子,HK,42.35,41.6,43.05,42.05,5639800.0
2025-01-02,285,比亚迪电子,HK,42.0,39.8,42.05,40.05,14329947.0
2025-01-03,285,比亚迪电子,HK,40.0,39.6,42.35,41.15,16376394.0
2025-01-06,285,比亚迪电子,HK,41.15,40.35,42.25,40.8,10404214.0
2025-01-07,285,比亚迪电子,HK,40.8,40.1,42.6,41.8,11987336.0
2025-01-08,285,比亚迪电子,HK,41.7,40.0,41.7,40.45,11593600.0
2025-01-09,285,比亚迪电子,HK,40.5,39.85,41.75,40.65,9079559.0
2025-01-10,285,比亚迪电子,HK,41.0,38.85,41.5,39.1,14892336.0
2025-01-13,285,比亚迪电子,HK,38.9,36.7,39.0,37.25,17333632.0
2025-01-14,285,比亚迪电子,HK,37.35,37.35,39.15,38.6,11510249.0
2025-01-15,285,比亚迪电子,HK,38.95,37.25,38.95,37.7,10007972.0
2025-01-16,285,比亚迪电子,HK,38.15,37.0,38.85,37.95,9807134.0
2025-01-17,285,比亚迪电子,HK,37.95,37.55,38.9,38.1,8415712.0
2025-01-20,285,比亚迪电子,HK,38.95,38.4,40.1,39.2,11987203.0
2025-01-21,285,比亚迪电子,HK,39.6,39.1,41.4,41.1,15217852.0
2025-01-22,285,比亚迪电子,HK,40.9,40.8,42.4,41.75,14028153.0
2025-01-23,285,比亚迪电子,HK,42.1,40.05,42.95,40.4,12933591.0
2025-01-24,285,比亚迪电子,HK,40.9,40.3,42.95,42.65,16138795.0
2025-01-27,285,比亚迪电子,HK,42.65,41.55,42.95,42.25,13225210.0
2025-01-28,285,比亚迪电子,HK,42.75,41.65,42.75,42.3,1970300.0
2025-02-03,285,比亚迪电子,HK,42.1,41.3,42.65,42.3,4190920.0
2025-02-04,285,比亚迪电子,HK,42.85,42.55,44.0,43.8,8803525.0
2025-02-05,285,比亚迪电子,HK,44.2,43.85,45.2,44.95,19778954.0
2025-02-06,285,比亚迪电子,HK,45.0,44.9,54.0,53.75,61076998.0
2025-02-07,285,比亚迪电子,HK,53.8,51.15,56.0,53.75,51301692.0
2025-02-10,285,比亚迪电子,HK,54.4,51.85,56.05,54.25,30684094.0
2025-02-11,285,比亚迪电子,HK,55.8,53.85,58.3,55.1,45904878.0
2025-02-12,285,比亚迪电子,HK,56.0,55.1,60.8,60.6,43724965.0
2025-02-13,285,比亚迪电子,HK,61.3,55.55,61.55,56.0,44039494.0
2025-02-14,285,比亚迪电子,HK,57.6,56.2,59.2,58.85,39591049.0
2025-02-17,285,比亚迪电子,HK,58.8,53.8,58.8,55.9,45341750.0
2025-02-18,285,比亚迪电子,HK,56.7,54.7,57.35,55.8,28989349.0
2025-02-19,285,比亚迪电子,HK,55.0,54.3,57.45,57.3,22761705.0
2025-02-20,285,比亚迪电子,HK,57.65,55.0,59.45,56.25,18314421.0
2025-02-21,285,比亚迪电子,HK,57.5,56.05,58.4,58.2,24386571.0
2025-02-24,285,比亚迪电子,HK,57.9,56.5,58.75,57.4,20498862.0
2025-02-25,285,比亚迪电子,HK,55.45,54.2,56.85,55.85,20857841.0
2025-02-26,285,比亚迪电子,HK,56.0,54.7,56.9,55.65,18842364.0
2025-02-27,285,比亚迪电子,HK,55.2,53.55,57.8,56.0,21903617.0
2025-02-28,285,比亚迪电子,HK,56.0,49.0,56.0,50.1,41992108.0
2025-03-03,285,比亚迪电子,HK,50.55,47.5,50.65,48.35,33579925.0
2025-03-04,285,比亚迪电子,HK,46.3,45.15,48.95,48.35,25147424.0
2025-03-05,285,比亚迪电子,HK,49.15,48.45,51.3,51.15,20157733.0
2025-03-06,285,比亚迪电子,HK,52.0,49.7,53.0,50.55,30904483.0
2025-03-07,285,比亚迪电子,HK,50.3,49.15,51.0,49.95,18327652.0
2025-03-10,285,比亚迪电子,HK,49.95,48.3,50.65,49.45,21709746.0
2025-03-11,285,比亚迪电子,HK,48.9,47.4,49.9,49.7,13721548.0
2025-03-12,285,比亚迪电子,HK,50.95,49.2,51.9,50.0,15699825.0
2025-03-13,285,比亚迪电子,HK,50.5,48.1,50.75,49.1,10627272.0
2025-03-14,285,比亚迪电子,HK,49.6,48.0,50.5,50.15,14300917.0
2025-03-17,285,比亚迪电子,HK,51.75,50.25,52.2,50.45,10037893.0
2025-03-18,285,比亚迪电子,HK,51.8,50.75,52.6,52.35,20850865.0
2025-03-19,285,比亚迪电子,HK,52.95,50.15,52.95,50.3,18447459.0
2025-03-20,285,比亚迪电子,HK,50.5,48.45,50.75,48.8,20948451.0
2025-03-21,285,比亚迪电子,HK,48.8,46.05,48.8,47.25,24092518.0
2025-03-24,285,比亚迪电子,HK,48.4,45.45,48.4,46.95,25400629.0
2025-03-25,285,比亚迪电子,HK,46.3,41.6,46.3,42.45,48680539.0
2025-03-26,285,比亚迪电子,HK,42.65,40.65,43.8,41.2,33312216.0
2025-03-27,285,比亚迪电子,HK,41.1,40.1,42.1,41.35,23106139.0
2025-03-28,285,比亚迪电子,HK,41.75,40.55,42.1,41.55,16110418.0
2025-03-31,285,比亚迪电子,HK,41.15,39.6,42.0,40.3,17212402.0
2025-04-01,285,比亚迪电子,HK,40.85,38.85,41.1,39.85,18282773.0
2025-04-02,285,比亚迪电子,HK,40.3,39.55,41.55,40.65,16479724.0
2025-04-03,285,比亚迪电子,HK,38.8,36.2,38.8,37.1,48193647.0
2025-04-07,285,比亚迪电子,HK,32.4,28.45,32.75,28.8,64422733.0
2025-04-08,285,比亚迪电子,HK,29.85,27.35,30.4,28.65,55781314.0
2025-04-09,285,比亚迪电子,HK,27.0,26.65,29.4,29.1,49293565.0
2025-04-10,285,比亚迪电子,HK,33.1,30.65,33.75,31.05,59411572.0
2025-04-11,285,比亚迪电子,HK,31.0,30.4,33.35,32.95,44769525.0
2025-04-14,285,比亚迪电子,HK,35.1,33.3,35.6,33.95,43594513.0
2025-04-15,285,比亚迪电子,HK,34.3,32.6,34.5,33.2,17662803.0
2025-04-16,285,比亚迪电子,HK,32.65,31.3,32.75,31.75,19369817.0
2025-04-17,285,比亚迪电子,HK,31.6,31.2,32.65,32.05,12739095.0
2025-04-22,285,比亚迪电子,HK,32.0,31.75,33.1,32.95,15199744.0
2025-04-23,285,比亚迪电子,HK,35.0,33.7,35.35,34.85,31335363.0
2025-04-24,285,比亚迪电子,HK,35.1,33.35,35.15,34.0,21106673.0
2025-04-25,285,比亚迪电子,HK,34.5,34.05,35.45,34.75,20953555.0
2025-04-28,285,比亚迪电子,HK,33.55,31.55,33.55,31.8,40435086.0
2025-04-29,285,比亚迪电子,HK,32.05,31.75,32.3,32.0,14501301.0
2025-04-30,285,比亚迪电子,HK,32.15,31.8,32.5,32.3,11589470.0
2025-05-02,285,比亚迪电子,HK,32.5,32.1,33.8,33.6,10387530.0
2025-05-06,285,比亚迪电子,HK,33.4,32.8,33.55,33.2,15153647.0
2025-05-07,285,比亚迪电子,HK,34.4,33.6,35.4,33.65,27962526.0
2025-05-08,285,比亚迪电子,HK,33.7,33.35,34.45,33.75,13601796.0
2025-05-09,285,比亚迪电子,HK,34.05,33.05,34.05,33.35,10473906.0
2025-05-12,285,比亚迪电子,HK,34.7,34.6,39.2,37.95,74429019.0
2025-05-13,285,比亚迪电子,HK,38.0,35.2,38.0,35.25,41075556.0
2025-05-14,285,比亚迪电子,HK,35.85,35.3,36.3,35.75,20715617.0
2025-05-15,285,比亚迪电子,HK,35.85,34.75,36.15,34.95,16191649.0
2025-05-16,285,比亚迪电子,HK,34.95,34.25,35.0,34.65,12709332.0
2025-05-19,285,比亚迪电子,HK,34.65,33.65,34.65,34.3,14646313.0
2025-05-20,285,比亚迪电子,HK,34.3,33.7,34.6,34.25,13380483.0
2025-05-21,285,比亚迪电子,HK,34.45,34.3,35.45,34.95,15190617.0
2025-05-22,285,比亚迪电子,HK,34.6,33.6,34.7,33.85,15225098.0
2025-05-23,285,比亚迪电子,HK,34.0,33.5,34.55,33.7,12852821.0
2025-05-26,285,比亚迪电子,HK,33.15,32.1,33.25,32.5,21712248.0
2025-05-27,285,比亚迪电子,HK,32.65,31.85,32.7,32.4,9860774.0
2025-05-28,285,比亚迪电子,HK,32.4,31.75,32.55,32.0,13091128.0
2025-05-29,285,比亚迪电子,HK,32.8,32.1,33.2,33.15,21544448.0
2025-05-30,285,比亚迪电子,HK,32.65,31.05,32.65,31.15,29688171.0
2025-06-02,285,比亚迪电子,HK,30.6,30.2,31.2,31.05,9006630.0
2025-06-03,285,比亚迪电子,HK,31.4,31.15,31.9,31.45,11263382.0
2025-06-04,285,比亚迪电子,HK,31.45,31.25,31.9,31.45,15318385.0
2025-06-05,285,比亚迪电子,HK,31.75,31.6,32.4,32.4,19503816.0
2025-06-06,285,比亚迪电子,HK,32.45,31.65,32.55,32.05,22111022.0
2025-06-09,285,比亚迪电子,HK,32.35,32.05,32.85,32.7,23488157.0
2025-06-10,285,比亚迪电子,HK,32.7,31.45,32.85,31.95,13630922.0
2025-06-11,285,比亚迪电子,HK,32.25,32.2,33.25,32.5,20074497.0
2025-06-12,285,比亚迪电子,HK,32.25,31.55,32.35,31.65,15820073.0
2025-06-13,285,比亚迪电子,HK,31.6,30.6,31.6,30.95,15287152.0
2025-06-16,285,比亚迪电子,HK,30.75,30.5,31.15,30.9,10417226.0
2025-06-17,285,比亚迪电子,HK,31.0,30.95,31.4,31.35,9447160.0
2025-06-18,285,比亚迪电子,HK,31.0,30.2,31.3,30.45,16460982.0
2025-06-19,285,比亚迪电子,HK,30.45,29.6,30.9,29.7,16203647.0
2025-06-20,285,比亚迪电子,HK,29.95,29.85,30.75,30.1,13005282.0
2025-06-23,285,比亚迪电子,HK,30.1,29.45,30.8,30.75,10018670.0
2025-06-24,285,比亚迪电子,HK,31.15,31.1,31.8,31.6,13550575.0
2025-06-25,285,比亚迪电子,HK,31.85,31.35,31.85,31.85,16060375.0
2025-06-26,285,比亚迪电子,HK,31.75,31.2,31.95,31.35,9021099.0
2025-06-27,285,比亚迪电子,HK,31.5,31.2,32.15,31.45,15145718.0
2025-06-30,285,比亚迪电子,HK,31.75,31.45,32.15,31.8,13792185.0
2025-07-02,285,比亚迪电子,HK,32.2,31.4,32.5,31.9,9651030.0
2025-07-03,285,比亚迪电子,HK,32.1,31.8,33.35,32.45,20570618.0
2025-07-04,285,比亚迪电子,HK,32.7,31.3,32.7,32.2,16296794.0
2025-07-07,285,比亚迪电子,HK,31.85,31.15,31.95,31.65,13188522.0
2025-07-08,285,比亚迪电子,HK,31.65,31.55,32.9,32.7,16496311.0
2025-07-09,285,比亚迪电子,HK,32.7,32.05,32.75,32.15,7820510.0
2025-07-10,285,比亚迪电子,HK,32.8,32.45,34.25,33.95,36674114.0
2025-07-11,285,比亚迪电子,HK,34.1,33.4,34.2,33.4,18063725.0
2025-07-14,285,比亚迪电子,HK,33.45,32.9,33.6,33.25,15487116.0
2025-07-15,285,比亚迪电子,HK,33.3,32.75,34.1,33.7,17027066.0
2025-07-16,285,比亚迪电子,HK,33.75,33.2,33.9,33.25,11700706.0
2025-07-17,285,比亚迪电子,HK,33.25,32.65,33.7,33.5,15246904.0
2025-07-18,285,比亚迪电子,HK,33.8,33.15,34.05,33.6,10975243.0
2025-07-21,285,比亚迪电子,HK,33.85,33.15,34.05,33.4,13234010.0
2025-07-22,285,比亚迪电子,HK,33.55,33.15,33.6,33.45,9174758.0
2025-07-23,285,比亚迪电子,HK,33.9,33.25,33.95,33.65,14615783.0
2025-07-24,285,比亚迪电子,HK,33.95,33.65,35.4,35.0,33248555.0
2025-07-25,285,比亚迪电子,HK,34.9,34.0,34.95,34.4,19561501.0
2025-07-28,285,比亚迪电子,HK,34.4,34.0,34.9,34.4,11843400.0
2025-07-29,285,比亚迪电子,HK,34.4,33.4,34.8,34.8,22425713.0
2025-07-30,285,比亚迪电子,HK,34.6,33.1,34.6,33.25,28000615.0
2025-07-31,285,比亚迪电子,HK,33.05,32.6,33.35,32.9,17102712.0
2025-08-01,285,比亚迪电子,HK,32.7,32.5,33.5,32.6,11553699.0
2025-08-04,285,比亚迪电子,HK,32.3,32.24,32.94,32.88,6677920.0
2025-08-05,285,比亚迪电子,HK,32.98,32.98,35.86,35.42,43587104.0
2025-08-06,285,比亚迪电子,HK,35.42,35.38,38.98,37.8,89904430.0
2025-08-07,285,比亚迪电子,HK,37.8,36.06,38.16,36.98,31589071.0
2025-08-08,285,比亚迪电子,HK,36.96,36.08,37.4,36.44,18320875.0
2025-08-11,285,比亚迪电子,HK,36.9,36.66,39.04,38.68,41296225.0
2025-08-12,285,比亚迪电子,HK,38.68,38.22,41.52,39.64,56317782.0
2025-08-13,285,比亚迪电子,HK,39.64,39.58,41.5,40.86,36316396.0
2025-08-14,285,比亚迪电子,HK,41.2,38.38,41.5,38.8,45263852.0
2025-08-15,285,比亚迪电子,HK,38.38,38.1,40.5,40.32,37116211.0
2025-08-18,285,比亚迪电子,HK,40.28,38.8,40.48,39.38,33774095.0
2025-08-19,285,比亚迪电子,HK,39.4,37.32,39.6,37.54,36811056.0
2025-08-20,285,比亚迪电子,HK,37.6,36.76,38.22,38.04,27625826.0
2025-08-21,285,比亚迪电子,HK,38.26,36.82,38.58,37.22,24258215.0
2025-08-22,285,比亚迪电子,HK,37.4,37.24,39.7,39.5,41065583.0
2025-08-25,285,比亚迪电子,HK,40.0,38.64,40.28,39.18,30274102.0
2025-08-26,285,比亚迪电子,HK,39.06,38.96,40.98,39.86,38590537.0
2025-08-27,285,比亚迪电子,HK,40.0,38.58,40.22,38.66,26852097.0
2025-08-28,285,比亚迪电子,HK,38.8,37.2,38.94,38.38,33512910.0
2025-08-29,285,比亚迪电子,HK,38.38,37.22,43.2,41.18,101519316.0
2025-09-01,285,比亚迪电子,HK,45.8,42.64,45.8,44.1,92770408.0
2025-09-02,285,比亚迪电子,HK,44.12,42.86,46.7,43.26,54803971.0
2025-09-03,285,比亚迪电子,HK,43.4,40.84,43.88,41.1,33811176.0
2025-09-04,285,比亚迪电子,HK,41.78,40.38,43.22,41.18,40388461.0
2025-09-05,285,比亚迪电子,HK,41.56,41.18,42.68,42.24,32094704.0
2025-09-08,285,比亚迪电子,HK,42.6,41.0,43.0,42.96,31531331.0
2025-09-09,285,比亚迪电子,HK,43.3,41.88,43.62,42.12,21636537.0
2025-09-10,285,比亚迪电子,HK,42.26,41.64,42.92,41.86,21341016.0
2025-09-11,285,比亚迪电子,HK,41.64,40.8,42.88,42.4,26488056.0
2025-09-12,285,比亚迪电子,HK,43.0,42.3,43.9,42.54,29491400.0
2025-09-15,285,比亚迪电子,HK,42.54,41.0,42.54,41.44,22199129.0
2025-09-16,285,比亚迪电子,HK,41.8,40.32,41.8,41.4,21468887.0
2025-09-17,285,比亚迪电子,HK,41.56,41.18,42.3,42.12,23470181.0
2025-09-18,285,比亚迪电子,HK,42.12,40.44,42.84,41.32,34604172.0
2025-09-19,285,比亚迪电子,HK,41.56,40.84,42.78,41.5,24065282.0
2025-09-22,285,比亚迪电子,HK,42.26,41.94,43.62,43.0,33925451.0
2025-09-23,285,比亚迪电子,HK,43.5,41.04,44.4,41.66,26519262.0
2025-09-24,285,比亚迪电子,HK,42.0,40.5,42.0,41.68,18203024.0
2025-09-25,285,比亚迪电子,HK,41.9,41.02,42.1,41.52,18159513.0
2025-09-26,285,比亚迪电子,HK,41.16,39.3,41.38,39.5,29639957.0
2025-09-29,285,比亚迪电子,HK,39.52,38.9,40.28,39.8,16817944.0
2025-09-30,285,比亚迪电子,HK,40.02,39.84,41.38,41.34,21393825.0
2025-10-02,285,比亚迪电子,HK,41.34,40.92,44.6,44.08,31271174.0
2025-10-03,285,比亚迪电子,HK,43.76,42.36,44.08,43.38,9284059.0
2025-10-06,285,比亚迪电子,HK,42.78,42.1,43.22,42.5,5840603.0
2025-10-08,285,比亚迪电子,HK,42.28,40.86,42.28,42.24,10156817.0
2025-10-09,285,比亚迪电子,HK,42.24,41.52,44.34,43.44,36520421.0
2025-10-10,285,比亚迪电子,HK,43.12,41.2,43.3,41.42,20131547.0
2025-10-13,285,比亚迪电子,HK,40.0,38.26,40.48,40.06,46364551.0
2025-10-14,285,比亚迪电子,HK,40.12,38.36,41.16,38.6,27774343.0
2025-10-15,285,比亚迪电子,HK,39.38,38.64,39.72,39.12,21112164.0
2025-10-16,285,比亚迪电子,HK,39.48,39.02,42.06,41.08,45718849.0
2025-10-17,285,比亚迪电子,HK,41.2,37.36,41.22,37.74,40031315.0
2025-10-20,285,比亚迪电子,HK,38.9,38.08,39.1,38.76,17368992.0
2025-10-21,285,比亚迪电子,HK,39.48,39.38,41.04,40.22,27174742.0
2025-10-22,285,比亚迪电子,HK,39.92,38.18,39.98,38.5,20662575.0
2025-10-23,285,比亚迪电子,HK,38.5,36.8,38.5,37.56,25278522.0
2025-10-24,285,比亚迪电子,HK,38.0,37.64,38.76,38.3,20884629.0
2025-10-27,285,比亚迪电子,HK,39.1,38.74,39.74,39.24,18024954.0
2025-10-28,285,比亚迪电子,HK,39.64,38.32,39.64,38.44,13479274.0
2025-10-30,285,比亚迪电子,HK,39.0,36.9,39.08,37.42,32782775.0
2025-10-31,285,比亚迪电子,HK,36.8,35.78,37.54,36.54,26116297.0
2025-11-03,285,比亚迪电子,HK,37.04,35.5,37.04,36.04,15606263.0
2025-11-04,285,比亚迪电子,HK,35.88,35.02,36.3,35.2,13269144.0
2025-11-05,285,比亚迪电子,HK,34.02,33.82,35.06,35.0,12478731.0
2025-11-06,285,比亚迪电子,HK,35.2,34.96,35.84,35.66,10793079.0
2025-11-07,285,比亚迪电子,HK,35.4,35.0,35.6,35.16,11243943.0
2025-11-10,285,比亚迪电子,HK,35.28,34.5,35.78,35.64,9237230.0
2025-11-11,285,比亚迪电子,HK,36.04,35.18,36.2,35.42,7916630.0
2025-11-12,285,比亚迪电子,HK,35.54,34.88,35.68,35.28,8337523.0
2025-11-13,285,比亚迪电子,HK,35.36,35.08,35.62,35.3,10553885.0
2025-11-14,285,比亚迪电子,HK,35.12,34.4,35.12,34.62,14369819.0
2025-11-17,285,比亚迪电子,HK,34.62,33.74,34.68,34.0,24555381.0
2025-11-18,285,比亚迪电子,HK,33.6,32.64,33.7,33.12,16697944.0
2025-11-19,285,比亚迪电子,HK,33.2,32.54,33.22,32.86,8195385.0
2025-11-20,285,比亚迪电子,HK,33.58,32.3,33.64,32.74,13421629.0
2025-11-21,285,比亚迪电子,HK,32.12,31.32,32.2,31.62,15871961.0
2025-11-24,285,比亚迪电子,HK,31.9,31.6,32.22,32.08,18394060.0
2025-11-25,285,比亚迪电子,HK,32.48,32.36,33.1,32.74,8988732.0
2025-11-26,285,比亚迪电子,HK,33.08,32.7,33.68,33.48,12873982.0
2025-11-27,285,比亚迪电子,HK,33.62,33.14,33.98,33.16,8256996.0
2025-11-28,285,比亚迪电子,HK,33.3,33.0,33.48,33.16,4897960.0
2025-12-01,285,比亚迪电子,HK,33.44,33.24,34.14,33.8,8561722.0
2025-12-02,285,比亚迪电子,HK,33.8,33.62,34.96,34.42,18071730.0
2025-12-03,285,比亚迪电子,HK,34.44,34.24,35.0,34.72,13377930.0
2025-12-04,285,比亚迪电子,HK,34.8,34.12,35.38,35.16,11967736.0
2025-12-05,285,比亚迪电子,HK,35.3,34.78,35.6,34.78,15119810.0
2025-12-08,285,比亚迪电子,HK,34.8,34.24,35.1,34.42,8010139.0
2025-12-09,285,比亚迪电子,HK,34.26,33.96,34.86,34.2,5969562.0
2025-12-10,285,比亚迪电子,HK,33.8,33.38,34.24,34.24,8178061.0
2025-12-11,285,比亚迪电子,HK,34.38,33.6,34.7,33.94,9155096.0
2025-12-12,285,比亚迪电子,HK,34.14,33.64,34.48,34.24,5961960.0
2025-12-15,285,比亚迪电子,HK,34.24,33.4,34.24,33.64,5470131.0
2025-12-16,285,比亚迪电子,HK,33.5,32.62,33.62,32.88,8533410.0
2025-12-17,285,比亚迪电子,HK,32.86,32.56,33.2,33.04,5714860.0
2025-12-18,285,比亚迪电子,HK,32.8,32.6,33.16,33.06,4693302.0
2025-12-19,285,比亚迪电子,HK,33.0,32.78,33.34,32.88,7347538.0
2025-12-22,285,比亚迪电子,HK,33.1,33.1,33.66,33.54,5764375.0
2025-12-23,285,比亚迪电子,HK,33.66,33.42,33.9,33.74,5964620.0
2025-12-24,285,比亚迪电子,HK,33.8,33.34,33.9,33.56,3532089.0
2025-12-29,285,比亚迪电子,HK,33.8,33.58,34.62,33.62,12527719.0
2025-12-30,285,比亚迪电子,HK,33.62,33.62,34.44,34.14,7084291.0
2025-12-31,285,比亚迪电子,HK,34.22,33.62,34.34,33.64,3731482.0
2026-01-02,285,比亚迪电子,HK,33.62,33.62,35.42,35.28,6553314.0
2026-01-05,285,比亚迪电子,HK,35.2,34.48,35.2,34.74,9101985.0
2026-01-06,285,比亚迪电子,HK,35.0,34.58,36.38,36.08,20057748.0
2026-01-07,285,比亚迪电子,HK,36.08,35.56,36.6,36.0,13315789.0
2026-01-08,285,比亚迪电子,HK,35.92,34.88,35.92,35.2,10595025.0
2026-01-09,285,比亚迪电子,HK,35.2,34.14,35.34,34.3,18822797.0
2026-01-12,285,比亚迪电子,HK,34.58,33.72,34.64,34.52,11682346.0
2026-01-13,285,比亚迪电子,HK,35.1,34.02,35.4,34.3,10769949.0
2026-01-14,285,比亚迪电子,HK,34.58,34.06,34.86,34.4,9413745.0
2026-01-15,285,比亚迪电子,HK,34.3,33.98,35.64,35.52,12977992.0
2026-01-16,285,比亚迪电子,HK,35.98,34.92,36.26,35.06,9818635.0
2026-01-19,285,比亚迪电子,HK,34.52,34.3,34.98,34.4,7437000.0
2026-01-20,285,比亚迪电子,HK,34.4,33.34,34.68,33.48,13270389.0
2026-01-21,285,比亚迪电子,HK,33.42,32.98,34.54,34.3,8936981.0
2026-01-22,285,比亚迪电子,HK,34.52,33.5,34.72,34.3,7554126.0
2026-01-23,285,比亚迪电子,HK,34.58,34.02,34.58,34.4,6899982.0
2026-01-26,285,比亚迪电子,HK,34.38,33.52,34.4,33.78,8703237.0
2026-01-27,285,比亚迪电子,HK,33.78,33.5,34.26,34.16,6977151.0
2026-01-28,285,比亚迪电子,HK,34.16,34.16,34.84,34.68,10060986.0
2026-01-29,285,比亚迪电子,HK,34.42,34.22,34.76,34.42,8269106.0
2026-01-30,285,比亚迪电子,HK,34.08,33.24,34.66,33.4,12432272.0
2026-02-02,285,比亚迪电子,HK,33.28,31.84,33.34,32.42,16720484.0
2026-02-03,285,比亚迪电子,HK,32.68,31.82,32.8,32.68,8382163.0
2026-02-04,285,比亚迪电子,HK,32.7,32.36,33.2,32.84,7446864.0
2026-02-05,285,比亚迪电子,HK,32.74,32.36,33.58,33.52,11811316.0
2026-02-06,285,比亚迪电子,HK,33.0,32.8,34.1,33.92,12438980.0
2026-02-09,285,比亚迪电子,HK,34.4,33.74,34.52,33.76,5789649.0
2026-02-10,285,比亚迪电子,HK,33.76,33.16,34.24,33.18,7269478.0
2026-02-11,285,比亚迪电子,HK,33.18,33.1,33.84,33.38,6648930.0
2026-02-12,285,比亚迪电子,HK,33.4,32.52,33.56,32.78,9691046.0
2026-02-13,285,比亚迪电子,HK,32.5,32.14,32.96,32.78,6097037.0
2026-02-16,285,比亚迪电子,HK,32.78,31.94,32.78,32.74,2420156.0
2026-02-20,285,比亚迪电子,HK,32.68,31.94,32.74,32.38,4201128.0
2026-02-23,285,比亚迪电子,HK,32.68,32.68,33.78,33.38,6689029.0
2026-02-24,285,比亚迪电子,HK,33.02,32.48,33.18,32.86,7592537.0
2026-02-25,285,比亚迪电子,HK,33.02,32.66,33.16,32.84,6525216.0
2026-02-26,285,比亚迪电子,HK,32.84,32.24,33.06,32.3,8308555.0
2026-02-27,285,比亚迪电子,HK,32.08,31.72,32.34,32.26,8621391.0
2026-03-02,285,比亚迪电子,HK,31.8,31.1,32.02,31.56,12829840.0
2026-03-03,285,比亚迪电子,HK,31.56,29.58,32.1,29.72,18693024.0
2026-03-04,285,比亚迪电子,HK,29.3,28.42,29.7,29.14,17589223.0
2026-03-05,285,比亚迪电子,HK,29.98,29.2,30.22,29.4,7695950.0
2026-03-06,285,比亚迪电子,HK,29.3,28.9,30.38,30.02,12393868.0
2026-03-09,285,比亚迪电子,HK,28.82,28.32,30.38,30.22,10609591.0
2026-03-10,285,比亚迪电子,HK,30.68,30.5,31.12,30.9,6601940.0
2026-03-11,285,比亚迪电子,HK,30.9,30.9,32.3,31.8,9501732.0
2026-03-12,285,比亚迪电子,HK,31.5,31.28,32.68,31.76,6416480.0
2026-03-13,285,比亚迪电子,HK,31.28,30.06,31.44,30.18,15455135.0
2026-03-16,285,比亚迪电子,HK,30.2,29.9,31.22,31.1,8219666.0
2026-03-17,285,比亚迪电子,HK,31.32,31.06,32.26,31.3,9552800.0
2026-03-18,285,比亚迪电子,HK,31.5,31.18,31.86,31.32,6848543.0
2026-03-19,285,比亚迪电子,HK,31.14,30.6,31.86,31.12,8502400.0
2026-03-20,285,比亚迪电子,HK,30.52,30.52,31.88,31.02,9086105.0
2026-03-23,285,比亚迪电子,HK,30.18,29.62,31.66,30.4,15263838.0
2026-03-24,285,比亚迪电子,HK,30.62,29.86,31.12,30.98,8023012.0
2026-03-25,285,比亚迪电子,HK,31.12,31.12,32.14,32.0,9884623.0
2026-03-26,285,比亚迪电子,HK,31.98,30.6,32.28,31.0,8332919.0
2026-03-27,285,比亚迪电子,HK,30.9,30.5,31.44,30.6,9038228.0
2026-03-30,285,比亚迪电子,HK,29.38,27.7,30.64,29.12,30502372.0
2026-03-31,285,比亚迪电子,HK,28.82,27.24,28.84,27.6,30206565.0
2026-04-01,285,比亚迪电子,HK,28.3,27.54,28.56,27.64,16162288.0
2026-04-02,285,比亚迪电子,HK,27.64,26.88,27.9,27.2,10151269.0
